element_a,element_b,result,sources
"(unordered ingredient pairs), sorted by result. format: `a",b,result,little-alchemy
1up,corpse,man,clones
1up,corpse,man (zed's alchemy),clones
1up,dinosaur,yoshi,clones
1up,egg,yoshi,clones
1up,frog,kangaroo,clones
1up,man,mario,clones
1up,mario,mario,clones
acid,air,poison,clones
acid,bat,wings,clones
acid,cellulose,gunpowder,clones
acid,oil,tnt,clones
acid rain,planet,venus,little-alchemy
activated carbon,rubber,gas mask,clones
active robot,air + glass + metals,ufo,clones
active robot,alien,radioactivity,clones
active robot,alien,undefined dead lifeform,clones
active robot,cuzn battery + radioactivity,atom battery,clones
active robot,earth + metals,drilling rig,clones
active robot,ice + metals,freezer,clones
active robot,metals,container,clones
active robot,metals + plutonium,atom bomb,clones
active robot,metals + steam,steam turbine,clones
active robot,metals + water,incomplete boiler,clones
active robot,metals + water + water,electricity,clones
active robot,metals + water + water,water turbine,clones
active robot,metals + wind,electricity,clones
active robot,metals + wind,wind turbine,clones
active robot,radioactivity + znc battery,atom battery,clones
adam,eve,human,infinite-craft
adam,venus,eve,infinite-craft
adobe,art,photoshop,infinite-craft
adventures,dragon,ash,clones
adventures,dragon,ash (doodle god),clones
adventures,dragon,steak,clones
adventures,quest,experience,clones
adventures,quest,gold,clones
affliction,affliction,pestilence,clones
affliction,angel,blood angel,clones
affliction,anger,road rage,clones
affliction,apocalypse,zombie outbreak,clones
affliction,arachnid,arachne,clones
affliction,arcade,zombie outbreak,clones
affliction,bat,vampire,clones
affliction,bear,zombie bear,clones
affliction,beauty,sleeping princess,clones
affliction,bird,bird flu,clones
affliction,blob,mind slug,clones
affliction,blood,virus,clones
affliction,bone,wight,clones
affliction,camouflage,posession,clones
affliction,card,scratch lottery,clones
affliction,cat,flea,clones
affliction,celebration,party animal albert,clones
affliction,chinchilla,chinzombie,clones
affliction,cursed,pestilence,clones
affliction,darkness,inner demons,clones
affliction,death,undead,clones
affliction,demon,inner demons,clones
affliction,desert,desert pirate,clones
affliction,destruction,pestilence,clones
affliction,dog,flea,clones
affliction,dragon,plague dragon,clones
affliction,earth,stonescale,clones
affliction,elf,demonic elf,clones
affliction,energy,sugar demon,clones
affliction,extraterrestrial,space zombie,clones
affliction,fairy tale,cursed,clones
affliction,fire,sun burn,clones
affliction,fish,tongue parasite,clones
affliction,food,cursed apple,clones
affliction,galaxy wars,insidious emperor,clones
affliction,giant,zombie giant,clones
affliction,golem,stonescale,clones
affliction,halloween,sugar demon,clones
affliction,hammer,cavities,clones
affliction,healing,doctor,clones
affliction,holidays,black friday,clones
affliction,holy water,divine healer,clones
affliction,hopefulness,relentless friend,clones
affliction,horn,plague dragon,clones
affliction,horse,pestilence's horse,clones
affliction,human,inner demons,clones
affliction,hybrid,werebear,clones
affliction,ice,hypothermia,clones
affliction,immortality,dorian gray,clones
affliction,insect,black death,clones
affliction,invention,radiation sickness,clones
affliction,jungle,forbidden love,clones
affliction,knight,undead knight,clones
affliction,knowledge,inner demons,clones
affliction,leader,pestilence,clones
affliction,life,virus,clones
affliction,love,green eyed monster,clones
affliction,madness,clown toxin,clones
affliction,magic,voodoo doll,clones
affliction,martial arts,kung fu zombie,clones
affliction,medieval,black death,clones
affliction,metal,corrosive rust,clones
affliction,mind control,posession,clones
affliction,miniature,virus,clones
affliction,monkey,monkey planet,clones
affliction,monster,plague monstrosity,clones
affliction,moon,werewolf,clones
affliction,multiples,zombie outbreak,clones
affliction,music,thrilling zombie,clones
affliction,mutation,siphoning belle,clones
affliction,myth,pandora's box,clones
affliction,parasite,zombie fungus,clones
affliction,pirate,greed,clones
affliction,plant,zombie fungus,clones
affliction,pocket pet,cobramon,clones
affliction,poison,radiation sickness,clones
affliction,precious ring lore,wraith dagger,clones
affliction,prehistoric,zombiesaur,clones
affliction,psychic,posession,clones
affliction,radiation,radiation sickness,clones
affliction,rainbow,clown toxin,clones
affliction,relic,voodoo doll,clones
affliction,reptile,plague dragon,clones
affliction,robot,corrosive rust,clones
affliction,rodent,black death,clones
affliction,royal game,stonescale,clones
affliction,royalty,the deranged king,clones
affliction,sci-fi,computer bug,clones
affliction,science,computer bug,clones
affliction,shrine,sakura spirits,clones
affliction,sleep,sleeping princess,clones
affliction,snake,poison,clones
affliction,space,space zombie,clones
affliction,speed,zombie outbreak,clones
affliction,spirit,posession,clones
affliction,strength,zombie tank,clones
affliction,sun,sun burn,clones
affliction,superhero,sarcastic hero,clones
affliction,sweets,cavities,clones
affliction,sword,sarcastic hero,clones
affliction,the chosen one,chudolph the braindeer,clones
affliction,time,paradox,clones
affliction,toy,voodoo doll,clones
affliction,tree,mistletoe,clones
affliction,trident,inner demons,clones
affliction,turkey day,turkey zombie,clones
affliction,undead,zombie outbreak,clones
affliction,underwater,tongue parasite,clones
affliction,vampire,bloodlust,clones
affliction,vehicle,road rage,clones
affliction,villain,clown toxin,clones
affliction,void,plague monstrosity,clones
affliction,war,radiation sickness,clones
affliction,water,hypothermia,clones
affliction,wealth,greed,clones
affliction,weapon,clown toxin,clones
affliction,werewolf,insanity wolf,clones
affliction,wind,radiation sickness,clones
affliction,wings,bird flu,clones
affliction,wintertide,ice zombie king,clones
affliction,wizard,witch doctor,clones
affliction,wizarding school,cursed will,clones
affliction,wolf,werewolf,clones
africa,plant,cocoa,clones
agricultural land,cereals,oat,clones
agricultural land,grass,pumpkin,clones
agricultural land,shrub + tropics,tea plant,clones
agricultural land,trees + tropics,cacao tree,clones
ai,robot,cyborg,clones
air,air,pressure,little-alchemy
air,air + lightning,no2,clones
air,angel,heavens,clones
air,animal,bird,little-alchemy
air,armor,gas mask,clones
air,arthropods,beetles,clones
air,atmosphere,pressure,little-alchemy
air,bacteria,flu,clones
air,beetles,insects,clones
air,bird,plume,clones
air,boat,hovercraft,clones
air,car,airplane,clones
air,city,smog,little-alchemy
air,cloud,sky,clones;little-alchemy
air,cold,chill,little-alchemy
air,container,scuba tank,little-alchemy
air,dinosaur,dragon,clones
air,dinosaur,pterodactyl,clones;little-alchemy
air,dinosaurs,flying dinosaurs,clones
air,diver,aqualung,clones
air,earth,dust,clones;little-alchemy
air,egg,bird,clones;little-alchemy
air,electricity,ozone,clones;little-alchemy
air,electricity,radio wave,clones
air,electricity,radiowave,clones
air,energy,heat,little-alchemy
air,energy,storm,clones
air,energy,wind,little-alchemy
air,fabric,zeppelin,clones
air,fire,energy,clones;little-alchemy
air,fire,lightning,clones
air,fire,meteor,clones
air,fire,smoke,little-alchemy
air,fish,flying fish,clones;little-alchemy
air,flute,sound,clones
air,flying dinosaurs,birds,clones
air,fog,clouds,clones
air,freezer,air conditioner,clones
air,gas,nitrogen,clones
air,ghost,ghost balloon,clones
air,heat,warmth,little-alchemy
air,hydrogen,oxyhydrogen,clones
air,ice,snow,clones
air,idea,gas,little-alchemy
air,imp,storm,clones
air,inferno,sulfur,clones
air,land,dust,little-alchemy
air,lava,stone,clones;little-alchemy
air,lava,stone (doodle god),clones
air,lava,stone (zed's alchemy),clones
air,lave,stone,clones
air,lave,stone (doodle god),clones
air,life,bird,clones;little-alchemy
air,light,balloons,clones
air,lizard,bird,clones
air,lizard,dragon,little-alchemy
air,mammals,bats,clones
air,mechanism,helicopter,clones
air,metal,rust,little-alchemy
air,meteoroid,meteor,little-alchemy
air,motion,wind,little-alchemy
air,mouse,bat,little-alchemy
air,ornithopter,sailplane,clones
air,paper,kite,little-alchemy
air,pebble,sand,little-alchemy
air,planet,atmosphere,little-alchemy
air,poison,poison gas,clones
air,pressure,atmosphere,little-alchemy
air,pressure,sound,clones
air,pressure,wind,little-alchemy
air,rain,mist,little-alchemy
air,rat,dove,clones
air,rat,pigeon,clones
air,rock,sand,little-alchemy
air,salt water,fog,clones
air,salt water,salt,clones
air,salt water,salt (alchemy classic),clones
air,science,gas,little-alchemy
air,sky,atmosphere,little-alchemy
air,small,gust,little-alchemy
air,snakes,kite,clones
air,soil,dust,little-alchemy
air,spell,illusion,clones
air,squirrel,flying squirrel,little-alchemy
air,steam,cloud,clones;little-alchemy
air,steam,mist,little-alchemy
air,steel,rust,little-alchemy
air,stone,sand,clones;little-alchemy
air,sugar,cotton candy,little-alchemy
air,sugar water,fog,clones
air,sugar water,sugar,clones
air,sun,light,clones
air,surveillance,radar,clones
air,thunderstorm,ozone,clones
air,vampire,bat,clones
air,water,cloud,clones
air,water,mist,little-alchemy
air,water,rain,little-alchemy
air,water,steam,clones
air,waterbirds,seagulls,clones
air,wave,sound,little-alchemy
air,wine,vinegar,little-alchemy
air,wood,flute,little-alchemy
air,worm,butterfly,clones
air,www,wi-fi,clones
airplane,alien,ufo,clones;little-alchemy
airplane,animal,bird,little-alchemy
airplane,astronaut,spaceship,little-alchemy
airplane,atmosphere,rocket,little-alchemy
airplane,balloons,balloon,clones
airplane,barn,hangar,little-alchemy
airplane,blade,helicopter,little-alchemy
airplane,bomb,bomber,clones
airplane,building,plane hangar,clones
airplane,container,hangar,little-alchemy
airplane,contrast,helicopter,clones
airplane,dinosaur,pterodactyl,little-alchemy
airplane,earth,black box,clones
airplane,egg,bird,little-alchemy
airplane,fabric,parachute,little-alchemy
airplane,gun,fighter,clones
airplane,house,airport,clones
airplane,house,hangar,little-alchemy
airplane,human,pilot,little-alchemy
airplane,jet engine,jet airplane,clones
airplane,lake,seaplane,little-alchemy
airplane,lizard,dragon,little-alchemy
airplane,man,tourist,clones
airplane,metal,aluminium,clones
airplane,moon,shuttle,clones
airplane,ocean,seaplane,little-alchemy
airplane,paper,paper airplane,little-alchemy
airplane,radio,radar,clones
airplane,radiowave,radar,clones
airplane,robot,drone,little-alchemy
airplane,sea,seaplane,little-alchemy
airplane,skis,hydroplane,clones
airplane,snake,censored,clones
airplane,space,rocket,little-alchemy
airplane,space,spaceship,little-alchemy
airplane,squirrel,flying squirrel,little-alchemy
airplane,sun,sputnik,clones
airplane,umbrella,parachute,little-alchemy
airplane,void,rocket,clones
airplane,wall,hangar,little-alchemy
airplane,water,seaplane,little-alchemy
airplane,wind turbine,helicopter,little-alchemy
airplane,windmill,helicopter,little-alchemy
aladdin,princess,jasmin,clones
alarm clock,beach,sandglass,clones
alarm clock,bird,cuckoo,little-alchemy
alarm clock,egg,egg timer,little-alchemy
alarm clock,hummingbird,cuckoo,little-alchemy
alarm clock,owl,cuckoo,little-alchemy
alarm clock,sun,morning,clones
albatross,heron,stork,clones
alchemist,alchemist,idea,little-alchemy
alchemist,metal,gold,little-alchemy
alchemist,small,little alchemy,little-alchemy
alchemist,steel,gold,little-alchemy
alcohol,alcohol,beer,infinite-craft
alcohol,amphibians,drunken animal,clones
alcohol,bacteria,alcohol,clones
alcohol,bacteria,mutating bacteria,clones
alcohol,birds,drunken animal,clones
alcohol,bread,beer,clones
alcohol,building,bar,clones
alcohol,cactus,tequila,clones
alcohol,chickens,drunken animal,clones
alcohol,container,bottle,little-alchemy
alcohol,contrast,sport,clones
alcohol,dinosaurs,drunken animal,clones
alcohol,domestic animals,drunken animal,clones
alcohol,energy,sugar,little-alchemy
alcohol,fire,energy,clones
alcohol,fire,fire,clones;little-alchemy
alcohol,fire,fire (alchemy classic),clones
alcohol,fire,molotov cocktail,clones
alcohol,fire,sugar,little-alchemy
alcohol,fire,water,clones
alcohol,fish,drunken animal,clones
alcohol,flower,perfume,clones;little-alchemy
alcohol,flying dinosaurs,drunken animal,clones
alcohol,flying fish,drunken animal,clones
alcohol,fruit,wine,clones;infinite-craft;little-alchemy
alcohol,glass,bottle,clones
alcohol,grape,wine,clones
alcohol,grass,absinthe,clones
alcohol,grass,resinthe,clones
alcohol,human,alcoholic,clones
alcohol,human,drunk,little-alchemy
alcohol,juice,wine,little-alchemy
alcohol,mammals,drunken animal,clones
alcohol,man,alcoholic,clones
alcohol,music,rock-n-roll,clones
alcohol,oxygen,vinegar,clones
alcohol,oxygen,water,clones
alcohol,peat,scotch whisky,clones
alcohol,pineapple,pina colada,clones;infinite-craft
alcohol,pirate,rum,clones
alcohol,plant,beer,clones
alcohol,plant,wine,infinite-craft
alcohol,plesiosaurs,drunken animal,clones
alcohol,potato,vodka,infinite-craft
alcohol,reptiles,drunken animal,clones
alcohol,rodent,drunken animal,clones
alcohol,rose,perfume,little-alchemy
alcohol,smoke,scotch whisky,clones
alcohol,star,ufo,clones
alcohol,sunflower,perfume,little-alchemy
alcohol,water,vodka,clones
alcohol,wheat,beer,clones;little-alchemy
alcohol,wheat,whiskey,clones
alcohol,worm,tequila,clones
alcohol/vodka,order,abstention,clones
alcoholic,car,alcoholic,clones
alcoholic,car,blood,clones
alcoholic,car,corpse,clones
alcoholic,car,metal,clones
alcoholic,car,metal (zed's alchemy),clones
alcoholic,cigarettes,cancer,clones
alcoholic,house,tavern,clones
alcoholic,hut,tavern,clones
alcoholic,money,hangover,clones
alcoholic,philosophers stone,human,clones
alcoholic,philosophers stone,human (doodle god),clones
alcoholic,ship,pirate,clones
alcoholic,tobacco,cancer,clones
algae,boulder,moss,little-alchemy
algae,carbon dioxide,oxygen,little-alchemy
algae,earth,moss,clones
algae,earth,mushroom,clones
algae,earth,plant,little-alchemy
algae,fire,iodine,clones
algae,fish,sushi,clones
algae,lake,swamp,little-alchemy
algae,land,plant,little-alchemy
algae,mushroom,lichen,clones
algae,plankton,fish,clones
algae,plankton,fish (alchemy classic),clones
algae,pond,swamp,little-alchemy
algae,rock,moss,little-alchemy
algae,stone,moss,little-alchemy
algae,sun,oxygen,little-alchemy
algae,swamp,fungi,clones
algae,swamp,moss,clones
alien,astronaut,alien,clones
alien,celebrity,e.t,infinite-craft
alien,container,ufo,little-alchemy
alien,cuzn battery + metals,alien,clones
alien,cuzn battery + metals,robot,clones
alien,doctor,dr. zoidberg,clones
alien,flying saucer,ufo,infinite-craft
alien,freezer,frozen alien,clones
alien,robot,active robot,clones
alien,rocket,ufo,clones;little-alchemy
alien,sky,ufo,little-alchemy
alien,space station,ufo,little-alchemy
alien,spaceship,ufo,little-alchemy
alien,statue,easter island,infinite-craft
alien,viruses,extremely infectious alien,clones
alien,weapon,death ray gun,clones
all-terrain vehicle,wood,wood transporter,clones
alphabet,computer,keyboard,clones
alphabet,egypt,hieroglyph,clones
alphabet,paint,stamp,clones
alphabet,sound,morse code,clones
aluminium,glass,mirror,clones
aluminium,liquid oxygen,dewar flask,clones
aluminium,oxygen,ruby,clones
aluminium,philosopher's stone,gold,clones
amalgam,glass,mirror,clones
amazon,forest,jungle,infinite-craft
amazon,internet,kindle,infinite-craft
amber,fossil,dinosaur,infinite-craft
amber,stonehenge,druid,infinite-craft
ambulance,barn,garage,little-alchemy
ambulance,blade,scalpel,little-alchemy
ambulance,container,garage,little-alchemy
ambulance,house,garage,little-alchemy
ambulance,house,hospital,little-alchemy
ambulance,sword,scalpel,little-alchemy
ambulance,wall,garage,little-alchemy
ambulance,wall,hospital,little-alchemy
america,drunk,trump,infinite-craft
america,goku,superman,infinite-craft
america,japan,anime,infinite-craft
american princess,heartbreak,taylor swift,infinite-craft
amino acids,swamp,bacteria,clones
ammonites,earth,limestone,clones
amphibians,earth,salamanders,clones
amphibians,glass,terrarium (amphibians),clones
amphibians,mutating bacteria,alien,clones
amphibians,sand,reptiles,clones
amphibians,swamp,frogs,clones
amphibians,viruses,infected animal,clones
anchor,yacht,monaco,clones
anchovy,anchovy,herring,clones
anchovy,mosquito,leech,clones
anchovy,shrimp,flounder,clones
anchovy,snail,mussel,clones
anchovy,snail,shrimp,clones
ancient footwear,bones,ancient skates,clones
ancient footwear,mammals,cloven-hoofed animals,clones
ancient footwear,palms,palm leaves sandals,clones
ancient footwear,snow,skis,clones
android,computer,cyborg,infinite-craft
angel,angel,seraphim,clones
angel,anger,angel of wrath,clones
angel,apocalypse,angel of wrath,clones
angel,arachnid,arachnid dudette,clones
angel,arcade,angel kid,clones
angel,bacteria,beetle,clones
angel,bear,spirit bear,clones
angel,beast,domestic animal,clones
angel,beast,domestic animal (doodle god),clones
angel,beast,wool,clones
angel,beauty,seraphim,clones
angel,bird,doves,clones
angel,blob,puff hero,clones
angel,blood,blood angel,clones
angel,bow,love bow!!,clones
angel,camouflage,crying angel,clones
angel,card,trading card,clones
angel,cartoon,angel kid,clones
angel,cat,griffin,clones
angel,celebration,angel food cake,clones
angel,clay or golem,human,clones
angel,clay or golem,human (doodle god),clones
angel,cloud,paradise,clones
angel,cursed,blood angel,clones
angel,darkness,mothman,clones
angel,death,dark angel,clones
angel,demon,dark angel,clones
angel,destruction,soul harvester,clones
angel,dinosaur,beast,clones
angel,dinosaur,beast (doodle god),clones
angel,dog,heavenly dog,clones
angel,domestic animal,milk and wool,clones
angel,dragon,devil,clones
angel,dragon,dinosaur,clones
angel,earth,clay,clones
angel,earth,clay (doodle god),clones
angel,earth,elf,clones
angel,egg,bird,clones
angel,energy,crying angel,clones
angel,energy,electricity,clones
angel,extraterrestrial,crying angel,clones
angel,fairy,fairy godmother,clones
angel,fairy tale,fairy godmother,clones
angel,fire,demon,clones
angel,fire,sun,clones
angel,fish,holy mackerel,clones
angel,food,angel food cake,clones
angel,galaxy wars,space ghosts,clones
angel,god,jesus,infinite-craft
angel,grass,flower and tree,clones
angel,halloween,scarecrow,clones
angel,hammer,paladin,clones
angel,healing,divine healer,clones
angel,holidays,snow angel,clones
angel,hopefulness,train doggo,clones
angel,horn,gabriel's horn,clones
angel,horse,pegasus,clones
angel,human,guardian angel,clones
angel,human,prayer,clones
angel,hybrid,nephilim,clones
angel,ice,snow angel,clones
angel,insect,praying mantis,clones
angel,invention,angel food cake,clones
angel,jungle,dryad,clones
angel,knight,arch angel,clones
angel,knowledge,angel of wisdom,clones
angel,lava,stone,clones
angel,lava,stone (doodle god),clones
angel,leader,angel of valor,clones
angel,life,guardian angel,clones
angel,light,halo,clones
angel,love,cupid,clones
angel,martial arts,angel kid,clones
angel,medieval,seraphim,clones
angel,metal,tools,clones
angel,metal,tools (doodle god),clones
angel,mind control,angelic mutant,clones
angel,miniature,conscience,clones
angel,monkey,flying monkey,clones
angel,monster,crying angel,clones
angel,moon,moon goddess,clones
angel,multiples,seraphim,clones
angel,music,angel trumpeter,clones
angel,music,harp,infinite-craft;little-alchemy
angel,musician,harp,little-alchemy
angel,mutation,angelic mutant,clones
angel,myth,cupid,clones
angel,parasite,crying angel,clones
angel,pirate,feisty figurehead,clones
angel,pocket pet,luckymon,clones
angel,precious ring lore,arch mage,clones
angel,prehistoric,ancient ark,clones
angel,psychic,angel of wrath,clones
angel,radiation,energy,clones
angel,relic,ancient ark,clones
angel,reptile,devil,clones
angel,rodent,fairy godmouse,clones
angel,sand,beach,clones
angel,sci-fi,crying angel,clones
angel,shrine,majestic miko,clones
angel,sidekick,guardian angel,clones
angel,snake,devil,clones
angel,space,heavens,clones
angel,speed,crying angel,clones
angel,spirit,heavens,clones
angel,stone,egg,clones
angel,stone,egg (doodle god),clones
angel,strength,valkyrie,clones
angel,sulfur,sand,clones
angel,sun,light,clones
angel,superhero,arch angel,clones
angel,swamp,grass,clones
angel,sweets,angel food cake,clones
angel,sword,arch angel,clones
angel,time,dark angel,clones
angel,toy,doll,clones
angel,tree,forest,clones
angel,tree,stick,clones
angel,trident,poseidon,clones
angel,turkey day,turkey,clones
angel,turtle,flying trooper,clones
angel,underground,devil,clones
angel,underwater,angelfish,clones
angel,villain,devil,clones
angel,void,dark angel,clones
angel,war,valkyrie,clones
angel,water,sea,clones
angel,water,snow angel,clones
angel,wealth,angel of valor,clones
angel,weapon,valkyrie,clones
angel,wings,seraphim,clones
angel,wintertide,festive coral,clones
angel,wire,harp,little-alchemy
angel,wool,clothing,clones
angel,wool,clothing (doodle god),clones
angel,wool,rope,clones
angel,wool,rope (doodle god),clones
anger,apocalypse,family reunion,clones
anger,arachnid,scorpion lord,clones
anger,arcade,raging gamer,clones
anger,ash,war god,clones
anger,bat,furies,clones
anger,bear,mama bear,clones
anger,beauty,angry bride,clones
anger,bird,raging bird,clones
anger,blob,negative slime,clones
anger,blood,bloodlust,clones
anger,bone,gashadokuro,clones
anger,camouflage,shifting mutant,clones
anger,card,queen of hearts,clones
anger,cartoon,disgruntled beavers,clones
anger,cat,cat and mouse,clones
anger,celebration,raging gamer,clones
anger,chinchilla,disgruntled beavers,clones
anger,cursed,the cursed chosen,clones
anger,darkness,puzzle cube head,clones
anger,death,furies,clones
anger,demon,demonic elf,clones
anger,desert,sekhmet,clones
anger,destruction,raging bird,clones
anger,dog,werewolf,clones
anger,dragon,malevolent,clones
anger,earth,earthquake,clones
anger,elf,demonic elf,clones
anger,energy,insidious emperor,clones
anger,extraterrestrial,cyborg alien mutant,clones
anger,fairy,malevolent,clones
anger,fairy tale,queen of hearts,clones
anger,fire,fire lord,clones
anger,fish,naga queen,clones
anger,food,hangry,clones
anger,galaxy wars,insidious emperor,clones
anger,giant,gashadokuro,clones
anger,golem,grouchy monster,clones
anger,hammer,wmd,clones
anger,healing,dark sage master,clones
anger,holidays,pinch,clones
anger,holy water,armageddon,clones
anger,hopefulness,masked liberator,clones
anger,horn,malevolent,clones
anger,horse,apocalypse rider,clones
anger,human,angry mob,clones
anger,hybrid,cyborg alien mutant,clones
anger,ice,cold hearted,clones
anger,immortality,sekhmet,clones
anger,insect,wasp,clones
anger,invention,alphatron,clones
anger,jungle,mama bear,clones
anger,knight,berserker,clones
anger,knowledge,insidious emperor,clones
anger,leader,insidious emperor,clones
anger,life,cold hearted,clones
anger,love,green eyed monster,clones
anger,madness,queen of hearts,clones
anger,magic,malevolent,clones
anger,martial arts,demonic fighter,clones
anger,medieval,angry mob,clones
anger,metal,alphatron,clones
anger,mind control,dark space lord,clones
anger,miniature,protozoan villain,clones
anger,monkey,monkey planet,clones
anger,monster,grouchy monster,clones
anger,moon,blood moon,clones
anger,multiples,furies,clones
anger,music,death metal,clones
anger,mutation,cyborg alien mutant,clones
anger,myth,furies,clones
anger,parasite,negative slime,clones
anger,pirate,barrage,clones
anger,plant,killer vegetables,clones
anger,pocket pet,psychic clone,clones
anger,poison,wasp,clones
anger,precious ring lore,fiery shadow demon,clones
anger,prehistoric,primeval turtle,clones
anger,psychic,dark space lord,clones
anger,radiation,mutant man,clones
anger,relic,angel of wrath,clones
anger,reptile,turtle king,clones
anger,robot,alphatron,clones
anger,rodent,disgruntled beavers,clones
anger,royal game,lady revenant,clones
anger,royalty,queen of hearts,clones
anger,sci-fi,dark space lord,clones
anger,science,alphatron,clones
anger,sidekick,dark space lord,clones
anger,snake,furies,clones
anger,space,dark space lord,clones
anger,speed,road rage,clones
anger,spirit,negative slime,clones
anger,strength,berserker,clones
anger,sun,talos,clones
anger,superhero,mutant man,clones
anger,sweets,sugar demon,clones
anger,sword,angry bride,clones
anger,the chosen one,swarm queen,clones
anger,toy,raging gamer,clones
anger,tree,disgruntled beavers,clones
anger,trident,angry mob,clones
anger,turkey day,hangry,clones
anger,turtle,turtle king,clones
anger,undead,vengeful spirit,clones
anger,underground,furies,clones
anger,underwater,davy jones,clones
anger,vampire,dracula,clones
anger,vehicle,road rage,clones
anger,villain,dark space lord,clones
anger,void,demonic elf,clones
anger,war,war god,clones
anger,water,maelstrom,clones
anger,water serpent,naga queen,clones
anger,weapon,demonic elf,clones
anger,werewolf,bloodlust,clones
anger,wind,cyclone,clones
anger,wings,angel of wrath,clones
anger,wintertide,holiday blockbuster,clones
anger,wizard,insidious emperor,clones
anger,wizarding school,austrian spiketrail,clones
anger,wolf,werewolf,clones
angler,angler,idea,little-alchemy
angler,rope,net,little-alchemy
animal,antarctica,penguin,little-alchemy
animal,arctic,polar bear,little-alchemy
animal,armor,armadillo,little-alchemy
animal,axe,meat,little-alchemy
animal,banana,man,clones
animal,banana,man (alchemy 1000),clones
animal,barn,livestock,little-alchemy
animal,beach,turtle,little-alchemy
animal,bird,dragon,clones
animal,blot,pig,clones
animal,blot,pig (alchemy 1000),clones
animal,brush,squirrel,clones
animal,butcher,meat,little-alchemy
animal,cage,zoo,little-alchemy
animal,carrot,rabbit,little-alchemy
animal,cart,horse,clones
animal,cat,lion,little-alchemy
animal,cheese,mouse,little-alchemy
animal,chicken,fox,little-alchemy
animal,chicken coop,fox,little-alchemy
animal,christmas stocking,reindeer,little-alchemy
animal,christmas tree,reindeer,little-alchemy
animal,cloud,giraffe,clones
animal,coconut milk,cat,little-alchemy
animal,computer,computer mouse,little-alchemy
animal,container,zoo,little-alchemy
animal,dam,beaver,little-alchemy
animal,desert,camel,little-alchemy
animal,desert,jerboa,clones
animal,dog,wolf,little-alchemy
animal,domestication,livestock,little-alchemy
animal,double rainbow!,butterfly,little-alchemy
animal,dune,camel,little-alchemy
animal,dune,scorpion,little-alchemy
animal,eye,cyclops,clones
animal,farmer,domestication,little-alchemy
animal,farmer,livestock,little-alchemy
animal,fence,dog,clones
animal,fence,dog (alchemy 1000),clones
animal,field,horse,little-alchemy
animal,field,livestock,little-alchemy
animal,fire,cooked,infinite-craft
animal,fire + human or fire,sacrifice,clones
animal,fish,dolphin,clones
animal,flower,bee,little-alchemy
animal,flower,butterfly,little-alchemy
animal,forest,wolf,infinite-craft
animal,garden,bee,little-alchemy
animal,garden,butterfly,little-alchemy
animal,grass,ant,little-alchemy
animal,heat,lizard,little-alchemy
animal,honey,bear,clones
animal,horseshoe,horse,little-alchemy
animal,human,domestication,little-alchemy
animal,ice,deer,clones
animal,ice,polar bear,little-alchemy
animal,jump,kangaroo,clones
animal,king,lion,clones
animal,knife,skin,clones
animal,lake,fish,little-alchemy
animal,land,horse,little-alchemy
animal,man,cow,clones
animal,maze,minotaur,clones
animal,medicine,snake,clones
animal,milk,cat,little-alchemy
animal,moon,wolf,little-alchemy
animal,morning,sloth,clones
animal,mountain,goat,clones
animal,mountain,goat (alchemy 1000),clones
animal,mud,pig,little-alchemy
animal,needle,hedgehog,clones;little-alchemy
animal,net,spider,little-alchemy
animal,night,cat,little-alchemy
animal,nuts,squirrel,little-alchemy
animal,ocean,fish,little-alchemy
animal,oxygen,carbon dioxide,little-alchemy
animal,paint,zebra,clones
animal,panzer,behemoth,clones
animal,paper,origami,little-alchemy
animal,pig,wild boar,little-alchemy
animal,pirate ship,rat,little-alchemy
animal,pond,frog,little-alchemy
animal,pressure,elephant,clones
animal,puddle,frog,little-alchemy
animal,rainbow,butterfly,little-alchemy
animal,river,beaver,clones;little-alchemy
animal,rock,lizard,little-alchemy
animal,rope,snake,little-alchemy
animal,saddle,horse,little-alchemy
animal,sailboat,rat,little-alchemy
animal,sand,scorpion,little-alchemy
animal,santa,reindeer,little-alchemy
animal,science,domestication,little-alchemy
animal,sea,fish,little-alchemy
animal,sea,whale,clones
animal,sky,bird,little-alchemy
animal,snow,hare,clones
animal,stone,lizard,little-alchemy
animal,stream,beaver,little-alchemy
animal,swamp,lizard,little-alchemy
animal,sword,meat,little-alchemy
animal,tent,circus,little-alchemy
animal,thorn,porcupine,clones
animal,thread,spider,little-alchemy
animal,time,human,little-alchemy
animal,time,scarecrow,clones
animal,time,sloth,little-alchemy
animal,tool,human,little-alchemy
animal,tool,meat,little-alchemy
animal,tree,monkey,little-alchemy
animal,tree,panda,clones
animal,water,fish,little-alchemy
animal,wave,sound,little-alchemy
animal,web,spider,little-alchemy
animal,wire,snake,little-alchemy
animal,wood,beaver,little-alchemy
animal fossil,glass,exhibit,clones
animal fossil,tools,bones,clones
animal fossil,tools,bones (alchemy classic),clones
animal fossil,tools,canines,clones
animal fossil,wine,horn,clones
anime,family,simpson,infinite-craft
anime,fight,dragon ball z,infinite-craft
anime,ninja,naruto,infinite-craft
anime,pokemon,pikachu,infinite-craft
ant,ant,egg,little-alchemy
ant,chick,mosquito,clones
ant,cockroach,spider,clones
ant,container,anthill,little-alchemy
ant,earth,anthill,little-alchemy
ant,farm,ant farm,little-alchemy
ant,glass,ant farm,little-alchemy
ant,hill,anthill,little-alchemy
ant,house,anthill,little-alchemy
ant,jar,ant farm,little-alchemy
ant,land,anthill,little-alchemy
ant,mouse,cockroach,clones
ant,mouse,mole,clones
ant,philosophy,small,little-alchemy
ant,rat,scorpion,clones
ant,soil,anthill,little-alchemy
antarctica,atmosphere,aurora,little-alchemy
antarctica,bird,penguin,little-alchemy
antarctica,cart,sleigh,little-alchemy
antarctica,dog,husky,little-alchemy
antarctica,electricity,aurora,little-alchemy
antarctica,island,penguin,infinite-craft
antarctica,legend,yeti,little-alchemy
antarctica,ocean,iceberg,little-alchemy
antarctica,sea,iceberg,little-alchemy
antarctica,sky,aurora,little-alchemy
antarctica,story,yeti,little-alchemy
antarctica,sun,aurora,little-alchemy
antarctica,wagon,sleigh,little-alchemy
antenna dish,cinema,tv,clones
antenna dish,sound,radio,clones
anthill,farm,ant farm,little-alchemy
anthill,jar,ant farm,little-alchemy
ants,wood,termites,clones
anvil,incomplete building + stove,forge,clones
anvil,incomplete building + stove,forge (alchemy classic),clones
ape,ape,gorilla,infinite-craft
apocalypse,arachnid,multiversal web,clones
apocalypse,arcade,alien intruders,clones
apocalypse,ash,armageddon,clones
apocalypse,bat,vampire boogie man,clones
apocalypse,bear,adventure kid,clones
apocalypse,bird,boneyard,clones
apocalypse,blob,sewer mutants,clones
apocalypse,blood,blood angel,clones
apocalypse,bone,boneyard,clones
apocalypse,camouflage,death ray,clones
apocalypse,cartoon,polaris knuckles,clones
apocalypse,celebration,bomb shelter,clones
apocalypse,chinchilla,chinchilla raider,clones
apocalypse,cursed,pandora's box,clones
apocalypse,darkness,fungi king,clones
apocalypse,death,black death,clones
apocalypse,demon,commander of sin,clones
apocalypse,desert,desert pirate,clones
apocalypse,destruction,titan of destruction,clones
apocalypse,dog,vampire boogie man,clones
apocalypse,dragon,plague dragon,clones
apocalypse,earth,world eater,clones
apocalypse,energy,human battery,clones
apocalypse,extraterrestrial,alien sorceress,clones
apocalypse,fairy tale,wind princess,clones
apocalypse,fire,armageddon,clones
apocalypse,fish,mutated fish,clones
apocalypse,food,world eater,clones
apocalypse,galaxy wars,death ray,clones
apocalypse,giant,smog horror,clones
apocalypse,golem,crying angel,clones
apocalypse,halloween,zombie outbreak,clones
apocalypse,hammer,wmd,clones
apocalypse,holidays,family reunion,clones
apocalypse,holy water,apocalypse doctrine,clones
apocalypse,hopefulness,masked liberator,clones
apocalypse,horn,horn of winter,clones
apocalypse,horse,apocalypse rider,clones
apocalypse,human,apocalypse doctrine,clones
apocalypse,hybrid,cybernetic humans,clones
apocalypse,ice,ice age,clones
apocalypse,immortality,decimation,clones
apocalypse,insect,wind princess,clones
apocalypse,invention,gray goo,clones
apocalypse,jungle,ape lost city,clones
apocalypse,knight,gas mask soldier,clones
apocalypse,knowledge,apocalypse doctrine,clones
apocalypse,leader,battle prodigy,clones
apocalypse,life,cryosleep,clones
apocalypse,love,family reunion,clones
apocalypse,madness,family reunion,clones
apocalypse,magic,pandora's box,clones
apocalypse,martial arts,polaris knuckles,clones
apocalypse,medieval,black death,clones
apocalypse,metal,alphatron,clones
apocalypse,mind control,titan of death,clones
apocalypse,miniature,gray goo,clones
apocalypse,monkey,monkey planet,clones
apocalypse,monster,vampire boogie man,clones
apocalypse,moon,doomsday omen,clones
apocalypse,multiples,zombie outbreak,clones
apocalypse,music,horn of winter,clones
apocalypse,mutation,decimation,clones
apocalypse,myth,pandora's box,clones
apocalypse,parasite,parasitic bioweapon,clones
apocalypse,pirate,off the map,clones
apocalypse,plant,wind princess,clones
apocalypse,poison,poison cloud,clones
apocalypse,precious ring lore,ring lord,clones
apocalypse,prehistoric,meteor,clones
apocalypse,radiation,bomb shelter,clones
apocalypse,relic,horn of winter,clones
apocalypse,reptile,doomsday omen,clones
apocalypse,robot,gray goo,clones
apocalypse,rodent,chinchilla raider,clones
apocalypse,royal game,horn of winter,clones
apocalypse,royalty,swarm queen,clones
apocalypse,sci-fi,battle prodigy,clones
apocalypse,science,gray goo,clones
apocalypse,shrine,doom temple,clones
apocalypse,sleep,cthulhu,clones
apocalypse,snake,doomsday omen,clones
apocalypse,space,meteor,clones
apocalypse,speed,desert pirate,clones
apocalypse,spirit,pandora's box,clones
apocalypse,strength,bahamut,clones
apocalypse,sun,polaris knuckles,clones
apocalypse,superhero,zombie hunter,clones
apocalypse,sweets,candy nation,clones
apocalypse,sword,apocalypse doctrine,clones
apocalypse,the chosen one,polaris knuckles,clones
apocalypse,time,d-3000,clones
apocalypse,tree,wind princess,clones
apocalypse,trident,alien prophet,clones
apocalypse,turkey day,family reunion,clones
apocalypse,turtle,doomsday omen,clones
apocalypse,undead,zombie outbreak,clones
apocalypse,underground,bomb shelter,clones
apocalypse,underwater,the mariner,clones
apocalypse,vampire,vampire boogie man,clones
apocalypse,vehicle,desert pirate,clones
apocalypse,villain,vampire boogie man,clones
apocalypse,void,world eater,clones
apocalypse,war,apocalypse doctrine,clones
apocalypse,water,the mariner,clones
apocalypse,water serpent,doomsday omen,clones
apocalypse,weapon,wmd,clones
apocalypse,werewolf,the lone wolf,clones
apocalypse,wind,wind princess,clones
apocalypse,wings,colossal demon,clones
apocalypse,wintertide,ice age,clones
apocalypse,wizard,alien sorceress,clones
apocalypse,wolf,the lone wolf,clones
apple,cell phone,gold,clones
apple,cellphone,gold,clones
apple,cellphone,religion,clones
apple,dough,pie,clones
apple,earth,seeds,clones
apple,earth,seeds (doodle devil),clones
apple,fashion,iphone,clones
apple,genius,newton,clones
apple,human,knowledge,clones
apple,human,sin,clones
apple,radiation,pumpkin,clones
apple,tablet,ipad,clones
apple,water,cider,infinite-craft
aquarium,big,swimming pool,little-alchemy
aquarium,grass,greenhouse,little-alchemy
aquarium,plant,greenhouse,little-alchemy
aquarium,tree,greenhouse,little-alchemy
arable,grass,wheat,clones
arable,grass,wheat (doodle god),clones
arable,grass,wheat (zed's alchemy),clones
arable,lawn mower,tractor,clones
arable,man,farmer,clones
arable,man,farmer (zed's alchemy),clones
arable,reed,sugar,clones
arable,seed,wheat,clones
arable,seed,wheat (zed's alchemy),clones
arable,seeds,wheat,clones
arable,seeds,wheat (doodle god),clones
arable,ufo,crop circles,clones
arachnid,arcade,spider mine,clones
arachnid,ash,horseshoe fossil,clones
arachnid,bat,spooky decorations,clones
arachnid,beauty,arachnid dudette,clones
arachnid,bird,puffin' leopold,clones
arachnid,blob,evil symbiote,clones
arachnid,blood,spooky decorations,clones
arachnid,bone,spooky decorations,clones
arachnid,camouflage,arachnid kid,clones
arachnid,cartoon,muffet missy,clones
arachnid,celebration,puffin' leopold,clones
arachnid,cursed,skittering forest,clones
arachnid,darkness,skittering forest,clones
arachnid,death,horseshoe fossil,clones
arachnid,demon,arachne,clones
arachnid,desert,trickster anansi,clones
arachnid,destruction,am5 spyder,clones
arachnid,dog,wolf spider monkey,clones
arachnid,dragon,trickster anansi,clones
arachnid,earth,rune scorpion,clones
arachnid,elf,muffet missy,clones
arachnid,energy,arachnid kid,clones
arachnid,extraterrestrial,burrowling,clones
arachnid,fairy,muffet missy,clones
arachnid,fairy tale,muffet missy,clones
arachnid,fire,steamtank spider,clones
arachnid,fish,horseshoe fossil,clones
arachnid,food,muffet missy,clones
arachnid,galaxy wars,droid commander,clones
arachnid,giant,steamtank spider,clones
arachnid,golem,steamtank spider,clones
arachnid,halloween,spooky decorations,clones
arachnid,hammer,scorpion lord,clones
arachnid,healing,rune scorpion,clones
arachnid,holidays,tinselwebs,clones
arachnid,holy water,trickster anansi,clones
arachnid,hopefulness,arachnid dudette,clones
arachnid,horn,am5 spyder,clones
arachnid,horse,am5 spyder,clones
arachnid,human,arachnid dude,clones
arachnid,hybrid,wolf spider monkey,clones
arachnid,ice,tinselwebs,clones
arachnid,immortality,trickster anansi,clones
arachnid,insect,paradox,clones
arachnid,invention,steamtank spider,clones
arachnid,jungle,skittering forest,clones
arachnid,knight,scorpion lord,clones
arachnid,knowledge,trickster anansi,clones
arachnid,leader,whispering spymaster,clones
arachnid,life,rune scorpion,clones
arachnid,love,arachnid dudette,clones
arachnid,madness,trickster anansi,clones
arachnid,magic,rune scorpion,clones
arachnid,martial arts,arachnid dudette,clones
arachnid,medieval,whispering spymaster,clones
arachnid,metal,steamtank spider,clones
arachnid,mind control,whispering spymaster,clones
arachnid,miniature,spider mite,clones
arachnid,monkey,wolf spider monkey,clones
arachnid,monster,wolf spider monkey,clones
arachnid,moon,trickster anansi,clones
arachnid,multiples,multiversal web,clones
arachnid,music,arachnid kid,clones
arachnid,mutation,wolf spider monkey,clones
arachnid,myth,trickster anansi,clones
arachnid,parasite,evil symbiote,clones
arachnid,pirate,cyber corsair,clones
arachnid,plant,rune scorpion,clones
arachnid,pocket pet,muffet missy,clones
arachnid,poison,black widow,clones
arachnid,precious ring lore,skittering forest,clones
arachnid,prehistoric,horseshoe fossil,clones
arachnid,psychic,whispering spymaster,clones
arachnid,radiation,arachnid kid,clones
arachnid,rainbow,multiversal web,clones
arachnid,relic,horseshoe fossil,clones
arachnid,reptile,muffet missy,clones
arachnid,robot,steamtank spider,clones
arachnid,royal game,whispering spymaster,clones
arachnid,royalty,whispering spymaster,clones
arachnid,sci-fi,steamtank spider,clones
arachnid,science,steamtank spider,clones
arachnid,shrine,three fates,clones
arachnid,sidekick,arachnid dudette,clones
arachnid,space,multiversal web,clones
arachnid,speed,am5 spyder,clones
arachnid,spirit,horseshoe fossil,clones
arachnid,strength,arachnid kid,clones
arachnid,sun,trickster anansi,clones
arachnid,superhero,arachnid kid,clones
arachnid,sweets,muffet missy,clones
arachnid,sword,scorpion lord,clones
arachnid,the chosen one,arachnid kid,clones
arachnid,time,multiversal web,clones
arachnid,toy,spooky decorations,clones
arachnid,tree,skittering forest,clones
arachnid,trident,hero league,clones
arachnid,turtle,muffet missy,clones
arachnid,undead,spooky decorations,clones
arachnid,underground,horseshoe fossil,clones
arachnid,underwater,horseshoe fossil,clones
arachnid,vampire,spooky decorations,clones
arachnid,vehicle,am5 spyder,clones
arachnid,villain,steamtank spider,clones
arachnid,void,multiversal web,clones
arachnid,war,whispering spymaster,clones
arachnid,water,horseshoe fossil,clones
arachnid,wealth,am5 spyder,clones
arachnid,weapon,am5 spyder,clones
arachnid,werewolf,wolf spider monkey,clones
arachnid,wind,puffin' leopold,clones
arachnid,wings,puffin' leopold,clones
arachnid,wintertide,tinselwebs,clones
arachnid,wizard,rune scorpion,clones
arachnid,wizarding school,skittering forest,clones
arachnid,wolf,wolf spider monkey,clones
arcade,ash,war god,clones
arcade,bat,demon queen,clones
arcade,beauty,crypt explorer,clones
arcade,bird,raging bird,clones
arcade,blob,puff hero,clones
arcade,blood,demon queen,clones
arcade,bone,parched skeleton,clones
arcade,camouflage,box special forces,clones
arcade,card,memory card,clones
arcade,cartoon,jumping hero,clones
arcade,cat,meowmon,clones
arcade,celebration,rampant lucy,clones
arcade,chinchilla,pikamon,clones
arcade,cursed,ninja sorcerer,clones
arcade,darkness,puzzle cube head,clones
arcade,demon,demon queen,clones
arcade,desert,parched skeleton,clones
arcade,dog,morphed beast,clones
arcade,dragon,dragonkin ninja,clones
arcade,earth,crypt explorer,clones
arcade,elf,legendary hero,clones
arcade,energy,static beast,clones
arcade,extraterrestrial,alien intruders,clones
arcade,fire,turtle king,clones
arcade,fish,magicod,clones
arcade,food,chomp dude,clones
arcade,giant,kongar,clones
arcade,golem,static beast,clones
arcade,hammer,broham,clones
arcade,healing,life shroom,clones
arcade,holidays,video game,clones
arcade,holy water,medic,clones
arcade,hopefulness,punch man,clones
arcade,horn,horn of life,clones
arcade,human,raging gamer,clones
arcade,hybrid,demon queen,clones
arcade,ice,absolute zero,clones
arcade,immortality,ninja sorcerer,clones
arcade,insect,segmentipede,clones
arcade,invention,dr. eggdude,clones
arcade,jungle,static beast,clones
arcade,knight,legendary hero,clones
arcade,knowledge,mama brain,clones
arcade,leader,jumping hero,clones
arcade,life,living algorithm,clones
arcade,love,angel kid,clones
arcade,madness,the bone king,clones
arcade,magic,magicod,clones
arcade,martial arts,demonic fighter,clones
arcade,metal,cannon boy,clones
arcade,mind control,lich blade,clones
arcade,miniature,pikamon,clones
arcade,monkey,barrel gorilla,clones
arcade,monster,turtle king,clones
arcade,moon,alien intruders,clones
arcade,multiples,segmentipede,clones
arcade,mutation,static beast,clones
arcade,parasite,parasite hunter,clones
arcade,pirate,treasure hunters,clones
arcade,plant,sunflower,clones
arcade,pocket pet,pikamon,clones
arcade,poison,specter,clones
arcade,precious ring lore,dr. eggdude,clones
arcade,prehistoric,dino companion,clones
arcade,psychic,master alchemist,clones
arcade,radiation,half-life,clones
arcade,rainbow,chomp dude spirits,clones
arcade,relic,quadforce,clones
arcade,reptile,turtle king,clones
arcade,robot,cannon boy,clones
arcade,rodent,pikamon,clones
arcade,royalty,turtle king,clones
arcade,sci-fi,living algorithm,clones
arcade,science,cannon boy,clones
arcade,shrine,ancient technology,clones
arcade,sidekick,barrel gorilla jr,clones
arcade,sleep,hypnotic singer,clones
arcade,snake,reptilian ninja,clones
arcade,space,alien intruders,clones
arcade,speed,swift the chin,clones
arcade,spirit,chomp dude spirits,clones
arcade,strength,turtle king,clones
arcade,sun,angel kid,clones
arcade,superhero,jumping hero,clones
arcade,sword,diamond sword,clones
arcade,the chosen one,legendary hero,clones
arcade,time,persian royalty,clones
arcade,toy,video game,clones
arcade,tree,killer plant,clones
arcade,turkey day,chomp dude,clones
arcade,turtle,turtle king,clones
arcade,undead,parched skeleton,clones
arcade,underground,bomb shelter,clones
arcade,underwater,flying fish,clones
arcade,vampire,demon queen,clones
arcade,villain,turtle king,clones
arcade,void,dark hero,clones
arcade,war,medic,clones
arcade,water,absolute zero,clones
arcade,weapon,barrel gorilla,clones
arcade,werewolf,morphed beast,clones
arcade,wind,puff hero,clones
arcade,wings,angel kid,clones
arcade,wintertide,ice explorers,clones
arcade,wizard,ninja sorcerer,clones
arcade,wolf,morphed beast,clones
arctic,cart,sleigh,little-alchemy
arctic,dog,husky,little-alchemy
arctic,dog,seal,little-alchemy
arctic,electricity,aurora,little-alchemy
arctic,ocean,iceberg,little-alchemy
arctic,sea,iceberg,little-alchemy
arctic,sky,aurora,little-alchemy
arctic,wagon,sleigh,little-alchemy
arm,bird,wing,clones
arm,clothes,gloves,clones
arm,paint,manicure,clones
arm,sport,arm wrestling,clones
armor,bullet,bulletproof vest,little-alchemy
armor,car,tank,clones;little-alchemy
armor,cat,armadillo,little-alchemy
armor,dog,armadillo,little-alchemy
armor,energy,force field,clones
armor,fabric,kevlar,clones
armor,glasses,safety glasses,little-alchemy
armor,golem,robot,little-alchemy
armor,gun,bulletproof vest,little-alchemy
armor,house,castle,clones
armor,human,knight,little-alchemy
armor,life,robot,little-alchemy
armor,warrior,knight,little-alchemy
armor,wild animal,armadillo,little-alchemy
arms,gunpowder,firearms,clones
arms,hunter,warrior,clones
arms,hunter,warrior (zed's alchemy),clones
arms,light,lightsaber,clones
arms,man,hunter,clones
arms,man,hunter (zed's alchemy),clones
arms,poison,poisoned weapons,clones
arms,robin hood,bow,clones
arms,robin hood,bow (zed's alchemy),clones
army,politician,dictatorship,clones
army,politician,empire,clones
arrow,bag,quiver,clones
arrow,human,corpse,little-alchemy
arrow,longbow,crossbow,clones
arrow,paper,target,clones
arrow,poison,curare,clones
art,art,masterpiece,infinite-craft
art,canvas,painting,infinite-craft
art,library,museum,infinite-craft
art,rebirth,renaissance,infinite-craft
arthropods,fire,undefined dead lifeform,clones
arthropods,sand,trilobites,clones
arthropods,stone,spiders,clones
arthropods,water,millipedes,clones
arthropods,water,shrimps,clones
artist,statue,sculpture,infinite-craft
ash,bear,panda,clones
ash,beauty,goddess pele,clones
ash,bird,phoenix,clones
ash,blob,smog horror,clones
ash,blood,human,clones
ash,bone,tombstone,clones
ash,camouflage,smoke screen,clones
ash,card,opal flower,clones
ash,cartoon,monster collector,clones
ash,cat,black cat,clones
ash,celebration,goddess pele,clones
ash,chinchilla,dust bath,clones
ash,continent,asia,infinite-craft
ash,cursed,the cursed chosen,clones
ash,darkness,puzzle cube head,clones
ash,desert,sand raider,clones
ash,destruction,sandstorm,clones
ash,dog,siberian husky,clones
ash,energy,fireworks,clones
ash,fairy,magic,clones
ash,fairy tale,cinderella,clones
ash,fat,soap,clones
ash,fire,phoenix,clones;infinite-craft
ash,fish,holy mackerel,clones
ash,food,pixie sugar,clones
ash,galaxy wars,dark space lord,clones
ash,giant,smog horror,clones
ash,glass,ashtray,clones
ash,healing,goddess pele,clones
ash,holiday stockings,holiday stockings with ash,clones
ash,holidays,fireworks,clones
ash,holy water,human,clones
ash,hopefulness,phoenix,clones
ash,horse,nightmare,clones
ash,human,war god,clones
ash,hybrid,sandman,clones
ash,ice,penguin,clones
ash,immortality,phoenix,clones
ash,insect,earthworm,clones
ash,invention,alchemist,clones
ash,knight,war god,clones
ash,knowledge,magic,clones
ash,lava,volcano,clones
ash,leader,war god,clones
ash,life,ghost,clones
ash,life,phoenix,clones
ash,love,fireworks,clones
ash,madness,mad bomber,clones
ash,magic,phoenix,clones
ash,martial arts,smoke screen,clones
ash,medieval,phoenix,clones
ash,metal,bomb,clones
ash,metal,steel,little-alchemy
ash,monkey,monkey shaman,clones
ash,monster,sandman,clones
ash,moon,moon buggy,clones
ash,multiples,phoenix,clones
ash,mutation,firebird force,clones
ash,myth,phoenix,clones
ash,nitric acid,carbon dioxide,clones
ash,nitric acid,potassium nitrate,clones
ash,nitric acid,water,clones
ash,oil,soap,little-alchemy
ash,parasite,smog horror,clones
ash,pirate,barrage,clones
ash,pocket pet,monster collector,clones
ash,precious ring lore,wraith dagger,clones
ash,prehistoric,lava,clones
ash,psychic,firebird force,clones
ash,rainbow,fireworks,clones
ash,relic,ancient ark,clones
ash,reptile,chameleon,clones
ash,robot,moon buggy,clones
ash,rodent,dust bath,clones
ash,royal game,dragon fire,clones
ash,royalty,cinderella,clones
ash,sci-fi,smog horror,clones
ash,science,fireworks,clones
ash,shrine,fireworks,clones
ash,sidekick,pikamon,clones
ash,sleep,mister sandman,clones
ash,space,space ghosts,clones
ash,speed,quicksand,clones
ash,strength,war god,clones
ash,superhero,war god,clones
ash,sweets,pixie sugar,clones
ash,sword,war god,clones
ash,the chosen one,monster collector,clones
ash,time,diamond ring,clones
ash,toy,monster collector,clones
ash,tree,pencil,infinite-craft
ash,turtle,parched skeleton,clones
ash,underwater,lava,clones
ash,vehicle,moon buggy,clones
ash,villain,war god,clones
ash,war,war god,clones
ash,wax,soap,little-alchemy
ash,weapon,bomb,clones
ash,wind,sandstorm,clones
ash,wintertide,stone hearth,clones
ash,wizard,geomancer,clones
ash,wizarding school,phoenix,clones
asia,goku,dragon ball,infinite-craft
asia,island,china,infinite-craft
asia,music,k-pop,infinite-craft
assassin,chaos,joker,clones
assassin,firearms,sniper,clones
assassin,human,assassin,clones
assassin,human,corpse,clones
assassin,jedi,sith,clones
assassin,law,rogue,clones
assassin,lightsaber,sith,clones
assassin,man,assassin,clones
assassin,man,corpse,clones
assassin,time,prisoner,clones
assassin,warrior,assassin,clones
assassin,warrior,blood,clones
assassin,warrior,corpse,clones
assassin,water,pirate,clones
assassin,woman,assassin,clones
assassin,woman,corpse,clones
assembly line,incomplete factory,automated factory,clones
assembly line,saw,powersaw bench,clones
astral,death,illithid,clones
astral,metal,silver,clones
astral,spell,teleport,clones
astrolabe,star chart,planisphere,clones
astronaut,astronaut,idea,little-alchemy
astronaut,container,spaceship,little-alchemy
astronaut,ice cream,astronaut ice cream,little-alchemy
astronaut,medusa,statue,little-alchemy
astronaut,robot,cyborg,little-alchemy
astronaut/satellite,satellite,space station,clones
atmosphere,atmosphere,pressure,little-alchemy
atmosphere,boat,rocket,little-alchemy
atmosphere,car,rocket,little-alchemy
atmosphere,city,smog,little-alchemy
atmosphere,cloud,sky,little-alchemy
atmosphere,container,scuba tank,little-alchemy
atmosphere,electricity,aurora,little-alchemy
atmosphere,electricity,ozone,little-alchemy
atmosphere,electricity,storm,little-alchemy
atmosphere,explosion,fireworks,little-alchemy
atmosphere,fire,energy,little-alchemy
atmosphere,house,space station,little-alchemy
atmosphere,machine,rocket,little-alchemy
atmosphere,metal,rocket,little-alchemy
atmosphere,meteoroid,meteor,little-alchemy
atmosphere,mist,cloud,little-alchemy
atmosphere,motion,wind,little-alchemy
atmosphere,mouse,bat,little-alchemy
atmosphere,pirate ship,rocket,little-alchemy
atmosphere,steamboat,rocket,little-alchemy
atmosphere,steel,rocket,little-alchemy
atmosphere,sun,aurora,little-alchemy
atmosphere,sun,sky,little-alchemy
atmosphere,train,rocket,little-alchemy
atmosphere,umbrella,parachute,little-alchemy
atmosphere,village,space station,little-alchemy
atmosphere,wall,space station,little-alchemy
atmosphere,water,cloud,little-alchemy
atom,bomb,atomic bomb,clones
atom,sundial,greenwich,clones
audio cassette,software,floppy disk,clones
australia,bird,parrot,clones
automated factory,internal combustion engine,machine factory,clones
avalanche,steam,snow,infinite-craft
avengers,endgame,infinity war,infinite-craft
avengers,thanos,endgame,infinite-craft
axe,carcass,meat and skin,clones
axe,chicken,meat,little-alchemy
axe,coconut,coconut milk,little-alchemy
axe,cow,meat,little-alchemy
axe,electricity,chainsaw,little-alchemy
axe,fish,meat,little-alchemy
axe,flying fish,meat,little-alchemy
axe,forest,wood,little-alchemy
axe,frog,meat,little-alchemy
axe,grass,scythe,little-alchemy
axe,gun,bayonet,little-alchemy
axe,human,lumberjack,little-alchemy
axe,livestock,meat,little-alchemy
axe,machine,chainsaw,little-alchemy
axe,motion,chainsaw,little-alchemy
axe,pig,meat,little-alchemy
axe,shark,meat,little-alchemy
axe,stick,spear,clones
axe,stick,spear (doodle god),clones
axe,swordfish,meat,little-alchemy
axe,tree,wood,clones;little-alchemy
axe,tree,wood (doodle god),clones
axe,wheat,scythe,little-alchemy
baby,time,woman,clones
baby,time,woman (zed's alchemy),clones
bacon,bread,sandwich,little-alchemy
bacon,egg,breakfast,infinite-craft
bacon,mermaid,siren,infinite-craft
baconator,quagmire,peter griffin,infinite-craft
bacteria,bread,mold,little-alchemy
bacteria,corpse,zombie,little-alchemy
bacteria,death,organic matter,little-alchemy
bacteria,earth,viruses,clones
bacteria,fruit,mold,little-alchemy
bacteria,glass,microscope,little-alchemy
bacteria,glass,petri dish,clones
bacteria,glasses,microscope,little-alchemy
bacteria,grape,wine,clones
bacteria,human,sickness,little-alchemy
bacteria,human,virus,clones
bacteria,ice cream,yogurt,little-alchemy
bacteria,imp,virus,clones
bacteria,iodine,iodine,clones
bacteria,knowledge,medicine,clones
bacteria,lens,microscope,little-alchemy
bacteria,medicine,antibiotics,clones
bacteria,milk,cheese,clones;little-alchemy
bacteria,milk,yogurt,clones;little-alchemy
bacteria,mushroom,lichen,clones
bacteria,ocean,plankton,little-alchemy
bacteria,ozone,ozone,clones
bacteria,philosophy,small,little-alchemy
bacteria,plankton,fish,clones
bacteria,plankton,fish (doodle god),clones
bacteria,plankton,fish (zed's alchemy),clones
bacteria,safety glasses,microscope,little-alchemy
bacteria,sea,plankton,little-alchemy
bacteria,spyglass,microscope,clones
bacteria,stone,stromatolites,clones
bacteria,swamp,sulfur,clones
bacteria,swamp,sulfur + worm,clones
bacteria,swamp,sulfur and worm,clones
bacteria,swamp,worm,clones
bacteria,swamp,worm + sulfur,clones
bacteria,vegetable,mold,little-alchemy
bacteria,water,algae,clones
bacteria,water,plankton,clones;little-alchemy
bacteria,wine,vinegar,clones
bacterium,milk,kefir,clones
bag,bear,koala,clones
bag,cloth,sack,clones
bag,computer,laptop,clones
bag,lipstick,beautician,clones
bag,money,purse,clones
bag,school,schoolbag,clones
baker,baker,idea,little-alchemy
baker,city,bakery,little-alchemy
baker,container,bakery,little-alchemy
baker,cookie dough,cookie,little-alchemy
baker,fabric,apron,little-alchemy
baker,fruit,pie,little-alchemy
baker,house,bakery,little-alchemy
baker,medusa,statue,little-alchemy
baker,newspaper,recipe,little-alchemy
baker,paper,recipe,little-alchemy
baker,robot,cyborg,little-alchemy
baker,village,bakery,little-alchemy
bakery,container,village,little-alchemy
bakery,fruit,pie,little-alchemy
bakery,house,village,little-alchemy
bakery,human,baker,little-alchemy
bakery,incomplete factory,food factory,clones
bakery,newspaper,recipe,little-alchemy
bakery,paper,recipe,little-alchemy
ball,basket,basketball,clones
ball,game,football,clones
ball,hockey stick,golf,clones
ball,stick,baseball,clones
ballon,internal combustion engine,airship,clones
balloon,engine,dirigible,clones
balloon,gas,helium,clones
balloons,rope,bead,clones
balloons,volleyball,ball,clones
bamboo,bear,panda,clones
bamboo,humus,sugar cane,clones
bamboo,metals,wood,clones
bamboo,metals,wood (alchemy classic),clones
bamboo,tools,tube,clones
banana,bread,banana bread,little-alchemy
banana,dough,banana bread,little-alchemy
banana,mammals,monkeys,clones
banana bread,human,baker,little-alchemy
bank,container,city,little-alchemy
bank,money,debt,clones
bank,paper,money,little-alchemy
bank,post office,city,little-alchemy
bank,skyscraper,city,little-alchemy
bank,tools,calculator,clones
bank,wheat,silo,little-alchemy
bar,melody,disco,clones
barbeque,bread,sandwich,clones
barn,bird,chicken,little-alchemy
barn,bus,garage,little-alchemy
barn,car,garage,little-alchemy
barn,cheese,mouse,little-alchemy
barn,chicken,chicken coop,little-alchemy
barn,egg,chicken,little-alchemy
barn,electric car,garage,little-alchemy
barn,farmer,farm,little-alchemy
barn,grass,hay,little-alchemy
barn,hay,hay bale,little-alchemy
barn,helicopter,hangar,little-alchemy
barn,house,farm,little-alchemy
barn,human,farmer,little-alchemy
barn,ice cream truck,garage,little-alchemy
barn,livestock,cow,little-alchemy
barn,livestock,horse,little-alchemy
barn,motorcycle,garage,little-alchemy
barn,pitchfork,hay,little-alchemy
barn,rocket,hangar,little-alchemy
barn,rv,garage,little-alchemy
barn,seaplane,hangar,little-alchemy
barn,sleigh,garage,little-alchemy
barn,snowmobile,garage,little-alchemy
barn,spaceship,hangar,little-alchemy
barn,statue,scarecrow,little-alchemy
barn,tractor,garage,little-alchemy
barn,wheat,silo,little-alchemy
barn,wolf,dog,little-alchemy
barrel,grapes,wine,clones
barrel,petrol,jerrican,clones
barrel,plant,pumpkin,clones
barrel,stick,drum,clones
barrel,stick,drum (alchemy 1000),clones
bat,bat,batman,infinite-craft
bat,beauty,demon queen,clones
bat,bird,nosferatu duck,clones
bat,blood,vampire,clones
bat,bone,skeletal vampire,clones
bat,camouflage,super bat,clones
bat,card,lunara,clones
bat,cartoon,batman,clones
bat,cartoon,super bat,clones
bat,cat,manticore,clones
bat,celebration,vamping vera,clones
bat,chinchilla,vampchilla,clones
bat,container,cave,little-alchemy
bat,cursed,vampire,clones
bat,darkness,vampire,clones
bat,demon,imp,clones
bat,destruction,space moth,clones
bat,earth,gargoyle,clones
bat,extraterrestrial,space moth,clones
bat,fairy,imp,clones
bat,fairy tale,flying monkey,clones
bat,fish,stingray,clones
bat,food,vamp crunch,clones
bat,galaxy wars,laughing pet alien,clones
bat,giant,space moth,clones
bat,golem,gargoyle,clones
bat,halloween,vampire,clones
bat,healing,vampire,clones
bat,hero,batman,clones
bat,hopefulness,super bat,clones
bat,horn,vampiric gargoyle,clones
bat,house,cave,little-alchemy
bat,human,batman,little-alchemy
bat,human,vampire,clones;little-alchemy
bat,hybrid,furies,clones
bat,ice,ice imp,clones
bat,immortality,vampire,clones
bat,insect,space moth,clones
bat,invention,super bat,clones
bat,jungle,bumblebee bat,clones
bat,knight,super bat,clones
bat,knowledge,shapeshifter,clones
bat,leader,dracula,clones
bat,life,vampire,clones
bat,machine,airplane,little-alchemy
bat,magic,vampire,clones
bat,man,batman,clones
bat,martial arts,super bat,clones
bat,medieval,gargoyle,clones
bat,metal,airplane,little-alchemy
bat,metal,baseball bat,clones
bat,mind control,vampire,clones
bat,miniature,bumblebee bat,clones
bat,monkey,flying monkey,clones
bat,monster,vampire,clones
bat,moon,vampire,clones
bat,multiples,vampire coven,clones
bat,myth,dracula,clones
bat,parasite,vampire,clones
bat,pirate,vampirate,clones
bat,pocket pet,sonic bat,clones
bat,prehistoric,pterodactyl,clones
bat,psychic,lunara,clones
bat,relic,vampire killer,clones
bat,reptile,pterodactyl,clones
bat,rodent,flying squirrel,clones
bat,royalty,demon queen,clones
bat,sci-fi,vampire,clones
bat,science,super bat,clones
bat,shrine,veined castle,clones
bat,sidekick,kid sidekick,clones
bat,sleep,demon queen,clones
bat,space,space moth,clones
bat,speed,chiroptercar,clones
bat,steel,airplane,little-alchemy
bat,strength,super bat,clones
bat,superhero,super bat,clones
bat,sweets,vamp crunch,clones
bat,the chosen one,vampire assassin,clones
bat,toy,baseball bat,clones
bat,tree,baseball bat,clones
bat,turkey day,nosferatu duck,clones
bat,turtle,flying trooper,clones
bat,undead,vampire,clones
bat,underground,super bat,clones
bat,underwater,stingray,clones
bat,vehicle,chiroptercar,clones
bat,villain,dracula,clones
bat,war,vampire knight,clones
bat,water,stingray,clones
bat,wealth,super bat,clones
bat,weapon,chiropterang,clones
bat,werewolf,werevamp,clones
bat,wintertide,ice imp,clones
bat,wizard,shapeshifter,clones
bat,wizarding school,magical soccer,clones
bat,wolf,gargoyle,clones
bathroom,cloth,towel,clones
bathroom,geyser,jacuzzi,clones
batman,castle,gotham,infinite-craft
batman,city,gotham,infinite-craft
batman,clown,joker,infinite-craft
batman,paint,superman,clones
batman,penguin,joker,infinite-craft
batman,superman,justice league,infinite-craft
batman,wisdom,alfred,infinite-craft
batter,human,baker,little-alchemy
battery,sun,solar,clones
battle cruiser,fish,submarine,clones
battle cruiser,rocket,space ship,clones
bayonet,sailor,pirate,little-alchemy
bbq,chicken,chicken wing,little-alchemy
bbq,cow,steak,little-alchemy
bbq,meat,steak,little-alchemy
beach,bird,seagull,little-alchemy
beach,castle,sand castle,little-alchemy
beach,clothes,bikini,clones
beach,egg,turtle,clones;little-alchemy
beach,fish,fishing,infinite-craft
beach,fruit,coconut,little-alchemy
beach,glasses,sunglasses,little-alchemy
beach,human,surfer,little-alchemy
beach,life,animal,little-alchemy
beach,light,lighthouse,little-alchemy
beach,pigeon,seagull,little-alchemy
beach,plant,pineapple,clones
beach,rat,seagull,little-alchemy
beach,sandwich,picnic,little-alchemy
beach,sport,volleyball,clones
beach,spotlight,lighthouse,little-alchemy
beach,tree,palm,little-alchemy
beach,vegetable,coconut,little-alchemy
beach,wind,dune,little-alchemy
beach,woman,love,clones
bead,magic,amulet,clones
bear,bear,mama bear,clones
bear,beauty,monster & beauty,clones
bear,blob,gummy bear,clones
bear,blood,war bear,clones
bear,camouflage,spirit bear,clones
bear,card,stuffed plushie,clones
bear,cartoon,bouncy bears,clones
bear,cartoon,winnie,clones
bear,celebration,anna-versary,clones
bear,chinchilla,emok,clones
bear,cursed,werebear,clones
bear,darkness,shapeshifter,clones
bear,death,zombie bear,clones
bear,demon,zombie bear,clones
bear,destruction,dire bear,clones
bear,dog,bear dog,clones
bear,earth,cave,infinite-craft
bear,earth,hibernation,clones
bear,elf,animal whisperer,clones
bear,extraterrestrial,emok,clones
bear,fairy,goldilocks and bears,clones
bear,fairy tale,goldilocks and bears,clones
bear,fish,fish bone,clones
bear,flag,russia,clones
bear,food,gummy bear,clones
bear,galaxy wars,emok,clones
bear,giant,dire bear,clones
bear,halloween,zombie bear,clones
bear,hammer,war bear,clones
bear,healing,bear magus,clones
bear,holidays,polar bear,clones
bear,holy water,bear magus,clones
bear,hopefulness,adventure kid,clones
bear,horn,yeti,clones
bear,human,adventure kid,clones
bear,hybrid,bear dog,clones
bear,ice,polar bear,clones
bear,immortality,spirit bear,clones
bear,invention,mecha bear,clones
bear,jungle,emok,clones
bear,kangaroo,koala,clones
bear,knight,emok,clones
bear,knowledge,bear magus,clones
bear,leader,adventure kid,clones
bear,life,mama bear,clones
bear,love,stuffed plushie,clones
bear,madness,mama bear,clones
bear,magic,bear magus,clones
bear,martial arts,hungry panda hero,clones
bear,medieval,bouncy bears,clones
bear,metal,mecha bear,clones
bear,mind control,animal whisperer,clones
bear,miniature,water bear,clones
bear,monkey,koala,clones
bear,monster,zombie bear,clones
bear,moon,werebear,clones
bear,multiples,mama bear,clones
bear,mutation,dire bear,clones
bear,myth,werebear,clones
bear,new year tree,teddy bear,clones
bear,parasite,flea,clones
bear,penguin,polar bear,clones
bear,pirate,the fortune's cookie,clones
bear,plant,pet plant,clones
bear,polar bear,panda,clones
bear,precious ring lore,shapeshifting chief,clones
bear,prehistoric,dire bear,clones
bear,psychic,animal whisperer,clones
bear,radiation,dire bear,clones
bear,rainbow,gummy bear,clones
bear,robot,mecha bear,clones
bear,rodent,disgruntled beavers,clones
bear,royal game,wight,clones
bear,sci-fi,emok,clones
bear,science,mecha bear,clones
bear,shrine,tree,clones
bear,sidekick,emok,clones
bear,sleep,hibernation,clones
bear,snow,polar bear,clones
bear,space,emok,clones
bear,spirit,spirit bear,clones
bear,strength,dire bear,clones
bear,superhero,adventure kid,clones
bear,sweets,gummy bear,clones
bear,sword,adventure kid,clones
bear,the chosen one,hungry panda hero,clones
bear,time,spirit bear,clones
bear,toy,stuffed plushie,clones
bear,tree,koala,clones
bear,trident,emok,clones
bear,turkey day,hangry,clones
bear,undead,zombie bear,clones
bear,underground,hibernation,clones
bear,underwater,water bear,clones
bear,vampire,flea,clones
bear,villain,dire bear,clones
bear,vodka,russia,clones
bear,void,hibernation,clones
bear,war,war bear,clones
bear,water,polar bear,clones
bear,weapon,claws,clones
bear,werewolf,werebear,clones
bear,wintertide,polar bear,clones
bear,wizard,shapeshifter,clones
bear,wizarding school,transmutation,clones
bear,wolf,werebear,clones
beard,magic,wizard,infinite-craft
beast,cart,chariot,clones
beast,cart,team,clones
beast,cheese,mouse,clones
beast,dam,beaver,clones
beast,darkness,demon,clones
beast,death,cerberus,clones
beast,demon,chimera,clones
beast,desert,camel,clones
beast,diseases,rat,clones
beast,fire,ash,clones
beast,fire,ash (doodle devil),clones
beast,fish,dolphin,clones
beast,forest,bear,clones
beast,frog,kangaroo,clones
beast,honey,bear,clones
beast,house,cat,clones
beast,house,cat + dog,clones
beast,house,dog,clones
beast,house,dog (doodle god),clones
beast,human,domestic animal,clones
beast,human,domestic animal (doodle god),clones
beast,human,domesticated animal,clones
beast,human,livestock,clones
beast,human,livestock (doodle god),clones
beast,human,werewolf,clones
beast,hunter,blood,clones
beast,hunter,hunter,clones
beast,hunter,hunter (zed's alchemy),clones
beast,hunter,meat,clones
beast,hunter,meat (doodle god),clones
beast,hunter,meat (zed's alchemy),clones
beast,hunter,meat + wool + blood,clones
beast,hunter,wool,clones
beast,imp,werewolf,clones
beast,india,elephant,clones
beast,life,human,clones
beast,life,human (doodle god),clones
beast,life,man,clones
beast,life,man (zed's alchemy),clones
beast,magic,unicorn,clones
beast,man,livestock,clones
beast,man,livestock (zed's alchemy),clones
beast,man,man,clones
beast,man,man (zed's alchemy),clones
beast,man,werewolf,clones
beast,medicine,rat,clones
beast,moon,wolf,clones
beast,moon,wolf (zed's alchemy),clones
beast,museum,zoo,clones
beast,oxygen,beast,clones
beast,oxygen,beast (zed's alchemy),clones
beast,oxygen,carbon dioxide,clones
beast,snake,hydra,clones
beast,star,alien,clones
beast,tree,panda,clones
beast,vampire,vampire,clones
beast,vampire,werewolf,clones
beast,warrior,blood,clones
beast,warrior,warrior,clones
beast,warrior,warrior (doodle god),clones
beast,warrior,warrior (zed's alchemy),clones
beast,water,fish,clones
beast,water,fish (doodle devil),clones
beast,water,whale,clones
beast,weapon,blood,clones
beast,weapon,claws,clones
beast,weapon,food,clones
beast,wrath,wolf,clones
beast,wrath,wolf (doodle devil),clones
beast,yarn,cat,clones
beauty,bird,dark swan,clones
beauty,blob,bumpy princess,clones
beauty,blood,blood bath,clones
beauty,bone,sugar skull,clones
beauty,camouflage,shifting mutant,clones
beauty,card,man of many suits,clones
beauty,cartoon,bumpy princess,clones
beauty,cat,lion,clones
beauty,celebration,anna-versary,clones
beauty,cursed,fair princess,clones
beauty,darkness,viral dance,clones
beauty,death,undead bride,clones
beauty,demon,demon queen,clones
beauty,desert,cleopatra,clones
beauty,dog,scylla,clones
beauty,dragon,dragon fairy,clones
beauty,earth,goddess pele,clones
beauty,elf,fair princess,clones
beauty,energy,aurora,clones
beauty,extraterrestrial,alien human hybrid,clones
beauty,fairy,nymph,clones
beauty,fairy tale,fair princess,clones
beauty,fire,goddess pele,clones
beauty,fish,siren,clones
beauty,food,butterfly,clones
beauty,galaxy wars,rebel space princess,clones
beauty,giant,gaia,clones
beauty,golem,ogre princess,clones
beauty,halloween,undead bride,clones
beauty,hammer,jester sidekick,clones
beauty,healing,youthful sorceress,clones
beauty,holidays,snowflake,clones
beauty,holy water,fountain of youth,clones
beauty,hopefulness,goddess pele,clones
beauty,horn,alicorn,clones
beauty,horse,alicorn,clones
beauty,human,attractive brain,clones
beauty,hybrid,alien human hybrid,clones
beauty,ice,fair princess,clones
beauty,immortality,dorian gray,clones
beauty,insect,arachne,clones
beauty,invention,beguiling android,clones
beauty,jungle,fair princess,clones
beauty,king kong,beauty and the beast,infinite-craft
beauty,knight,prince charming,clones
beauty,knowledge,attractive brain,clones
beauty,leader,cleopatra,clones
beauty,life,gaia,clones
beauty,love,aphrodite,clones
beauty,madness,bloody prom queen,clones
beauty,magic,evil queen,clones
beauty,martial arts,angry bride,clones
beauty,medieval,prince charming,clones
beauty,metal,beguiling android,clones
beauty,mind control,blue iron,clones
beauty,miniature,thumbelina,clones
beauty,monkey,kongar,clones
beauty,monster,monster & beauty,clones
beauty,moon,moon goddess,clones
beauty,multiples,fair princess,clones
beauty,music,golden harp,clones
beauty,mutation,shifting mutant,clones
beauty,myth,aphrodite,clones
beauty,parasite,youthful sorceress,clones
beauty,pig,miss piggy,infinite-craft
beauty,pirate,feisty figurehead,clones
beauty,plant,plant fatale,clones
beauty,pocket pet,margarfree,clones
beauty,poison,poison oak,clones
beauty,precious ring lore,elf king,clones
beauty,psychic,rebel space princess,clones
beauty,rainbow,double rainbow,clones
beauty,relic,fountain of youth,clones
beauty,robot,beguiling android,clones
beauty,royal game,dragon mother,clones
beauty,royalty,fair princess,clones
beauty,sci-fi,beguiling android,clones
beauty,science,beguiling android,clones
beauty,shrine,majestic miko,clones
beauty,sidekick,jester sidekick,clones
beauty,sleep,sleeping princess,clones
beauty,snake,medusa,clones
beauty,space,bumpy princess,clones
beauty,speed,alicorn,clones
beauty,spirit,nymph,clones
beauty,strength,barbarian,clones
beauty,sun,sparkling vampire,clones
beauty,superhero,crypt explorer,clones
beauty,sweets,candy princess,clones
beauty,sword,diamond sword,clones
beauty,the chosen one,fair princess,clones
beauty,time,fountain of youth,clones
beauty,toy,princess,clones
beauty,tree,plant fatale,clones
beauty,trident,naga queen,clones
beauty,turkey day,harvest,clones
beauty,undead,undead bride,clones
beauty,underground,persephone,clones
beauty,underwater,mermaid princess,clones
beauty,vampire,sparkling vampire,clones
beauty,villain,evil queen,clones
beauty,void,dark elf,clones
beauty,war,amazon,clones
beauty,water,fountain of youth,clones
beauty,water serpent,naga queen,clones
beauty,wealth,prince charming,clones
beauty,weapon,crypt explorer,clones
beauty,werewolf,monster & beauty,clones
beauty,wind,aurora,clones
beauty,wings,alicorn,clones
beauty,wintertide,ice queen,clones
beauty,wizard,evil queen,clones
beauty,wizarding school,nerdy wizard,clones
beauty,wolf,monster & beauty,clones
beaver,bird,platypus,little-alchemy
beaver,branch,dam,clones
beaver,chicken,duck,clones
beaver,duck,platypus,clones;little-alchemy
beaver,house,dam,little-alchemy
beaver,lake,dam,little-alchemy
beaver,river,dam,little-alchemy
beaver,seagull,platypus,little-alchemy
beaver,shark,bear,clones
beaver,squirrel,rabbit,clones
beaver,squirrel,raccoon,clones
beaver,stream,dam,little-alchemy
beaver,tree,dam,clones;little-alchemy
beaver,water,dam,little-alchemy
beaver,wood,dam,little-alchemy
bed,net,hammock,clones
bed,pillow,sofa,clones
bee,bee,egg,little-alchemy
bee,bee,honey,little-alchemy
bee,beehive,honey,little-alchemy
bee,beehive,wax,little-alchemy
bee,bird,hummingbird,little-alchemy
bee,container,beehive,little-alchemy
bee,farmer,beekeeper,little-alchemy
bee,flower,honey,clones;little-alchemy
bee,forest,beehive,little-alchemy
bee,house,beehive,clones;little-alchemy
bee,human,beekeeper,little-alchemy
bee,net,butterfly net,little-alchemy
bee,philosophy,small,little-alchemy
bee,pollen,seed,little-alchemy
bee,sugar,honey,clones
bee,time,honey,little-alchemy
bee,tree,beehive,little-alchemy
bee,tree,honey,clones
bee,wall,beehive,little-alchemy
bee,wood,beehive,little-alchemy
beehive,beekeeper,honey,little-alchemy
beehive,beekeeper,wax,little-alchemy
beehive,blade,wax,little-alchemy
beehive,farmer,beekeeper,little-alchemy
beehive,human,beekeeper,little-alchemy
beehive,sword,wax,little-alchemy
beehive,tool,wax,little-alchemy
beehive,tools,wax,clones
beehive,wall,wax,little-alchemy
beenie,mexico,sombrero,clones
beenie,ussr,earflaps,clones
beer,brick house,bar,clones
beer,container,bottle,little-alchemy
beer,energy,sugar,little-alchemy
beer,feast,oktoberfest,clones
beer,fire,sugar,little-alchemy
beer,house,tavern,clones
beer,human,alcoholic,clones
beer,human,drunk,little-alchemy
beer,hut,tavern,clones
beer,ice cream,guiness float,little-alchemy
beer,man,alcoholic,clones
beer,sea,crab,clones
beer,vodka,hangover,clones
bees,flowers,honey bee,clones
beetle,cactus,cochineal,clones
beetle,car,vw beetle,clones
beetle,desert,scorpion,clones
beetle,egypt,scarab,clones
beetle,flour,weevil,clones
beetle,flower,bee,clones
beetle,imp,scorpion,clones
beetle,lamp,firefly,clones
beetle,light,firefly,clones
beetle,manure,scarab,clones
beetle,rope,spider,clones
beetle,sand,scorpion,clones
beetle,work,ant,clones
beetles,forest,dying forest,clones
beetroot,fire,borscht,clones
beetroot,meat,borscht,clones
beetroot,salo,borscht,clones
beijing,earth,china,infinite-craft
bell,clock,alarm clock,little-alchemy
bell,flower,bluebells,clones
bell,watch,alarm clock,little-alchemy
bench,bus,bus stop,clones
benzine,steam engine,internal combustion engine,clones
berries,dough,pie,clones
berries,fire,jam,clones
berries,plant,strawberry,clones
berries,sun,melon,clones
berry,dough,pie,clones
berry,pressure,juice,clones
berry,sun,grape,clones
biathlon,norway,ole einar bjørndalen,clones
biceps,cinema,schwarzenegger,clones
biceps,rake,shovel,clones
biceps,tools,barbell,clones
bickford fuse,gunpowder,fireworks,clones
bicycle,bicycle,car,little-alchemy
bicycle,cancer,lance armstrong,clones
bicycle,combustion engine,motorcycle,clones;little-alchemy
bicycle,energy,motorcycle,little-alchemy
bicycle,engine,motorcycle,clones
bicycle,human,cyclist,little-alchemy
bicycle,machine,motorcycle,little-alchemy
bicycle,metal,motorcycle,little-alchemy
bicycle,steam engine,motorcycle,little-alchemy
bicycle,steel,motorcycle,little-alchemy
bicycle,wheel,car,little-alchemy
big,bird,ostrich,little-alchemy
big,birdcage,aviary,little-alchemy
big,boulder,hill,little-alchemy
big,car,bus,little-alchemy
big,cat,lion,little-alchemy
big,duckling,duck,little-alchemy
big,earth,mountain,little-alchemy
big,explosion,atomic bomb,little-alchemy
big,fairy tale,legend,little-alchemy
big,grass,plant,little-alchemy
big,hill,mountain,little-alchemy
big,house,skyscraper,little-alchemy
big,kite,paraglider,little-alchemy
big,lake,sea,little-alchemy
big,land,continent,little-alchemy
big,lizard,dinosaur,little-alchemy
big,mouse,rat,little-alchemy
big,pebble,rock,little-alchemy
big,planet,jupiter,little-alchemy
big,plant,tree,little-alchemy
big,pond,lake,little-alchemy
big,puddle,pond,little-alchemy
big,rain,flood,little-alchemy
big,rivulet,stream,little-alchemy
big,rock,boulder,little-alchemy
big,safe,vault,little-alchemy
big,saturn,jupiter,little-alchemy
big,sea,ocean,little-alchemy
big,shovel,excavator,little-alchemy
big,snow,blizzard,little-alchemy
big,soil,land,little-alchemy
big,stone,boulder,little-alchemy
big,story,legend,little-alchemy
big,stream,river,little-alchemy
big,tent,circus,little-alchemy
big,village,city,little-alchemy
big,watch,clock,little-alchemy
big,wind,tornado,little-alchemy
big ben,city,london,clones
bigfoot,loch ness monster,cryptozoology,infinite-craft
bigfoot,yeti,sasquatch,infinite-craft
billiards,target,pocket,clones
binoculars,contrast,monocle,clones
binoculars,gun,rifle,clones
biological weapon,war,armageddon,clones
bird,bird,bird,clones
bird,bird,egg,clones;little-alchemy
bird,bird,egg (doodle god),clones
bird,bird,murder of crows,clones
bird,blob,raging bird,clones
bird,blood,vulture,clones
bird,boat,airplane,little-alchemy
bird,butterfly,hummingbird,little-alchemy
bird,cage,birdcage,little-alchemy
bird,cage,canary,clones
bird,camouflage,dark swan,clones
bird,car,airplane,little-alchemy
bird,card,frostwing,clones
bird,cartoon,uncle duck,clones
bird,cat,griffin,clones
bird,celebration,puffin' leopold,clones
bird,city,pigeon,clones;little-alchemy
bird,clock,cuckoo,little-alchemy
bird,cloth,pillow,clones
bird,cold,penguin,little-alchemy
bird,container,birdcage,little-alchemy
bird,corpse,vulture,clones;little-alchemy
bird,cursed,werechicken,clones
bird,darkness,dark swan,clones
bird,death,dark swan,clones
bird,demon,harpy,clones
bird,desert,road sprinter,clones
bird,desert,vulture,little-alchemy
bird,destruction,turkeyzilla,clones
bird,dinosaur,pterodactyl,infinite-craft;little-alchemy
bird,domestication,chicken,little-alchemy
bird,double rainbow!,peacock,little-alchemy
bird,double rainbow!,toucan,little-alchemy
bird,dragon,cockatrice,clones
bird,earth,gargoyle,clones
bird,earth,kiwi,clones
bird,earth,ostrich,little-alchemy
bird,elf,animal whisperer,clones
bird,energy,thunderbird,clones
bird,fairy tale,golden egg goose,clones
bird,farm,chicken,little-alchemy
bird,farmer,chicken,little-alchemy
bird,field,crow,little-alchemy
bird,fire,phoenix,clones;little-alchemy
bird,fish,flying fish,little-alchemy
bird,flower,hummingbird,clones;little-alchemy
bird,flu,avian flu,clones
bird,flying,plane,infinite-craft
bird,food,turkey,clones
bird,forest,woodpecker,little-alchemy
bird,galaxy wars,centennial eagle,clones
bird,garden,hummingbird,little-alchemy
bird,giant,ziz,clones
bird,golem,gargoyle,clones
bird,grass,nest,little-alchemy
bird,halloween,murder of crows,clones
bird,hay,nest,little-alchemy
bird,healing,quack doctor,clones
bird,holidays,doves,clones
bird,holy water,doves,clones
bird,hopefulness,doves,clones
bird,horn,stymphalian bird,clones
bird,horse,pegasus,little-alchemy
bird,house,birdhouse,little-alchemy
bird,house,chicken,clones
bird,house,nest,little-alchemy
bird,human,angel,little-alchemy
bird,human,dark swan,clones
bird,hunter,blood,clones
bird,hunter,feather,clones
bird,hunter,hunter,clones
bird,hunter,hunter (zed's alchemy),clones
bird,hunter,meat,clones
bird,hunter,meat (doodle god),clones
bird,hunter,meat (zed's alchemy),clones
bird,hunter,meat + feather + blood,clones
bird,hybrid,turtle duck,clones
bird,ice,penguin,clones;little-alchemy
bird,immortality,crow revenant,clones
bird,imp,phoenix,clones
bird,insect,plague doctor,clones
bird,invention,robot turkey,clones
bird,iron,airplane,clones
bird,jump,flying fish,clones
bird,jungle,parrot,clones
bird,knight,eagle rider,clones
bird,knowledge,wise owl,clones
bird,lake,duck,clones;little-alchemy
bird,leader,ziz,clones
bird,leaf,peacock,little-alchemy
bird,letter,pigeon,little-alchemy
bird,life,phoenix,clones
bird,livestock,chicken,little-alchemy
bird,love,doves,clones
bird,machine,airplane,little-alchemy
bird,madness,dark swan,clones
bird,magic,phoenix,clones
bird,man,pilot,clones
bird,meat,vulture,clones
bird,medieval,griffin,clones
bird,metal,airplane,clones;little-alchemy
bird,metal,stymphalian bird,clones
bird,miniature,microraptor,clones
bird,monkey,puffin' leopold,clones
bird,monster,cockatrice,clones
bird,moon,owl,little-alchemy
bird,moon,werechicken,clones
bird,mountain,eagle,little-alchemy
bird,mountain range,eagle,little-alchemy
bird,mouse,bat,clones;little-alchemy
bird,multiples,murder of crows,clones
bird,mutation,firebird force,clones
bird,myth,phoenix,clones
bird,night,owl,little-alchemy
bird,ocean,seagull,little-alchemy
bird,oxygen,carbon dioxide,little-alchemy
bird,palm,toucan,little-alchemy
bird,paper,origami,little-alchemy
bird,parasite,cuckoo,clones
bird,pirate,parrot,clones;little-alchemy
bird,pirate ship,parrot,little-alchemy
bird,pocket pet,frostwing,clones
bird,poison,stymphalian bird,clones
bird,pond,duck,little-alchemy
bird,precious ring lore,eagle rider,clones
bird,prehistoric,terror bird,clones
bird,psychic,four eyed raven,clones
bird,radiation,turkeyzilla,clones
bird,rainbow,parrot,clones
bird,rainbow,peacock,little-alchemy
bird,rainbow,toucan,little-alchemy
bird,relic,carver of doom,clones
bird,reptile,cockatrice,clones
bird,robot,robot turkey,clones
bird,royal game,four eyed raven,clones
bird,royalty,king dodo,clones
bird,safe,birdcage,little-alchemy
bird,sailboat,airplane,little-alchemy
bird,sand,ostrich,little-alchemy
bird,scarecrow,crow,little-alchemy
bird,sci-fi,turkeyzilla,clones
bird,science,robot turkey,clones
bird,sea,seagull,clones;little-alchemy
bird,shrine,tree,clones
bird,sidekick,kid sidekick,clones
bird,skyscraper,pigeon,little-alchemy
bird,sleep,night owl,clones
bird,small,hummingbird,little-alchemy
bird,snake,cockatrice,clones
bird,snake,quetzalcoatl,clones
bird,snow,penguin,clones;little-alchemy
bird,sound,woodpecker,clones
bird,space,space explorer,clones
bird,speed,road sprinter,clones
bird,spirit,phoenix,clones
bird,squirrel,flying squirrel,little-alchemy
bird,statue,pigeon,little-alchemy
bird,steam engine,airplane,little-alchemy
bird,steamboat,airplane,little-alchemy
bird,steel,airplane,little-alchemy
bird,stick,nest,clones
bird,storm,thunderbird,clones
bird,strength,ziz,clones
bird,sun,angel kid,clones
bird,superhero,eagle hero,clones
bird,swamp,heron,clones
bird,sword,carver of doom,clones
bird,time,cuckoo,clones
bird,train,airplane,little-alchemy
bird,tree,nest,little-alchemy
bird,tree,owl,clones
bird,tree,woodpecker,little-alchemy
bird,trident,carver of doom,clones
bird,turkey day,turkey,clones
bird,turtle,turtle duck,clones
bird,twilight,owl,little-alchemy
bird,undead,turkey zombie,clones
bird,underwater,flying fish,clones
bird,unicorn,pegasus,little-alchemy
bird,vampire,bat,clones
bird,vampire,nosferatu duck,clones
bird,vehicle,eagle rider,clones
bird,village,pigeon,little-alchemy
bird,wall,birdcage,little-alchemy
bird,wall,birdhouse,little-alchemy
bird,war,messenger bird,clones
bird,water,duck,little-alchemy
bird,water,penguin,clones
bird,water serpent,dragon princess,clones
bird,wealth,golden egg goose,clones
bird,weapon,raging bird,clones
bird,werewolf,werechicken,clones
bird,wind,thunderbird,clones
bird,wintertide,gifted birds,clones
bird,wizard,eagle rider,clones
bird,wizard,owl,little-alchemy
bird,wizarding school,phoenix,clones
bird,wolf,werechicken,clones
bird,wood,woodpecker,little-alchemy
bird,worm,bird,clones
bird,zebra,bee,clones
birds,flowers,hummingbirds,clones
birds,grains,chickens,clones
birds,incomplete mechanism,ornithopter,clones
birds,melody,nightingale,clones
birds,origami,crane,clones
birds,tools,down,clones
birds,viruses,infected animal,clones
birds,water,waterbirds,clones
birds,wood,woodpeckers,clones
bitumen,pressure,petroleum,clones
black,vampire,bat,infinite-craft
black hole,black hole,wormhole,infinite-craft
black hole,wormhole,time travel,infinite-craft
black lead,wood,pencil,clones
black sail,smoke,pirates,clones
blade,blade,scissors,little-alchemy
blade,blade,sword,infinite-craft
blade,boulder,sword,infinite-craft
blade,coconut,coconut milk,little-alchemy
blade,cook,knife,little-alchemy
blade,cookie dough,cookie cutter,little-alchemy
blade,cow,leather,little-alchemy
blade,doctor,scalpel,little-alchemy
blade,dough,cookie cutter,little-alchemy
blade,electricity,blender,little-alchemy
blade,fabric,bandage,little-alchemy
blade,fish,swordfish,little-alchemy
blade,flower,rose,little-alchemy
blade,glass,blender,little-alchemy
blade,grass,scythe,little-alchemy
blade,gun,bayonet,little-alchemy
blade,heat,katana,little-alchemy
blade,hospital,scalpel,little-alchemy
blade,human,blood,little-alchemy
blade,human,corpse,little-alchemy
blade,livestock,meat,little-alchemy
blade,metal,sword,little-alchemy
blade,motion,blender,little-alchemy
blade,mouse,mousetrap,little-alchemy
blade,ninja,katana,little-alchemy
blade,ninja,shuriken,little-alchemy
blade,paper,confetti,little-alchemy
blade,paper,scissors,little-alchemy
blade,pencil,pencil sharpener,little-alchemy
blade,pig,leather,little-alchemy
blade,plant,rose,little-alchemy
blade,pumpkin,jack-o'-lantern,little-alchemy
blade,seaplane,helicopter,little-alchemy
blade,shark,swordfish,little-alchemy
blade,sheep,leather,little-alchemy
blade,sheep,wool,little-alchemy
blade,shuriken,katana,little-alchemy
blade,star,shuriken,little-alchemy
blade,steel,sword,little-alchemy
blade,sword,scissors,little-alchemy
blade,tree,sap,little-alchemy
blade,wheat,scythe,little-alchemy
blade,wind turbine,blender,little-alchemy
blade,windmill,blender,little-alchemy
blade,wood,axe,little-alchemy
blade,wood,sword,little-alchemy
blender,fruit,smoothie,little-alchemy
blender,pencil,pencil sharpener,little-alchemy
blender,wood,paper,little-alchemy
blizzard,crystal ball,snow globe,little-alchemy
blizzard,dog,husky,little-alchemy
blizzard,glass,snow globe,little-alchemy
blizzard,monster,yeti,infinite-craft
blob,blob,shoggoth,clones
blob,blood,blood imp,clones
blob,bone,undead slime,clones
blob,camouflage,d-3000,clones
blob,card,trading card,clones
blob,cartoon,oozer,clones
blob,cat,fat cat,clones
blob,celebration,pb & jelly time,clones
blob,chinchilla,alien beastie,clones
blob,cursed,undead slime,clones
blob,darkness,smog horror,clones
blob,death,undead slime,clones
blob,demon,undead slime,clones
blob,desert,alien mob boss,clones
blob,destruction,smog horror,clones
blob,dragon,dragon fire,clones
blob,earth,mudslide,clones
blob,energy,pb & jelly time,clones
blob,extraterrestrial,the ooze,clones
blob,fairy,bumpy princess,clones
blob,fire,dragon fire,clones
blob,fish,moon jellyfish,clones
blob,food,pb & jelly time,clones
blob,galaxy wars,alien mob boss,clones
blob,giant,smog horror,clones
blob,golem,slime warrior,clones
blob,halloween,undead slime,clones
blob,hammer,slime warrior,clones
blob,healing,evil symbiote,clones
blob,holidays,fruit cake,clones
blob,holy water,gelmancer,clones
blob,hopefulness,pb & jelly time,clones
blob,horn,snoring monster,clones
blob,horse,gummy duo,clones
blob,human,gummy duo,clones
blob,hybrid,evil symbiote,clones
blob,ice,snowman,clones
blob,immortality,the ooze,clones
blob,insect,mind slug,clones
blob,invention,d-3000,clones
blob,jungle,mudslide,clones
blob,knight,slime warrior,clones
blob,knowledge,mind slug,clones
blob,leader,bumpy princess,clones
blob,life,virus,clones
blob,love,hungry panda hero,clones
blob,madness,evil symbiote,clones
blob,magic,gelmancer,clones
blob,martial arts,hungry panda hero,clones
blob,medieval,fat king,clones
blob,metal,d-3000,clones
blob,mind control,entropic magic,clones
blob,miniature,flapjack octopus,clones
blob,monkey,sea monkey,clones
blob,monster,smog horror,clones
blob,moon,moon jellyfish,clones
blob,multiples,shoggoth,clones
blob,music,hypnotic singer,clones
blob,mutation,cyborg alien mutant,clones
blob,myth,shoggoth,clones
blob,parasite,evil symbiote,clones
blob,pirate,the fortune's cookie,clones
blob,pocket pet,hypnotic singer,clones
blob,poison,smog horror,clones
blob,precious ring lore,tentacled beast,clones
blob,prehistoric,fossil,clones
blob,psychic,mind slug,clones
blob,radiation,the ooze,clones
blob,rainbow,gelmancer,clones
blob,robot,d-3000,clones
blob,royal game,fat king,clones
blob,royalty,bumpy princess,clones
blob,sci-fi,the ooze,clones
blob,science,d-3000,clones
blob,shrine,festival feast,clones
blob,sidekick,oozer,clones
blob,sleep,snoring monster,clones
blob,snake,gummy worm,clones
blob,space,bumpy princess,clones
blob,speed,quicksand,clones
blob,spirit,oozer,clones
blob,strength,smog horror,clones
blob,sun,radioactive avenger,clones
blob,superhero,puff hero,clones
blob,sweets,fluff puff,clones
blob,the chosen one,hypnotic singer,clones
blob,time,pb & jelly time,clones
blob,toy,gummy duo,clones
blob,tree,fossil,clones
blob,trident,slime warrior,clones
blob,turkey day,greed,clones
blob,undead,undead slime,clones
blob,underground,quicksand,clones
blob,underwater,moon jellyfish,clones
blob,villain,evil symbiote,clones
blob,void,shoggoth,clones
blob,war,slime warrior,clones
blob,water,mudslide,clones
blob,water serpent,gummy worm,clones
blob,wealth,alien mob boss,clones
blob,weapon,slime warrior,clones
blob,wind,puff hero,clones
blob,wings,puff hero,clones
blob,wintertide,ornamental pickle,clones
blob,wizard,gelmancer,clones
blob,wizarding school,mandrake,clones
blood,blood,blood bros,clones
blood,bone,skeletal vampire,clones
blood,bottle,blood bag,little-alchemy
blood,card,haunted house of cards,clones
blood,cartoon,vampire queen,clones
blood,cat,lion,little-alchemy
blood,cat,sekhmet,clones
blood,celebration,vamping vera,clones
blood,chinchilla,vampchilla,clones
blood,cold,lizard,little-alchemy
blood,container,blood bag,little-alchemy
blood,cursed,dracula,clones
blood,darkness,blood angel,clones
blood,death,unicorn blood,clones
blood,demon,blood imp,clones
blood,desert,sekhmet,clones
blood,destruction,sekhmet,clones
blood,diamond,ruby,clones
blood,dinosaur,tyrannosaurus rex,little-alchemy
blood,dog,flea,clones
blood,dog,wolf,little-alchemy
blood,dragon,fireblood dragon,clones
blood,earth,dwarf,clones
blood,elf,mana elf,clones
blood,energy,bloodlust,clones
blood,fabric,bandage,little-alchemy
blood,fairy,blood imp,clones
blood,fairy tale,bluebeard,clones
blood,fang,vampire,infinite-craft
blood,fire,fireblood dragon,clones
blood,fish,piranha,little-alchemy
blood,fish,shark,little-alchemy
blood,fish,tongue parasite,clones
blood,food,bloody mary,clones
blood,galaxy wars,blue fizz refresher,clones
blood,golem,vampiric gargoyle,clones
blood,halloween,bloody mary,clones
blood,healing,unicorn blood,clones
blood,holy water,sekhmet,clones
blood,hopefulness,vaccine,clones
blood,horn,unicorn blood,clones
blood,horse,unicorn blood,clones
blood,human,blood bros,clones
blood,human,vampire,clones;little-alchemy
blood,hybrid,half-blood professor,clones
blood,ice,cold hearted,clones
blood,immortality,blood bath,clones
blood,imp,vampire,clones
blood,insect,mosquito,clones
blood,invention,nanobots,clones
blood,jungle,killer plant,clones
blood,knight,vampire knight,clones
blood,knowledge,blood analyst,clones
blood,leader,vampire queen,clones
blood,life,blood bath,clones
blood,love,blood bros,clones
blood,madness,bloodlust,clones
blood,magic,blood mage,clones
blood,man,vampire,clones
blood,martial arts,sunwalker vampire,clones
blood,medieval,vampire knight,clones
blood,metal,vampire knight,clones
blood,mind control,bloodlust,clones
blood,miniature,blood imp,clones
blood,monkey,monkey planet,clones
blood,monster,bloody prom queen,clones
blood,moon,blood moon,clones
blood,multiples,vampire coven,clones
blood,music,vampire queen,clones
blood,myth,sekhmet,clones
blood,ocean,shark,little-alchemy
blood,parasite,leech,clones
blood,pirate,vampirate,clones
blood,plant,killer vegetables,clones
blood,pocket pet,luckymon,clones
blood,poison,electric eel,clones
blood,precious ring lore,wraith dagger,clones
blood,prehistoric,mosquito,clones
blood,psychic,bloody prom queen,clones
blood,radiation,radiation sickness,clones
blood,rainbow,unicorn blood,clones
blood,relic,red violin,clones
blood,reptile,cold hearted,clones
blood,robot,d-3000,clones
blood,royal game,blue witch,clones
blood,royalty,vampire queen,clones
blood,sack,blood bag,little-alchemy
blood,sci-fi,bloody prom queen,clones
blood,science,blood analyst,clones
blood,sea,shark,little-alchemy
blood,shrine,veined castle,clones
blood,sidekick,ball companion,clones
blood,sleep,bed bug,clones
blood,snake,cold hearted,clones
blood,space,blood moon,clones
blood,speed,bloodlust,clones
blood,spirit,bloody mary,clones
blood,strength,bloodlust,clones
blood,sun,sparkling vampire,clones
blood,superhero,sunwalker vampire,clones
blood,sweets,vamp crunch,clones
blood,sword,sunwalker vampire,clones
blood,the chosen one,bloody prom queen,clones
blood,turkey day,turkey,clones
blood,turtle,cold hearted,clones
blood,uncut diamond,ruby,clones
blood,undead,bloody mary,clones
blood,underwater,vampire squid,clones
blood,vampire,bloodlust,clones
blood,vampire,vampire,clones
blood,villain,dracula,clones
blood,void,bloody mary,clones
blood,war,bloodlust,clones
blood,water,tongue parasite,clones
blood,water serpent,cold hearted,clones
blood,wealth,dracula,clones
blood,weapon,sunwalker vampire,clones
blood,weapon,sword,clones
blood,werewolf,werevamp,clones
blood,wings,blood angel,clones
blood,wizard,blood mage,clones
blood,wizarding school,unicorn blood,clones
blood,wolf,werevamp,clones
blood,worm,leech,clones
blue,doctor who,tardis,infinite-craft
blue,teenage mutant ninja turtles,leonardo,infinite-craft
boar,cow,ox,clones
boat,cloth,sailboat,clones
boat,combustion engine,motorboat,clones
boat,diver,submarine,clones
boat,fabric,sailboat,little-alchemy
boat,fishing net,fishing boat,clones
boat,gun,battleship,clones
boat,human,sailor,little-alchemy
boat,iceberg,titanic,little-alchemy
boat,iron,ship,clones
boat,man,sailor,clones
boat,oil,tanker,clones
boat,oxygen container,submarine,clones
boat,pirate,pirate ship,little-alchemy
boat,sail,sail boat,clones
boat,scythe,grim reaper,little-alchemy
boat,sickness,seasickness,little-alchemy
boat,space,spaceship,little-alchemy
boat,steam engine,steam boat,clones
boat,steam engine,steamboat,little-alchemy
boat,steam engine,steamship,clones
boat,tool,rope,little-alchemy
boat,wind,sailboat,clones;little-alchemy
boat,wood,ship,clones
boat,wood,wooden ship,clones
boiler,carbon dioxide,fire extinguisher,little-alchemy
boiler,chain,machine,little-alchemy
boiler,coal,steam engine,clones
boiler,coal,steam-engine,clones
boiler,steam,pressure,clones
boiler,tool,machine,little-alchemy
boiler,tool,steam engine,little-alchemy
boiler,wheel,machine,little-alchemy
boiler,wheel,steam engine,little-alchemy
bomb,earth,land mine,clones
bomb,mushroom,nuclear bomb,clones
bomb,rocket,missile,clones
bomb,ship,naval mine,clones
bomb,soldier,hand grenade,clones
bomb,star,death star,clones
bomb,void,vacuum bomb,clones
bomb,weapon,cannon,clones
bone,bone,gashadokuro,clones
bone,bone,skeleton,little-alchemy
bone,camouflage,shapeshifter,clones
bone,card,haunted house of cards,clones
bone,cartoon,skeleton overlord,clones
bone,celebration,sugar skull,clones
bone,chicken,chicken wing,little-alchemy
bone,chinchilla,bone chin,clones
bone,corpse,skeleton,little-alchemy
bone,cursed,skeletal vampire,clones
bone,darkness,abyss knight,clones
bone,death,lich,clones
bone,demon,wight,clones
bone,desert,parched skeleton,clones
bone,destruction,outrealm warlord,clones
bone,dog,bone hound,clones
bone,dragon,skeletal dragon,clones
bone,earth,fossil,clones;little-alchemy
bone,fire,spectre ninja,clones
bone,food,sugar skull,clones
bone,giant,gashadokuro,clones
bone,golem,bone golem,clones
bone,halloween,pumpkin prince,clones
bone,hammer,bone golem,clones
bone,head,horns,clones
bone,holidays,pumpkin prince,clones
bone,holy water,necromancer,clones
bone,hopefulness,sugar skull,clones
bone,horn,horn dagger,clones
bone,horse,skeletal horse,clones
bone,hybrid,skeletal isle,clones
bone,ice,wight,clones
bone,immortality,the bone king,clones
bone,invention,x-ray,clones
bone,jungle,boneyard,clones
bone,knight,abyss knight,clones
bone,knowledge,lich,clones
bone,leader,the bone king,clones
bone,life,lich,clones
bone,madness,the bone king,clones
bone,magic,necromancer,clones
bone,martial arts,spectre ninja,clones
bone,medieval,abyss knight,clones
bone,metal,d-3000,clones
bone,mind control,the bone king,clones
bone,miniature,cavities,clones
bone,monster,gashadokuro,clones
bone,moon,bone chin,clones
bone,multiples,gashadokuro,clones
bone,music,bone xylophone,clones
bone,myth,gashadokuro,clones
bone,ocean,coral,little-alchemy
bone,parasite,abyss knight,clones
bone,pirate,big mojo,clones
bone,pocket pet,bone chin,clones
bone,poison,poison cloud,clones
bone,prehistoric,fossil,clones
bone,psychic,shadow prophet,clones
bone,radiation,gashadokuro,clones
bone,rainbow,sugar skull,clones
bone,relic,worship stones,clones
bone,reptile,skeletal worm,clones
bone,robot,d-3000,clones
bone,rock,fossil,little-alchemy
bone,rodent,bone chin,clones
bone,royal game,wight,clones
bone,royalty,the bone king,clones
bone,sci-fi,d-3000,clones
bone,science,pink skull,clones
bone,sea,coral,little-alchemy
bone,shrine,worship stones,clones
bone,sidekick,bone chin,clones
bone,smile,tooth,clones
bone,snake,skeletal worm,clones
bone,speed,demonic bike,clones
bone,spirit,sugar skull,clones
bone,stone,fossil,little-alchemy
bone,strength,outrealm warlord,clones
bone,sun,parched skeleton,clones
bone,superhero,the reaper,clones
bone,sweets,sugar skull,clones
bone,sword,bone sword,clones
bone,time,fossil,clones;little-alchemy
bone,toy,bone xylophone,clones
bone,trident,spork of doom,clones
bone,turtle,parched skeleton,clones
bone,undead,wight,clones
bone,underground,charon,clones
bone,underwater,fish bone,clones
bone,vampire,skeletal vampire,clones
bone,vehicle,demonic bike,clones
bone,villain,pink skull,clones
bone,void,outrealm warlord,clones
bone,water,charon,clones
bone,weapon,discipliner,clones
bone,werewolf,bone hound,clones
bone,wind,poison cloud,clones
bone,wings,skeletal dragon,clones
bone,wintertide,wight,clones
bone,wizard,skeletal mage,clones
bone,wizarding school,the snake lord,clones
bone,wolf,bone hound,clones
bone,wolf,dog,little-alchemy
bones,coins + wood,abacus,clones
bones,rope,needle and thread,clones
bonfire,clay,pottery,clones
bonfire,clay,pottery (doodle god),clones
bonfire,house,stove,clones
bonfire,leaves,smoke,clones
bonfire,leaves,smoke (doodle god),clones
bonfire,meat,steak,clones
bonfire,mirror,lighthouse,clones
bonfire,wood,ash and coal and bonfire,clones
book,book,bookshelf,infinite-craft
book,bookshelf,library,infinite-craft
book,building,library,clones
book,child,tale,clones
book,container,library,little-alchemy
book,cook,cookbook,little-alchemy
book,fashion,magazine,clones
book,fire,ash,clones
book,fire,ash (doodle god),clones
book,fire,ash (zed's alchemy),clones
book,hogwarts,harry potter,infinite-craft
book,house,library,little-alchemy
book,human,knowledge,clones
book,human,writer,little-alchemy
book,jungle,tarzan,infinite-craft
book,laser,cd,clones
book,library,knowledge,infinite-craft
book,magic,spell book,clones
book,man,scientist,clones
book,mechanism,typewriter,clones
book,microchip,e-book,clones
book,microchip,flash memory,clones
book,music,sheet music,little-alchemy
book,riddle,detective,clones
book,sex,censored,clones
book,sex,kama sutra,clones
book,software,hypertext,clones
book,spell,spell book,clones
book,tv,computer,clones
book/software,flash memory,memory card,clones
borehole,gas field,natural gas,clones
borehole,jack pump,oil,clones
borehole,water,draw well,clones
borscht,country,ukraine,clones
bottle,flower,vase,little-alchemy
bottle,jam,jar,little-alchemy
bottle,medicine,test tube,clones
bottle,milk shake,cup,little-alchemy
bottle,paint,bucket,little-alchemy
bottle,philosophy,container,little-alchemy
bottle,plant,vase,little-alchemy
bottle,river,bucket,little-alchemy
bottle,rose,vase,little-alchemy
bottle,smoothie,cup,little-alchemy
bottle,tea,cup,little-alchemy
bottle,tree,barrel,clones
bottle,water,mineral water,clones
bottle,wine,cork,clones
boulder,boulder,hill,little-alchemy
boulder,earth,hill,little-alchemy
boulder,grass,moss,little-alchemy
boulder,hammer,ore,little-alchemy
boulder,hammer,statue,little-alchemy
boulder,lighthouse,statue of liberty,infinite-craft
boulder,organic matter,mineral,little-alchemy
boulder,plant,moss,little-alchemy
boulder,rain,mud,infinite-craft
boulder,small,rock,little-alchemy
boulder,solar system,meteoroid,little-alchemy
boulder,space,meteoroid,little-alchemy
boulder,stone,hill,little-alchemy
boulder,sun,meteoroid,little-alchemy
bouquet,flag,feast,clones
bow,bullet,gun,little-alchemy
bow,electricity,stun gun,little-alchemy
bow,energy,stun gun,little-alchemy
bow,gunpowder,gun,little-alchemy
bow,human,warrior,little-alchemy
bow,metal,gun,little-alchemy
bow,steel,gun,little-alchemy
bow,wood,arrow,little-alchemy
box,car,truck,infinite-craft
box,chain,toolbox,little-alchemy
box,chicken wing,bucket,little-alchemy
box,cigarette,cigarette case,clones
box,electricity,battery,clones
box,game,minecraft,clones
box,hammer,toolbox,little-alchemy
box,hare,magic,clones
box,joker,jack-in-the-box,clones
box,letter,mailbox,little-alchemy
box,mailman,mailbox,little-alchemy
box,medicine,medicine chest,clones
box,melody,street organ,clones
box,money,safe,clones
box,paper,briefcase,clones
box,philosophy,container,little-alchemy
box,ribbon,gift,clones
box,ring,jewelry box,clones
box,ruler,toolbox,little-alchemy
box,sound,loudspeakers,clones
box,steel wool,toolbox,little-alchemy
box,tool,toolbox,little-alchemy
brains,undead,zombie,infinite-craft
brass,candle,candelabrum,clones
bread,butter,sandwich,clones
bread,cheese,pizza,little-alchemy
bread,cheese,sandwich,little-alchemy
bread,city,bakery,little-alchemy
bread,electricity,toaster,clones
bread,fire,toast,clones;infinite-craft;little-alchemy
bread,fried chicken,sandwich,clones
bread,ham,sandwich,little-alchemy
bread,house,bakery,little-alchemy
bread,human,baker,little-alchemy
bread,meat,hamburger,little-alchemy
bread,meat,sandwich,clones;little-alchemy
bread,spirit,beer,clones
bread,sugar,cake,little-alchemy
bread,sugar,cookies,clones
bread,time,mold,little-alchemy
bread,vegetable,sandwich,little-alchemy
bread,village,bakery,little-alchemy
bread,water,diet,clones
bread,water,kvass,clones
breakup,garage,band,infinite-craft
brick,brick,building,infinite-craft
brick,brick,wall,little-alchemy
brick,campfire,fireplace,little-alchemy
brick,concrete,brick house,clones
brick,electric boiler + wood,incomplete factory,clones
brick,engineer,wall,clones
brick,fireplace,chimney,little-alchemy
brick,human,house,little-alchemy
brick,man,house,clones
brick,man,house (alchemy 1000),clones
brick,mario,coin,clones
brick,sandbox,minecraft,infinite-craft
brick,smoke,chimney,little-alchemy
brick,star wars,lego,infinite-craft
brick,tool,house,little-alchemy
brick,wall,house,infinite-craft
brick,water,dam,clones
brick,wind,house,infinite-craft
brick,wood,incomplete building,clones
brick house,fossil,museum,clones
brick house,glass,skyscraper,clones
brick house,plesiosauria,museum,clones
brick house,sick,hospital,clones
brick house,tequila,bar,clones
brick house,vodka,bar,clones
bricks,bricks,walls,clones
bricks,concrete,house,clones
bricks,concrete,house (doodle god),clones
bricks,human,house,clones
bricks,human,house (doodle god),clones
bride,gold,ring,clones
bridge,contrast,tunnel,clones
briefcase,safe,secret,clones
broken,fairy tale,shrek,infinite-craft
bronze,lightning,electricity,clones
broom,cauldron,witch,little-alchemy
broom,computer,robot vacuum,little-alchemy
broom,container,closet,little-alchemy
broom,electricity,vacuum cleaner,little-alchemy
broom,human,witch,little-alchemy
broom,legend,witch,little-alchemy
broom,machine,vacuum cleaner,little-alchemy
broom,magic,witch,little-alchemy
broom,robot,robot vacuum,little-alchemy
broom,stick,mop,clones
broom,story,witch,little-alchemy
broom,wizard,quidditch,infinite-craft
broom,wizard,witch,clones;little-alchemy
brush,paint,picture,clones
brush,sound,music,clones
brush,sound,music (alchemy 1000),clones
bubbles,sugar,soda,infinite-craft
bucket,jam,jar,little-alchemy
bucket,philosophy,container,little-alchemy
bug,butterfly,ladybug,clones
building,car,garage,clones
building,child,school,clones
building,cloud,skyscraper,clones
building,coffee,cafe,clones
building,documents,company,clones
building,dynamite,colosseum,clones
building,engineer,factory,clones
building,exhibit,museum,clones
building,forest,castle,clones
building,game,casino,clones
building,letter,post office,clones
building,medicament,drugstore,clones
building,medicine,hospital,clones
building,money,bank,clones
building,mummy,pyramid,clones
building,park,city,clones
building,petrol,gas station,clones
building,radiation,nuclear power plant,clones
building,saw,sawmill,clones
building,sea,oil,clones
building,sport,stadium,clones
building,tourist,hotel,clones
building,train,railway station,clones
building,waterfall,hydroelectric station,clones
bulb,stick,floor lamp,clones
bull,lemonade,red bull,clones
bullet,container,gun,little-alchemy
bullet,human,corpse,little-alchemy
bullet,lightning,laser,infinite-craft
bullet,metal,gun,little-alchemy
bullet,mirror,vampire,infinite-craft
bullet,steel,gun,little-alchemy
bullet,wood,arrow,little-alchemy
bulletproof vest,glasses,safety glasses,little-alchemy
bus,child,school bus,clones
bus,container,garage,little-alchemy
bus,electricity,tram,clones
bus,horns,trolleybus,clones
bus,house,garage,little-alchemy
bus,house,rv,little-alchemy
bus,ice cream,ice cream truck,little-alchemy
bus,wall,garage,little-alchemy
bushes,human,berries and leaves,clones
butcher,butcher,idea,little-alchemy
butcher,chicken,meat,little-alchemy
butcher,cow,meat,little-alchemy
butcher,fish,meat,little-alchemy
butcher,flying fish,meat,little-alchemy
butcher,frog,meat,little-alchemy
butcher,livestock,meat,little-alchemy
butcher,medusa,statue,little-alchemy
butcher,pig,meat,little-alchemy
butcher,shark,meat,little-alchemy
butcher,swordfish,meat,little-alchemy
butter,egg,cake,infinite-craft
butter,metal,gold,little-alchemy
butter,nuts,peanut butter,little-alchemy
butter,steel,gold,little-alchemy
butter,tree,olive oil,clones
butterfly,butterfly,egg,little-alchemy
butterfly,candle,moth,little-alchemy
butterfly,earth,beetle,clones
butterfly,earth,fossil,clones
butterfly,flashlight,moth,little-alchemy
butterfly,lamp,moth,little-alchemy
butterfly,light,moth,little-alchemy
butterfly,moon,moth,little-alchemy
butterfly,net,butterfly net,little-alchemy
butterfly,night,moth,little-alchemy
butterfly,scales,zero,clones
c-3po,r2-d2,star wars,clones
cacao tree,tools,cocoa bean,clones
cactus,metals,vegetable waste,clones
cactus,sand,desert,little-alchemy
cactus,tools,needle,clones
cactus,tools,needle (alchemy 1000),clones
cactus,tools,needle (alchemy classic),clones
cactus,worm,cochineal,clones
cafe,chicken,kfc,clones
cafe,pizza,pizza hut,clones
cage,sloth,zoo,clones
cake,city,bakery,little-alchemy
cake,container,box,little-alchemy
cake,house,bakery,little-alchemy
cake,house,gingerbread house,little-alchemy
cake,plant,vanilla,clones
cake,village,bakery,little-alchemy
calculator,tale,abacus,clones
camel,horse,llama,clones
camouflage,card,box special forces,clones
camouflage,cartoon,turtle warrior,clones
camouflage,celebration,sniping queen,clones
camouflage,chinchilla,ninchilla,clones
camouflage,cursed,dark swan,clones
camouflage,darkness,haunted doll,clones
camouflage,death,shadow people,clones
camouflage,demon,doll,clones
camouflage,desert,desert shrew,clones
camouflage,destruction,box special forces,clones
camouflage,dog,space dog,clones
camouflage,dragon,plant dragon,clones
camouflage,earth,swamp monster,clones
camouflage,energy,death ray,clones
camouflage,extraterrestrial,hunting alien,clones
camouflage,fairy,changeling,clones
camouflage,fairy tale,cheshire cat,clones
camouflage,fire,smoke screen,clones
camouflage,food,cursed apple,clones
camouflage,galaxy wars,bounty hunter clone,clones
camouflage,giant,mountain giant,clones
camouflage,golem,crying angel,clones
camouflage,halloween,trick or treater,clones
camouflage,hammer,trojan horse,clones
camouflage,healing,snake oil salesman,clones
camouflage,holidays,gingerbread warrior,clones
camouflage,holy water,holy grail,clones
camouflage,hopefulness,sergeant arnold,clones
camouflage,horn,rock dragon,clones
camouflage,horse,trojan horse,clones
camouflage,human,invisible dude,clones
camouflage,hybrid,mountain giant,clones
camouflage,ice,frost wolf,clones
camouflage,immortality,dorian gray,clones
camouflage,insect,leaf insect,clones
camouflage,invention,cybernetic humans,clones
camouflage,jungle,mist monkey,clones
camouflage,knight,sergeant arnold,clones
camouflage,knowledge,secret passage,clones
camouflage,life,holy grail,clones
camouflage,love,love potion,clones
camouflage,madness,cheshire cat,clones
camouflage,magic,shapeshifter,clones
camouflage,martial arts,smoke screen,clones
camouflage,medieval,holy grail,clones
camouflage,metal,d-3000,clones
camouflage,miniature,flapjack octopus,clones
camouflage,monkey,big foot,clones
camouflage,monster,dino hybrid,clones
camouflage,moon,death ray,clones
camouflage,multiples,many faced man,clones
camouflage,music,opera ghost,clones
camouflage,mutation,shifting mutant,clones
camouflage,parasite,arm parasite,clones
camouflage,pirate,nautilus 20k,clones
camouflage,plant,plant clones,clones
camouflage,pocket pet,plantasaur,clones
camouflage,poison,octopus,clones
camouflage,precious ring lore,lord of horses,clones
camouflage,prehistoric,dino hybrid,clones
camouflage,psychic,four eyed raven,clones
camouflage,radiation,stealth bomber,clones
camouflage,rainbow,chameleon,clones
camouflage,relic,death's gift,clones
camouflage,reptile,chameleon,clones
camouflage,robot,transformobot,clones
camouflage,rodent,ninchilla,clones
camouflage,royal game,forestfolk,clones
camouflage,royalty,cinderella,clones
camouflage,sci-fi,invisible dude,clones
camouflage,science,dr. jekyll,clones
camouflage,sidekick,shifting mutant,clones
camouflage,sleep,cursed apple,clones
camouflage,snake,devil,clones
camouflage,space,alien reptile,clones
camouflage,speed,cheetah,clones
camouflage,spirit,opera ghost,clones
camouflage,strength,sergeant arnold,clones
camouflage,sun,death ray,clones
camouflage,superhero,sergeant arnold,clones
camouflage,sweets,pinata,clones
camouflage,sword,arm parasite,clones
camouflage,the chosen one,the ring courier,clones
camouflage,time,d-3000,clones
camouflage,toy,action figure,clones
camouflage,tree,treant,clones
camouflage,turtle,turtle warrior,clones
camouflage,undead,kung fu zombie,clones
camouflage,underground,secret passage,clones
camouflage,underwater,octopus,clones
camouflage,vampire,human,clones
camouflage,vehicle,transformobot,clones
camouflage,villain,shifting mutant,clones
camouflage,void,shadow people,clones
camouflage,war,box special forces,clones
camouflage,water,octopus,clones
camouflage,water serpent,octopus,clones
camouflage,wealth,precious ring,clones
camouflage,weapon,precious ring,clones
camouflage,werewolf,wolf in sheep duds,clones
camouflage,wind,stealth bomber,clones
camouflage,wings,stealth bomber,clones
camouflage,wintertide,gelt,clones
camouflage,wizard,shapeshifter,clones
camouflage,wizarding school,death's gift,clones
camouflage,wolf,wolf in sheep duds,clones
campfire,celebrity,ghost,infinite-craft
campfire,container,fireplace,little-alchemy
campfire,fabric,smoke signal,little-alchemy
campfire,garden,bbq,little-alchemy
campfire,gun,flamethrower,little-alchemy
campfire,ham,bacon,little-alchemy
campfire,house,bbq,little-alchemy
campfire,house,fireplace,little-alchemy
campfire,human,cook,little-alchemy
campfire,human,story,little-alchemy
campfire,meat,bbq,little-alchemy
campfire,metal,bbq,little-alchemy
campfire,paper,ash,little-alchemy
campfire,pig,bacon,little-alchemy
campfire,rain,ash,little-alchemy
campfire,steel,bbq,little-alchemy
campfire,storm,smoke,little-alchemy
campfire,sugar,marshmallows,little-alchemy
campfire,time,ash,little-alchemy
campfire,time,smoke,little-alchemy
campfire,wall,fireplace,little-alchemy
campfire,water,ash,little-alchemy
campfire,water,smoke,little-alchemy
campfire,witch,cauldron,little-alchemy
campfire,wolf,dog,little-alchemy
canada,ice,hockey,clones
cancer,time,corpse,clones
candle,donut,cake,little-alchemy
candle,dough,cake,little-alchemy
candle,pumpkin,jack lantern,clones
candle,pumpkin,jack-o'-lantern,little-alchemy
candle,pumpkin,jack-o-lantern,little-alchemy
candle,tree,christmas tree,little-alchemy
candy,cocoa,chocolate,clones
candy,egg,kinder surprise,clones
candy,game,candy crush,infinite-craft
candy,holiday stockings,holiday stockings with gifts,clones
candy,rainbow,skittles,clones
canines,cloven-hoofed animals,nonruminants,clones
canines,fish,sharks,clones
canines,tools,saw,clones
cannon,fire,cannonball,infinite-craft
cannon,gun,machine gun,infinite-craft
cannon,meme,rickroll,infinite-craft
cannon,port,fort,clones
cannon,water,battle cruiser,clones
canvas,human,painter,little-alchemy
canvas,paint,painting,little-alchemy
canvas,painter,painting,little-alchemy
canvas,stick,sail,clones
canvas,stick,sail (doodle god),clones
caoutchouc,sulfur,ebonit,clones
caoutchouc,volcano,rubber,clones
captain america,iron man,civil war,infinite-craft
captain hook,disney,peter pan,infinite-craft
captain hook,peter pan,hook,infinite-craft
car,car,bus,little-alchemy
car,caterpillar platform,all-terrain vehicle,clones
car,city,bus,little-alchemy
car,container,garage,little-alchemy
car,cow,lamborghini,clones
car,cow,tractor,little-alchemy
car,doctor,ambulance,little-alchemy
car,earth,road,clones
car,earth,tire,infinite-craft
car,electricity,electric car,little-alchemy
car,electricity,hybrid vehicle,clones
car,electricity,tesla,infinite-craft
car,engine,racecar,infinite-craft
car,farmer,tractor,little-alchemy
car,field,tractor,little-alchemy
car,fire,firetruck,little-alchemy
car,fire extinguisher,firetruck,little-alchemy
car,firefighter,firetruck,little-alchemy
car,fireman,firetruck,little-alchemy
car,forest,jeep,clones
car,france,renault,clones
car,germany,bmw,clones
car,glacier,snowmobile,little-alchemy
car,gun,panzer,clones
car,gun,tank,little-alchemy
car,horse,ferrari,clones
car,hospital,ambulance,clones;little-alchemy
car,house,garage,infinite-craft;little-alchemy
car,house,rv,little-alchemy
car,ice,snowmobile,little-alchemy
car,ice cream,ice cream truck,little-alchemy
car,italy,fiat,clones
car,james bond 007,aston martin,clones
car,japan,toyota,clones
car,letter,mail truck,little-alchemy
car,life,transformers,clones
car,mailman,mail truck,little-alchemy
car,man,bus,clones
car,metal,tank,little-alchemy
car,money,parking meter,clones
car,moon,moon rover,little-alchemy
car,moon,moonrover,clones
car,motorcycle,atv,clones
car,mountain,cable car,little-alchemy
car,mountain range,cable car,little-alchemy
car,mud,rally,infinite-craft
car,needle,sewing machine,clones
car,new york,taxi,infinite-craft
car,nitrogen,nitro,clones
car,order,traffic lights,clones
car,park,roller coaster,little-alchemy
car,post office,mail truck,little-alchemy
car,road,steering wheel,clones
car,robot,transformer,clones
car,shovel,excavator,clones;little-alchemy
car,sick,ambulance,clones
car,snow,snowmobile,little-alchemy
car,solar cell,electric car,little-alchemy
car,soldier,troop-carrier,clones
car,sound,klaxon,clones
car,space,spaceship,little-alchemy
car,star,mercedes,clones
car,steel,tank,little-alchemy
car,swamp,tractor,clones
car,tornado,formula 1,clones
car,train,bus,little-alchemy
car,usa,ford,clones
car,void,moon lander,clones
car,wall,garage,little-alchemy
car,wind,sportscar,clones
car,wind turbine,electric car,little-alchemy
caramel,chocolate,caramelo,little-alchemy
caramel,orchard,caramel apple,little-alchemy
caramelo,cookie,twix,little-alchemy
carbon,hydrogen,hydrocarbon,clones
carbon,iron,cast iron,clones
carbon,potassium nitrate + sulfur,gunpowder,clones
carbon,stone,diamond,clones
carbon,zinc,znc battery,clones
carbon dioxide,cold,dry ice,clones;little-alchemy
carbon dioxide,fire,fire extinguisher,little-alchemy
carbon dioxide,forest,oxygen,clones
carbon dioxide,grass,oxygen,little-alchemy
carbon dioxide,grove,grove,clones
carbon dioxide,grove,oxygen,clones
carbon dioxide,ice,dry ice,little-alchemy
carbon dioxide,juice,soda,little-alchemy
carbon dioxide,metal,fire extinguisher,little-alchemy
carbon dioxide,philosophy,small,little-alchemy
carbon dioxide,plant,oxygen,little-alchemy
carbon dioxide,pressure,fire extinguisher,little-alchemy
carbon dioxide,sodium hydroxide,soda,clones
carbon dioxide,sodium hydroxide,water,clones
carbon dioxide,steel,fire extinguisher,little-alchemy
carbon dioxide,tea,soda,little-alchemy
carbon dioxide,tree,oxygen,clones;little-alchemy
carbon dioxide,tree,tree,clones
carbon dioxide,water,aerated water,clones
carbon dioxide,water,soda,little-alchemy
carbon dioxide,water,soda water,clones
carbon dioxide,wine,champagne,clones
carcass,flintstone,bones and meat,clones
carcass,knife,sinew and meat and skin,clones
card,card,royal flush,clones
card,cartoon,master dueler,clones
card,cat,astro gang,clones
card,celebration,greeting card,clones
card,chinchilla,mecha chinzilla,clones
card,cursed,the gambler,clones
card,darkness,tarot reading,clones
card,death,haunted house of cards,clones
card,demon,haunted house of cards,clones
card,desert,trading card,clones
card,destruction,credit card,clones
card,dog,ninja doge,clones
card,dragon,white-eyed dragon,clones
card,earth,opal flower,clones
card,elf,trading card,clones
card,energy,opal flower,clones
card,extraterrestrial,psychic clone,clones
card,fairy,trading card,clones
card,fairy tale,card soldiers,clones
card,fire,fire sigil,clones
card,fish,gone fishin',clones
card,food,pastry cat,clones
card,galaxy wars,cryo smuggler,clones
card,giant,trading card,clones
card,golem,trading card,clones
card,halloween,haunted house of cards,clones
card,hammer,card soldiers,clones
card,healing,greeting card,clones
card,holidays,greeting card,clones
card,holy water,gone fishin',clones
card,hopefulness,greeting card,clones
card,horn,white-eyed dragon,clones
card,horse,pinata,clones
card,human,the gambler,clones
card,hybrid,man of many suits,clones
card,ice,frostwing,clones
card,immortality,opal flower,clones
card,insect,plantasaur,clones
card,invention,memory card,clones
card,knight,card soldiers,clones
card,knowledge,tarot reading,clones
card,leader,man of many suits,clones
card,life,greeting card,clones
card,love,credit card,clones
card,madness,the gambler,clones
card,magic,magicianbot,clones
card,medieval,royal flush,clones
card,metal,memory card,clones
card,mind control,tarot reading,clones
card,miniature,memory card,clones
card,monster,white-eyed dragon,clones
card,moon,haunted house of cards,clones
card,multiples,royal flush,clones
card,music,greeting card,clones
card,myth,tarot reading,clones
card,parasite,credit card,clones
card,plant,opal flower,clones
card,pocket pet,credit card,clones
card,precious ring lore,trading card,clones
card,prehistoric,white-eyed dragon,clones
card,psychic,tarot reading,clones
card,radiation,memory card,clones
card,rainbow,greeting card,clones
card,relic,ancient scrolls,clones
card,reptile,cobramon,clones
card,robot,memory card,clones
card,royal game,royal flush,clones
card,royalty,royal flush,clones
card,sci-fi,memory card,clones
card,science,memory card,clones
card,shrine,tarot reading,clones
card,sidekick,card soldiers,clones
card,sleep,tarot reading,clones
card,snake,cobramon,clones
card,space,cryo smuggler,clones
card,speed,the gambler,clones
card,spirit,haunted house of cards,clones
card,strength,the gambler,clones
card,sun,opal flower,clones
card,superhero,man of many suits,clones
card,sweets,candy hearts,clones
card,sword,card soldiers,clones
card,the chosen one,master dueler,clones
card,time,gone fishin',clones
card,toy,master dueler,clones
card,tree,professor pine,clones
card,trident,gone fishin',clones
card,turkey day,greeting card,clones
card,turtle,bubbles,clones
card,undead,haunted house of cards,clones
card,underground,bomb shelter,clones
card,underwater,gone fishin',clones
card,vampire,haunted house of cards,clones
card,vehicle,demonic bike,clones
card,villain,white-eyed dragon,clones
card,void,tarot reading,clones
card,war,card soldiers,clones
card,water,gone fishin',clones
card,water serpent,cobramon,clones
card,wealth,credit card,clones
card,weapon,card soldiers,clones
card,werewolf,haunted house of cards,clones
card,wind,frostwing,clones
card,wings,white-eyed dragon,clones
card,wintertide,stone hearth,clones
card,wizard,magicianbot,clones
card,wizarding school,chocolate lizards,clones
card,wolf,ninja doge,clones
cards,clown,joker,clones
cards,firefox,cardsharper,clones
carmine,diamond,ruby,clones
carmine,soda water,coca-cola,clones
carmine,uncut diamond,ruby,clones
carnival,flag,brazil,clones
carousel,theater,circus,clones
carrot,snow,snowman,little-alchemy
carrot,snowball,snowman,little-alchemy
cart,combustion engine,car,clones;little-alchemy
cart,cow,wagon,little-alchemy
cart,engine,car,clones
cart,fabric,wagon,little-alchemy
cart,horse,wagon,little-alchemy
cart,horses,stagecoach,clones
cart,house,wagon,little-alchemy
cart,ice,sleigh,little-alchemy
cart,livestock,team,clones
cart,mountain,roller coaster,little-alchemy
cart,oil,car,clones
cart,park,roller coaster,little-alchemy
cart,princess,coach,clones
cart,shopping,shopping cart,clones
cart,skis,sledge,clones
cart,skis,sledge (alchemy classic),clones
cart,snow,sledge,little-alchemy
cart,snow,sleigh,little-alchemy
cart,steam engine,locomobile,clones
cart,steam engine,locomotive,clones
cart,steam-engine,locomotive,clones
cart,steamengine,locomotive,clones
cart,wall,wagon,little-alchemy
cart,warrior,chariot,clones
cartoon,cat,meowmon,clones
cartoon,celebration,astro gang,clones
cartoon,chinchilla,pikamon,clones
cartoon,cursed,cursed aztec prince,clones
cartoon,darkness,the dadabook,clones
cartoon,death,mr. beetleson,clones
cartoon,deer,bambi,clones
cartoon,demon,skeleton overlord,clones
cartoon,desert,desert shrew,clones
cartoon,destruction,titan of destruction,clones
cartoon,dog,jack the dog,clones
cartoon,dragon,ember,clones
cartoon,dysfunctional,simpsons,infinite-craft
cartoon,earth,planet commander,clones
cartoon,elf,blue folk,clones
cartoon,energy,pikamon,clones
cartoon,extraterrestrial,bumpy princess,clones
cartoon,fairy,fairy godmother,clones
cartoon,fairy tale,ogre princess,clones
cartoon,fire,ember,clones
cartoon,fish,magicod,clones
cartoon,food,food squad,clones
cartoon,galaxy wars,chin trooper,clones
cartoon,genie,aladdin,clones
cartoon,giant,snoring monster,clones
cartoon,golem,gargoyle,clones
cartoon,halloween,mr. beetleson,clones
cartoon,hammer,hammer time,clones
cartoon,healing,healthbot hero,clones
cartoon,holidays,rudolph,clones
cartoon,holy water,medic,clones
cartoon,hopefulness,planet commander,clones
cartoon,horn,speed demon,clones
cartoon,horse,my mini horse,clones
cartoon,human,adventure kid,clones
cartoon,hybrid,fused martial artists,clones
cartoon,ice,bubbles,clones
cartoon,ice,ice age,clones
cartoon,immortality,mumbling kid,clones
cartoon,insect,mr. beetleson,clones
cartoon,invention,rex's lab,clones
cartoon,japan,anime,clones
cartoon,jungle,lion prince,clones
cartoon,knight,sword prince,clones
cartoon,knowledge,rex's lab,clones
cartoon,leader,sensei rat,clones
cartoon,life,gummy duo,clones
cartoon,love,moon heroine,clones
cartoon,madness,ice king,clones
cartoon,magic,skeleton overlord,clones
cartoon,martial arts,samurai hero,clones
cartoon,medieval,bouncy bears,clones
cartoon,metal,transformobot,clones
cartoon,mind control,hypnoturtle,clones
cartoon,miniature,protozoan villain,clones
cartoon,monkey,momo x,clones
cartoon,monster,skeleton overlord,clones
cartoon,moon,moon heroine,clones
cartoon,multiples,villain groupies,clones
cartoon,music,gem,clones
cartoon,mutant,shrek,clones
cartoon,mutation,mutated rhino,clones
cartoon,parasite,mind slug,clones
cartoon,pirate,demon puncher,clones
cartoon,plant,killer vegetables,clones
cartoon,pocket pet,astro gang,clones
cartoon,poison,radioactive avenger,clones
cartoon,prehistoric,pup,clones
cartoon,psychic,professor y,clones
cartoon,radiation,radioactive avenger,clones
cartoon,rainbow,rainbow girl,clones
cartoon,relic,omni igniter,clones
cartoon,reptile,ember,clones
cartoon,robot,catron,clones
cartoon,rodent,genius and insane,clones
cartoon,royalty,master dueler,clones
cartoon,sci-fi,rex's lab,clones
cartoon,science,rex's lab,clones
cartoon,shrine,samurai hero,clones
cartoon,sidekick,pikamon,clones
cartoon,sleep,snoring monster,clones
cartoon,snake,general viper,clones
cartoon,space,bumpy princess,clones
cartoon,speed,speed demon,clones
cartoon,spirit,mr. beetleson,clones
cartoon,strength,healthy hero,clones
cartoon,sun,singing raisins,clones
cartoon,superhero,planet commander,clones
cartoon,sweets,candy princess,clones
cartoon,sword,stormcat,clones
cartoon,the chosen one,master dueler,clones
cartoon,time,professor beagle,clones
cartoon,toy,my mini horse,clones
cartoon,turkey day,robot turkey,clones
cartoon,turtle,turtle warrior,clones
cartoon,undead,mr. beetleson,clones
cartoon,underground,turtle warrior,clones
cartoon,underwater,robert sponge,clones
cartoon,underwater,spongebob squarepants,infinite-craft
cartoon,vampire,nosferatu duck,clones
cartoon,vehicle,burgermobile,clones
cartoon,villain,the grater,clones
cartoon,void,brain warlord,clones
cartoon,war,winter assassin,clones
cartoon,water,robert sponge,clones
cartoon,wealth,uncle duck,clones
cartoon,weapon,sword prince,clones
cartoon,werewolf,nine tails ninja,clones
cartoon,wind,windmaster eng,clones
cartoon,wings,angel kid,clones
cartoon,wintertide,uncle duck,clones
cartoon,wizard,skeleton overlord,clones
cartoon,wizarding school,death's gift,clones
cartoon,wolf,hungry coyote,clones
castle,clouds,cloud castle,clones
castle,desert,sand castle,little-alchemy
castle,dune,sand castle,little-alchemy
castle,gun,cannon,little-alchemy
castle,gunpowder,cannon,little-alchemy
castle,human,monarch,little-alchemy
castle,kingdom,king,infinite-craft
castle,night,ghost,little-alchemy
castle,palace,kingdom,infinite-craft
castle,sand,sand castle,little-alchemy
castle,story,fairy tale,little-alchemy
castle,time,ruins,little-alchemy
castle,village,town,clones
castle,water,moat,clones
cat,cat,catron,clones
cat,celebration,moshing miles,clones
cat,cheetah,jaguar,clones
cat,chinchilla,cat and mouse,clones
cat,country,egypt,clones
cat,cursed,black cat,clones
cat,darkness,black cat,clones
cat,death,sphinx,clones
cat,demon,black cat,clones
cat,desert,sphinx,clones
cat,destruction,catapult,clones
cat,dog,catdog,clones
cat,dog,doomsday omen,clones
cat,dragon,manticore,clones
cat,earth,sphinx,clones
cat,elf,animal whisperer,clones
cat,energy,stormcat,clones
cat,extraterrestrial,stormcat,clones
cat,fairy,crazy cat person,clones
cat,fairy tale,cheshire cat,clones
cat,fire,nine tailed fox,clones
cat,fish,catfish,clones
cat,fish,skeleton,clones
cat,flower,catnip,little-alchemy
cat,food,pastry cat,clones
cat,fox,lynx,clones
cat,galaxy wars,aquatic alien,clones
cat,giant,catron,clones
cat,golem,sphinx,clones
cat,grass,catnip,little-alchemy
cat,halloween,black cat,clones
cat,hammer,hammertron,clones
cat,hamster,mink,clones
cat,hamster,squirrel,clones
cat,healing,sekhmet,clones
cat,heron,gopher,clones
cat,herring,piranha,clones
cat,holidays,cute carolers,clones
cat,holy water,sekhmet,clones
cat,hopefulness,catron,clones
cat,human,crazy cat person,clones
cat,hybrid,manticore,clones
cat,ice,sabertooth cat,clones
cat,insect,manticore,clones
cat,invention,panther hero,clones
cat,jungle,maneaters,clones
cat,knight,stormcat,clones
cat,knowledge,meowmon,clones
cat,leader,lion,clones
cat,life,sekhmet,clones
cat,love,hey cat,clones
cat,lynx,cheetah,clones
cat,madness,crazy cat person,clones
cat,magic,pastry cat,clones
cat,medieval,griffin,clones
cat,metal,catron,clones
cat,mind control,cute charm,clones
cat,monarch,lion,little-alchemy
cat,monkey,larcenous pets,clones
cat,monster,manticore,clones
cat,moon,black cat,clones
cat,multiples,catron,clones
cat,music,keyboard cat,little-alchemy
cat,mutation,shade kitten,clones
cat,myth,manticore,clones
cat,paper,origami,little-alchemy
cat,parasite,flea,clones
cat,pharaoh,bastet,clones
cat,pig,goat,clones
cat,pig,goat (doodle farm),clones
cat,pirate,larcenous pets,clones
cat,plant,catnip,little-alchemy
cat,plant,pet plant,clones
cat,pocket pet,meowmon,clones
cat,poison,manticore,clones
cat,prehistoric,sabertooth cat,clones
cat,psychic,psychic clone,clones
cat,radiation,manticore,clones
cat,rainbow,pastry cat,clones
cat,rat,dog,clones
cat,rat,dog (doodle farm),clones
cat,robot,catron,clones
cat,rodent,cat and mouse,clones
cat,royal game,king killer,clones
cat,royalty,panther hero,clones
cat,sci-fi,catron,clones
cat,shrine,sphinx,clones
cat,sidekick,meowmon,clones
cat,sleep,cat nap,clones
cat,space,pastry cat,clones
cat,speed,cheetah,clones
cat,strength,lion,clones
cat,sun,cat nap,clones
cat,superhero,stormcat,clones
cat,sweets,pastry cat,clones
cat,sword,stormcat,clones
cat,tale,tom,clones
cat,the chosen one,stormcat,clones
cat,time,sphinx,clones
cat,toy,hey cat,clones
cat,tree,catapult,clones
cat,trident,stormcat,clones
cat,turkey day,fat cat,clones
cat,underwater,catfish,clones
cat,vampire,flea,clones
cat,vehicle,catron,clones
cat,villain,meowmon,clones
cat,void,black cat,clones
cat,war,catapult,clones
cat,water,catfish,clones
cat,water serpent,catfish,clones
cat,wealth,fat cat,clones
cat,weapon,catapult,clones
cat,werewolf,sabertooth cat,clones
cat,wild animal,lion,little-alchemy
cat,wings,manticore,clones
cat,wintertide,cute carolers,clones
cat,wizard,black cat,clones
cat,wizarding school,transmutation,clones
cat,wolf,sabertooth cat,clones
cat,zebra,lemur,clones
cat,zoo,tiger,clones
caterpillar,flowers,cocoon,clones
caterpillar,wheel,caterpillar platform,clones
cauldron,legend,witch,little-alchemy
cauldron,story,witch,little-alchemy
cave,green,moss,infinite-craft
cave,hill,tunnel,little-alchemy
cave,mountain,tunnel,little-alchemy
cave,mountain range,tunnel,little-alchemy
caveman,caveman,cavewoman,infinite-craft
caveman,cowboy,fred flintstone,infinite-craft
caveman,fight,club,infinite-craft
caviar,seaweed,sushi,little-alchemy
caviar,swamp,frog,clones
cd,cd,dvd,clones
celebration,chinchilla,mecha chinzilla,clones
celebration,cursed,thrilling zombie,clones
celebration,death,moshing miles,clones
celebration,demon,vamping vera,clones
celebration,desert,sand raider,clones
celebration,destruction,ella-gant ball,clones
celebration,dog,moshing miles,clones
celebration,dragon,dragon cannon,clones
celebration,earth,gaia,clones
celebration,elf,elf servant,clones
celebration,energy,rampant lucy,clones
celebration,extraterrestrial,xanthar the exultant,clones
celebration,fairy,pixie sugar,clones
celebration,fairy tale,happily ever after,clones
celebration,fire,vamping vera,clones
celebration,fish,everything is cake,clones
celebration,food,everything is cake,clones
celebration,galaxy wars,xanthar the exultant,clones
celebration,giant,ella-gant ball,clones
celebration,golem,fluff puff,clones
celebration,halloween,trick or treater,clones
celebration,hammer,hammer time,clones
celebration,healing,moshing miles,clones
celebration,holidays,harvest,clones
celebration,holy water,fountain of youth,clones
celebration,horn,ella-gant ball,clones
celebration,horse,pinata,clones
celebration,human,mini clone,clones
celebration,hybrid,party animal albert,clones
celebration,ice,puffin' leopold,clones
celebration,immortality,mr. pimm's wild ride,clones
celebration,insect,puffin' leopold,clones
celebration,invention,party animal albert,clones
celebration,jungle,jungle welcoming,clones
celebration,knight,horn of man,clones
celebration,knowledge,alchemical graduate,clones
celebration,leader,pied piper,clones
celebration,life,moshing miles,clones
celebration,love,true love's kiss,clones
celebration,madness,rampant lucy,clones
celebration,magic,alchemical graduate,clones
celebration,martial arts,sniping queen,clones
celebration,medieval,mr. pimm's wild ride,clones
celebration,metal,mecha chinzilla,clones
celebration,mind control,xanthar the exultant,clones
celebration,miniature,musical workers,clones
celebration,monkey,puffin' leopold,clones
celebration,monster,ella-gant ball,clones
celebration,moon,xanthar the exultant,clones
celebration,multiples,fair princess,clones
celebration,music,pb & jelly time,clones
celebration,mutation,party animal albert,clones
celebration,myth,mr. pimm's wild ride,clones
celebration,pirate,the fortune's cookie,clones
celebration,plant,christmas tree,clones
celebration,pocket pet,everything is cake,clones
celebration,poison,party animal albert,clones
celebration,prehistoric,ella-gant ball,clones
celebration,psychic,xanthar the exultant,clones
celebration,radiation,party animal albert,clones
celebration,rainbow,rampant lucy,clones
celebration,relic,mr. pimm's wild ride,clones
celebration,reptile,ella-gant ball,clones
celebration,robot,mecha chinzilla,clones
celebration,rodent,everything is cake,clones
celebration,royal game,mr. pimm's wild ride,clones
celebration,royalty,sniping queen,clones
celebration,sci-fi,rampant lucy,clones
celebration,science,party animal albert,clones
celebration,shrine,candy nation,clones
celebration,sidekick,anna-versary,clones
celebration,sleep,hypnotic singer,clones
celebration,snake,snakes in a can,clones
celebration,space,xanthar the exultant,clones
celebration,speed,mr. pimm's wild ride,clones
celebration,spirit,chilling brina,clones
celebration,strength,ella-gant ball,clones
celebration,sun,vamping vera,clones
celebration,superhero,jumping hero,clones
celebration,sweets,everything is cake,clones
celebration,sword,excalibur,clones
celebration,the chosen one,alchemical graduate,clones
celebration,time,mr. pimm's wild ride,clones
celebration,toy,puffin' leopold,clones
celebration,tree,anna-versary,clones
celebration,trident,sniping queen,clones
celebration,turkey day,everything is cake,clones
celebration,turtle,moshing miles,clones
celebration,undead,moshing miles,clones
celebration,underground,bomb shelter,clones
celebration,vampire,vamping vera,clones
celebration,vehicle,mr. pimm's wild ride,clones
celebration,villain,vamping vera,clones
celebration,void,vamping vera,clones
celebration,war,family reunion,clones
celebration,water,mecha chinzilla,clones
celebration,water serpent,mecha chinzilla,clones
celebration,wealth,uncle duck,clones
celebration,weapon,sniping queen,clones
celebration,werewolf,party animal albert,clones
celebration,wind,puffin' leopold,clones
celebration,wings,puffin' leopold,clones
celebration,wintertide,fairy light festival,clones
celebration,wizard,alchemical graduate,clones
celebration,wizarding school,alchemical graduate,clones
celebration,wolf,party animal albert,clones
celebrity,ghost,ghostbuster,infinite-craft
celebrity,kung fu,bruce lee,infinite-craft
celebrity,music,justin bieber,infinite-craft
celebrity,panda,kung fu panda,infinite-craft
cellophane,glue,duct tape,clones
cellophane,music,audio casette,clones
cellphone,free apps,altruism,clones
cellphone,gift,free apps,clones
cellphone,personal computer,smartphone,clones
cells,water,plankton,clones
cellulose,incomplete factory,paper factory,clones
cellulose,paper factory,paper,clones
cement,water,concrete,clones
cemente,water,concrete,clones
censored,censored,censored,clones
censored,sex,censored,clones
cephalopods,sand,ammonites,clones
cephalopods,water,octopus,clones
ceramics,coin,piggy bank,clones
ceramics,tea leaves,teapot,clones
cereal,container,box,little-alchemy
cereals,metals,grains,clones
cereals,metals,straw,clones
cereals,rodent,hamsters,clones
cereals,water,rice,clones
chain,container,toolbox,little-alchemy
chain,tool,machine,little-alchemy
chain,wheel,bicycle,little-alchemy
chainsaw,forest,wood,little-alchemy
chainsaw,human,lumberjack,little-alchemy
chainsaw,tree,wood,little-alchemy
chair,king,throne,clones
chair,park,bench,clones
chair,pillow,armchair,clones
chair,saw,stool,clones
chameleon,chameleon,egg,little-alchemy
champagne,cork,fireworks,clones
champagne,country,france,clones
change,stone,sculpture,infinite-craft
chaos,diseases,epidemic,clones
chaos,void,astral,clones
chaos,war,terrorism,clones
charcoal,energy,gunpowder,little-alchemy
charcoal,metal,steel,little-alchemy
charcoal,mineral,gunpowder,little-alchemy
charcoal,wood,pencil,little-alchemy
chariot,sky,sun,clones
charity,human,generosity,clones
cheese,dough,pizza,clones;little-alchemy
cheese,farm,mouse,little-alchemy
cheese,fire,fondue,clones
cheese,fish,goldfish,little-alchemy
cheese,hamburger,cheeseburger,little-alchemy
cheese,house,mouse,little-alchemy
cheese,meat,hamburger,little-alchemy
cheese,metal,mousetrap,little-alchemy
cheese,night,moon,little-alchemy
cheese,pasta,mac and cheese,little-alchemy
cheese,sandwich,cheeseburger,little-alchemy
cheese,sky,moon,clones;little-alchemy
cheese,steel,mousetrap,little-alchemy
cheese,toast,grilled cheese,little-alchemy
cheese,tomato,pizza,infinite-craft
cheese,tools,mousetrap,clones
cheese,wall,mouse,little-alchemy
cheese,wheel,pizza,little-alchemy
cheese,wild animal,mouse,little-alchemy
cheese,wood,mousetrap,little-alchemy
cheetah,lynx,leopard,clones
cheetah,seagull,albatross,clones
chemical rubbish,container,chemical waste,clones
chemical rubbish,rodent,rats,clones
chick,chicken,sparrow,clones
chick,mosquito,kiwi,clones
chicken,chicken,egg,little-alchemy
chicken,chicken,rooster,clones
chicken,container,chicken coop,little-alchemy
chicken,corpse,vulture,little-alchemy
chicken,dog,fox,little-alchemy
chicken,egg,dilemma,clones
chicken,egg,philosophy,little-alchemy
chicken,farm,egg,infinite-craft
chicken,fire,chicken grill,clones
chicken,fire,fried chicken,clones
chicken,fire,roast,infinite-craft
chicken,flu,avian flu,clones
chicken,flying,penguin,infinite-craft
chicken,house,chicken coop,little-alchemy
chicken,hut,hen coop,clones
chicken,lake,duck,little-alchemy
chicken,life,egg,clones
chicken,life,egg (alchemy 1000),clones
chicken,liquid,chicken soup,little-alchemy
chicken,morning,rooster,clones
chicken,paper,origami,little-alchemy
chicken,peacock,turkey,clones
chicken,pigeon,peacock,clones
chicken,pond,duck,little-alchemy
chicken,rooster,chick,clones
chicken,sugar,peeps,little-alchemy
chicken,sword,meat,little-alchemy
chicken,tool,meat,little-alchemy
chicken,wall,chicken coop,little-alchemy
chicken,water,chicken soup,little-alchemy
chicken,water,duck,little-alchemy
chicken,wild animal,fox,little-alchemy
chicken,wolf,fox,little-alchemy
chicken coop,dog,fox,little-alchemy
chicken coop,wolf,fox,little-alchemy
chicken wing,container,bucket,little-alchemy
chicken wing,liquid,chicken soup,little-alchemy
chicken wing,water,chicken soup,little-alchemy
chickens,eggs,chicks,clones
chickens,grains,eggs,clones
chickens,swamp,swamp chickens,clones
child,cinema,cartoon,clones
child,life,game,clones
child,wolf,mowgli,clones
child,woman,doll,clones
chili pepper,flag,chile,clones
chimney,house,factory,little-alchemy
chimney,santa,gift,little-alchemy
china,cloth,silk,clones
china,earth,great wall,infinite-craft
china,sword,samurai,infinite-craft
china,warrior,ninja,infinite-craft
chinchilla,cursed,vampchilla,clones
chinchilla,darkness,vampchilla,clones
chinchilla,death,chinzombie,clones
chinchilla,demon,gremlin,clones
chinchilla,desert,dust bath,clones
chinchilla,destruction,chinzilla,clones
chinchilla,earth,dust bath,clones
chinchilla,energy,pikamon,clones
chinchilla,extraterrestrial,alien beastie,clones
chinchilla,fairy,flying squirrel,clones
chinchilla,fairy tale,wiz's apprentice,clones
chinchilla,fish,shark rider,clones
chinchilla,food,gremlin,clones
chinchilla,galaxy wars,chin trooper,clones
chinchilla,giant,chinzilla,clones
chinchilla,halloween,chinzombie,clones
chinchilla,hammer,cat and mouse,clones
chinchilla,healing,care chilla,clones
chinchilla,holidays,chudolph the braindeer,clones
chinchilla,holy water,chinchilla knight,clones
chinchilla,hopefulness,chin trooper,clones
chinchilla,horn,chinchillalope,clones
chinchilla,hybrid,chinchillalope,clones
chinchilla,ice,ice age,clones
chinchilla,immortality,vampchilla,clones
chinchilla,invention,bionic chinchilla,clones
chinchilla,jungle,forest chinchillas,clones
chinchilla,knight,chinchilla knight,clones
chinchilla,knowledge,wiz's apprentice,clones
chinchilla,leader,candy king chin,clones
chinchilla,life,care chilla,clones
chinchilla,love,care chilla,clones
chinchilla,madness,genius and insane,clones
chinchilla,magic,wiz's apprentice,clones
chinchilla,martial arts,ninchilla,clones
chinchilla,medieval,chinchilla knight,clones
chinchilla,metal,bionic chinchilla,clones
chinchilla,mind control,cute charm,clones
chinchilla,miniature,pikamon,clones
chinchilla,monkey,koala,clones
chinchilla,monster,chinzilla,clones
chinchilla,moon,ninchilla,clones
chinchilla,multiples,chin trooper,clones
chinchilla,music,mozart chin,clones
chinchilla,mutation,chinzilla,clones
chinchilla,myth,gremlin,clones
chinchilla,parasite,vampchilla,clones
chinchilla,pirate,larcenous pets,clones
chinchilla,plant,pet plant,clones
chinchilla,pocket pet,bone chin,clones
chinchilla,precious ring lore,forest chinchillas,clones
chinchilla,prehistoric,saberchilla,clones
chinchilla,psychic,animal whisperer,clones
chinchilla,rabbit,kangaroo,clones
chinchilla,radiation,chinzilla,clones
chinchilla,rainbow,care chilla,clones
chinchilla,reptile,gremlin,clones
chinchilla,robot,bionic chinchilla,clones
chinchilla,royalty,candy king chin,clones
chinchilla,sci-fi,chin trooper,clones
chinchilla,science,bionic chinchilla,clones
chinchilla,shrine,evomon,clones
chinchilla,sidekick,wiz's apprentice,clones
chinchilla,space,aviator chin,clones
chinchilla,speed,swift the chin,clones
chinchilla,spirit,rat reaper,clones
chinchilla,strength,bionic chinchilla,clones
chinchilla,sun,dust bath,clones
chinchilla,superhero,wonderful chin,clones
chinchilla,sweets,candy king chin,clones
chinchilla,sword,ninchilla,clones
chinchilla,tarantula,skunk,clones
chinchilla,the chosen one,wiz's apprentice,clones
chinchilla,time,chinzombie,clones
chinchilla,toy,stuffed plushie,clones
chinchilla,tree,flying squirrel,clones
chinchilla,trident,chinchillalope,clones
chinchilla,turkey day,pilgrim chin,clones
chinchilla,turtle,sensei rat,clones
chinchilla,undead,chinzombie,clones
chinchilla,underground,dust bath,clones
chinchilla,underwater,chin cousteau,clones
chinchilla,vampire,vampchilla,clones
chinchilla,vehicle,shark rider,clones
chinchilla,villain,gremlin,clones
chinchilla,void,ninchilla,clones
chinchilla,war,chinchilla knight,clones
chinchilla,water,gremlin,clones
chinchilla,water serpent,beaver,clones
chinchilla,weapon,bionic chinchilla,clones
chinchilla,wind,aviator chin,clones
chinchilla,wings,aviator chin,clones
chinchilla,wintertide,chudolph the braindeer,clones
chinchilla,wizard,wiz's apprentice,clones
chinchilla,wizarding school,transmutation,clones
chinese,goku,kung fu,infinite-craft
chips,company,pringles,clones
chlorine,hydrogen,hcl,clones
chlorine,methane,chloroform,clones
chlorine,sodium,salt,clones
chlorine,sodium,salt (alchemy classic),clones
chocolate,coconut,bounty chocolate bar,clones
chocolate,coconut,mounds,little-alchemy
chocolate,coconut milk,chocolate milk,little-alchemy
chocolate,dough,cookie dough,little-alchemy
chocolate,egg,cadbury eggs,little-alchemy
chocolate,fire,hot chocolate,clones
chocolate,heat,hot chocolate,little-alchemy
chocolate,milk,chocolate milk,little-alchemy
chocolate,mud,brownies,infinite-craft
chocolate,star wars,yoda,infinite-craft
chocolate milk,container,bottle,little-alchemy
chocolate milk,heat,hot chocolate,little-alchemy
chocolate milk,wheat,cereal,little-alchemy
christmas stocking,crystal ball,snow globe,little-alchemy
christmas stocking,glass,snow globe,little-alchemy
christmas stocking,human,santa,little-alchemy
christmas stocking,legend,santa,little-alchemy
christmas stocking,paper,wrapping paper,little-alchemy
christmas stocking,santa,gift,little-alchemy
christmas stocking,story,santa,little-alchemy
christmas stocking,sugar,candy cane,little-alchemy
christmas stocking,wrapping paper,gift,little-alchemy
christmas tree,crystal ball,snow globe,little-alchemy
christmas tree,glass,snow globe,little-alchemy
christmas tree,human,santa,little-alchemy
christmas tree,legend,santa,little-alchemy
christmas tree,livestock,reindeer,little-alchemy
christmas tree,old man,santa claus,clones
christmas tree,paper,wrapping paper,little-alchemy
christmas tree,santa,gift,little-alchemy
christmas tree,story,santa,little-alchemy
christmas tree,sugar,candy cane,little-alchemy
christmas tree,wool,christmas stocking,little-alchemy
christmas tree,wrapping paper,gift,little-alchemy
chromium,iron,steel,clones
church,rapper,kanye west,infinite-craft
cigarette,fire,lighter,clones
cigarettes,fire,ash,clones
cigarettes,fire,ash (zed's alchemy),clones
cigarettes,fire,smoke,clones
cigarettes,fire,smoke (zed's alchemy),clones
cigarettes,man,cancer,clones
cigarettes,woman,cancer,clones
cinema,cola,popcorn,clones
cinema,france,louis de funes,clones
cinema,iron,ironman,clones
cinema,mask,jim carrey,clones
cinema,medicine,dr. house,clones
cinema,mime,charlie chaplin,clones
cinema,plant,corn,clones
cinema,shark,jaws,clones
cinema,spy,james bond 007,clones
cinema,star,hollywood,clones
cinema,theater,movie theater,clones
cinema,tools,film camera,clones
cinema,youtube,netflix,infinite-craft
cinnabar,fire,mercury,clones
circle,tire,wheel,infinite-craft
circus,smile,clown,clones
citrus plants,sugar,oranges,clones
citrus plants,vinegar,lemons,clones
city,city,metropolis,infinite-craft
city,cloud,fog,little-alchemy
city,dinosaur,godzilla,little-alchemy
city,dinosaur,kaiju,little-alchemy
city,donut,bakery,little-alchemy
city,field,park,little-alchemy
city,firefighter,firestation,little-alchemy
city,fog,smog,little-alchemy
city,forest,park,little-alchemy
city,fountain,peterhof palace,clones
city,garden,park,little-alchemy
city,gold,bank,little-alchemy
city,grass,park,little-alchemy
city,internet,cyberpunk,infinite-craft
city,lenin,leningrad,clones
city,money,bank,little-alchemy
city,mouse,rat,little-alchemy
city,paper,map,little-alchemy
city,rain,acid rain,little-alchemy
city,river,flood,little-alchemy
city,safe,bank,little-alchemy
city,sex,sex and the city,clones
city,smoke,smog,little-alchemy
city,space ship,death star,clones
city,time,ruins,little-alchemy
city,tsunami,flood,little-alchemy
city,water,venice,clones
claw,dinosaur,velociraptor,infinite-craft
clay,clay,brick,infinite-craft
clay,coin,piggy bank,clones
clay,fire,brick,clones;little-alchemy
clay,fire,brick (alchemy 1000),clones
clay,fire,brick (alchemy classic),clones
clay,fire,brick (zed's alchemy),clones
clay,fire,bricks,clones
clay,fire,pottery,little-alchemy
clay,house,pottery,infinite-craft
clay,human,ceramics,clones
clay,human,ceramics (doodle god),clones
clay,human,potter,little-alchemy
clay,hydrated lime,cement,clones
clay,imp,golem,clones
clay,legend,golem,little-alchemy
clay,life,golem,clones;little-alchemy
clay,life,human,little-alchemy
clay,limestone,cement,clones
clay,man,ceramics,clones
clay,man,ceramics (zed's alchemy),clones
clay,oil,soap,little-alchemy
clay,statue,terracotta,infinite-craft
clay,stone,brick,little-alchemy
clay,story,golem,little-alchemy
clay,sun,brick,little-alchemy
clay,sun,bricks,clones
clay,tool,pottery,little-alchemy
clay,utensil,pitcher,clones
clay,wax,soap,little-alchemy
clay,wheel,potter's wheel,clones
clay,wheel,pottery,little-alchemy
cliffs,human,cave and stone,clones
cloak,dagger,spy,clones
cloak,duck,darkwing duck,clones
clock,country,switzerland,clones
clock,dawn,alarm clock,little-alchemy
clock,egg,egg timer,little-alchemy
clock,human,watch,little-alchemy
clock,hummingbird,cuckoo,little-alchemy
clock,light,sundial,little-alchemy
clock,owl,cuckoo,little-alchemy
clock,small,watch,little-alchemy
clock,sound,alarm clock,little-alchemy
clock,sun,sundial,little-alchemy
clock,transistor/semi-conductor,digital clock,clones
cloth,combat helmet,beenie,clones
cloth,corpse,mummy,clones
cloth,feather,pillow,clones
cloth,forest,tent,clones
cloth,forest,tent (alchemy 1000),clones
cloth,iron,pants,clones
cloth,light,cinema,clones
cloth,man,clothing,clones
cloth,man,clothing (zed's alchemy),clones
cloth,metal spring,trampoline,clones
cloth,rain,umbrella,clones
cloth,rope,bag,clones
cloth,snake,rope,clones
cloth,snake,rope (alchemy 1000),clones
cloth,table,tablecloth,clones
cloth,textile,clothing,infinite-craft
cloth,wall,carpet,clones
cloth,window,window blinds,clones
cloth,wing,hang glider,clones
cloth,woman,clothes,clones
cloth,woman,clothes (alchemy 1000),clones
cloth,woman,clothing,clones
cloth,woman,clothing (zed's alchemy),clones
cloth,wooden ship,sailing ship,clones
cloth,worm,silk,clones;infinite-craft
cloth,zombie,mummy,clones
clothes,crocodile,lacoste,clones
clothes,decollete,bra,clones
clothes,japan,kimono,clones
clothes,knight,armor,clones
clothes,legs,socks,clones
clothes,new year tree,holiday stockings,clones
clothes,robin hood,hood,clones
clothes,safe,cupboard,clones
clothes,snowman,santa claus,clones
clothes,soldier,combat helmet,clones
clothes,stick,coat hanger,clones
clothes,woman,dress,clones
clothes,wooden fragments,ancient footwear,clones
clothesline,dust,clothes,infinite-craft
clothing,job,uniform,infinite-craft
clothing,mechanism,zipper,clones
clothing,metal,armor,clones
clothing,scotland,kilt,clones
clothing,sun,bikini,clones
clothing,water,washing machine,clones
clothing,witch,witch’s hat,clones
clothing,woman,bra,clones
cloud,cloud,storm,little-alchemy
cloud,earth,fog,little-alchemy
cloud,earth,mountain,clones
cloud,earth,rain,infinite-craft
cloud,electricity,lightning,little-alchemy
cloud,electricity,storm,little-alchemy
cloud,energy,lightning,little-alchemy
cloud,energy,storm,little-alchemy
cloud,field,fog,little-alchemy
cloud,fire,lightning,infinite-craft
cloud,forest,fog,little-alchemy
cloud,heat,rain,little-alchemy
cloud,hill,fog,little-alchemy
cloud,house,skyscraper,little-alchemy
cloud,ice,hail,little-alchemy
cloud,ice,snow,clones
cloud,jump,parachute,clones
cloud,life,angel,clones
cloud,light,rainbow,little-alchemy
cloud,livestock,sheep,little-alchemy
cloud,mountain,fog,little-alchemy
cloud,planet,jupiter,little-alchemy
cloud,plant,cotton,little-alchemy
cloud,pressure,rain,little-alchemy
cloud,sickness,acid rain,little-alchemy
cloud,smog,acid rain,little-alchemy
cloud,smoke,acid rain,little-alchemy
cloud,sugar,cotton candy,little-alchemy
cloud,water,rain,clones;infinite-craft;little-alchemy
clouds,nitric acid,acid rain,clones
clouds,water,rain,clones
clouds,wind + wind,cold,clones
cloven-hoofed animals,grass,ruminants,clones
club,lasso,cowboy,infinite-craft
coal,earth,gunpowder,clones
coal,fire,energy,clones
coal,fire,fire,little-alchemy
coal,fire + stone,stove,clones
coal,iron,steel,clones
coal,metal,steel,little-alchemy
coal,pick,miner,clones
coal,pressure,diamond,clones;little-alchemy
coal,pressure,uncut diamond,clones
coal,snow,snowman,little-alchemy
coal,snowball,snowman,little-alchemy
coal,time,diamond,little-alchemy
coal,tree,pencil,clones
coal,water,oil,clones
coal,wood,pencil,little-alchemy
coat hanger,hood,cloak,clones
cobra,herring,eel,clones
cobra,lizard,iguana,clones
cobra,pike,lizard,clones
coca-cola,country,usa,clones
coca-cola,geyser,mentos,clones
coca-cola,mentos,carbon dioxide,clones
coca-cola,mentos,geyser,clones
coca-cola,sandwich,mcdonald's,clones
cochineal,fire,carmine,clones
cochineal,steam,carmine,clones
cockroach,grasshopper,praying mantis,clones
cockroach,leech,snail,clones
cockroach,mosquito,fly,clones
cockroach,snail,bug,clones
cocoa,sugar,chocolate,clones
cocoa bean,food factory,dark chocolate,clones
cocoa bean,food factory + milk,milk chocolate,clones
coconut,hammer,coconut milk,little-alchemy
coconut,milk,coconut milk,little-alchemy
coconut,stone,coconut shell,clones
coconut,sword,coconut milk,little-alchemy
coconut,tool,coconut milk,little-alchemy
coconut milk,container,bottle,little-alchemy
coconut milk,flour,batter,little-alchemy
coconut milk,sugar,chocolate,little-alchemy
coconut milk,wheat,cereal,little-alchemy
coconut shell,fire,activated carbon,clones
coconut shell,water,coconut milk,clones
cocoon,tools,silk,clones
code,door,intercom,clones
code,riddle,sudoku,clones
coffee,ice cream,latte,clones
coffee,tobacco,poison,clones
coffee,vodka,b52,clones
coffee bean,vodka,b-52,clones
coffin,container,grave,little-alchemy
coffin,earth,grave,clones;little-alchemy
coffin,earth,grave (zed's alchemy),clones
coffin,field,grave,little-alchemy
coffin,forest,grave,little-alchemy
coffin,gravestone,grave,little-alchemy
coin,paper,money,clones
coin,pig,piggy bank,clones
coins,container,safe,clones
cola,geyser,mentos,clones
cola,hamburger,mcdonald's,clones
cold,container,fridge,little-alchemy
cold,crystal ball,snow globe,little-alchemy
cold,deers,reindeers,clones
cold,electricity,fridge,little-alchemy
cold,elephants,mammothes,clones
cold,fruit,smoothie,little-alchemy
cold,glasses,ski goggles,little-alchemy
cold,house,igloo,little-alchemy
cold,human,chill,little-alchemy
cold,juice,popsicle,little-alchemy
cold,lava,obsidian,little-alchemy
cold,machine,fridge,little-alchemy
cold,metal,fridge,little-alchemy
cold,milk,ice cream,little-alchemy
cold,ocean,arctic,little-alchemy
cold,ocean,current,little-alchemy
cold,puddle,ice,little-alchemy
cold,rain,snow,clones;little-alchemy
cold,sea,arctic,little-alchemy
cold,sea,current,little-alchemy
cold,steam,snow,little-alchemy
cold,steel,fridge,little-alchemy
cold,sunglasses,ski goggles,little-alchemy
cold,tea,iced tea,little-alchemy
cold,water,ice,clones;little-alchemy
cold,yogurt,frozen yogurt,little-alchemy
cologne,fossil,amber,infinite-craft
colosseum,man,gladiator,clones
combustion engine,scissors,lawn mower,clones
combustion engine,wagon,car,little-alchemy
comedy,photoshop,meme,infinite-craft
commandments,human,religion,clones
company,football boots,nike,clones
company,iphone,apple inc,clones
company,post office,dhl,clones
company,windows,microsoft,clones
compass,paper,map,clones
compost,fruit trees,fruits,clones
compost,worms,wormy compost,clones
computer,computer,internet,clones;little-alchemy
computer,computer,server,infinite-craft
computer,dog,doge,little-alchemy
computer,fire,firefox,clones
computer,fruit,apple,clones
computer,human,cyborg,clones
computer,human,hacker,little-alchemy
computer,internet,hacker,infinite-craft
computer,knolwedge,hacker,clones
computer,letter,email,little-alchemy
computer,life,a.i,clones
computer,life,airplane,clones
computer,mechanism,robot,clones
computer,mouse,computer mouse,little-alchemy
computer,mouse,pc mouse,clones
computer,net,internet,little-alchemy
computer,net,www,clones
computer,newspaper,printer,little-alchemy
computer,paper,printer,little-alchemy
computer,penguin,linux,clones
computer,radio wave,cell phone,clones
computer,radio wave,cellphone,clones
computer,radiowave,cellphone,clones
computer,small,laptop,little-alchemy
computer,squirrel,pokki,little-alchemy
computer,telephone,tablet,clones
computer,vacuum cleaner,robot vacuum,little-alchemy
computer,virus,hacker,clones
computer,web,internet,little-alchemy
computer,window,windows,clones
computer,wire,internet,little-alchemy
computer mouse,human,hacker,little-alchemy
computer mouse,letter,email,little-alchemy
conductor,music,orchestra,infinite-craft
conductor,rockstar,musician,infinite-craft
cones,tools,nuts,clones
confetti,philosophy,small,little-alchemy
confetti,sugar,sprinkles,little-alchemy
conifers,glass,new year's baubles,clones
conifers,new year's baubles,new year tree,clones
conifers,tools,cones,clones
conifers,tools,resin,clones
constellation,horns,aries,clones
container,cookie,box,little-alchemy
container,corpse,coffin,little-alchemy
container,cow,barn,little-alchemy
container,crayon,box,little-alchemy
container,cuckoo,clock,little-alchemy
container,doctor,hospital,little-alchemy
container,dog,doghouse,little-alchemy
container,donut,box,little-alchemy
container,egg,birdhouse,little-alchemy
container,egg,nest,little-alchemy
container,electric car,garage,little-alchemy
container,electricity,battery,little-alchemy
container,email,computer,little-alchemy
container,energy,battery,little-alchemy
container,fairy tale,book,little-alchemy
container,family,house,little-alchemy
container,farmer,farm,little-alchemy
container,fireplace,house,little-alchemy
container,fish,aquarium,little-alchemy
container,flour,sack,little-alchemy
container,flower,garden,little-alchemy
container,flower,vase,little-alchemy
container,fox,cave,little-alchemy
container,fruit tree,orchard,little-alchemy
container,galaxy,galaxy cluster,little-alchemy
container,galaxy cluster,universe,little-alchemy
container,goat,barn,little-alchemy
container,gold,safe,little-alchemy
container,grass,lawn,little-alchemy
container,gravestone,graveyard,little-alchemy
container,gun,safe,little-alchemy
container,gunpowder,bullet,little-alchemy
container,gunpowder,dynamite,little-alchemy
container,hammer,toolbox,little-alchemy
container,hamster,cage,little-alchemy
container,hay,barn,little-alchemy
container,hay bale,barn,little-alchemy
container,helicopter,hangar,little-alchemy
container,horse,barn,little-alchemy
container,house,village,little-alchemy
container,husky,doghouse,little-alchemy
container,ice,fridge,little-alchemy
container,ice cream,fridge,little-alchemy
container,ice cream truck,garage,little-alchemy
container,idea,book,little-alchemy
container,jam,jar,little-alchemy
container,juice,bottle,little-alchemy
container,jupiter,solar system,little-alchemy
container,knight,castle,little-alchemy
container,lava,volcano,little-alchemy
container,legend,book,little-alchemy
container,letter,sack,little-alchemy
container,life,egg,little-alchemy
container,light,light bulb,little-alchemy
container,lion,cave,little-alchemy
container,liquid,bottle,little-alchemy
container,livestock,barn,little-alchemy
container,love,family,little-alchemy
container,mailman,post office,little-alchemy
container,mars,solar system,little-alchemy
container,mercury,solar system,little-alchemy
container,milk,bottle,little-alchemy
container,milk shake,cup,little-alchemy
container,monarch,castle,little-alchemy
container,money,bank,little-alchemy
container,motorcycle,garage,little-alchemy
container,mummy,pyramid,little-alchemy
container,nest,tree,little-alchemy
container,nuclear power station,nuclear waste,clones
container,oil,bottle,little-alchemy
container,oxygen,oxygen container,clones
container,oxygen,scuba tank,little-alchemy
container,paint,bucket,little-alchemy
container,pencil,box,little-alchemy
container,perfume,bottle,little-alchemy
container,pig,barn,little-alchemy
container,pilot,airplane,little-alchemy
container,pirate,pirate ship,little-alchemy
container,pizza,box,little-alchemy
container,planet,solar system,little-alchemy
container,plant,greenhouse,little-alchemy
container,pressure,boiler,little-alchemy
container,robot vacuum,closet,little-alchemy
container,rocket,hangar,little-alchemy
container,rose,vase,little-alchemy
container,ruler,toolbox,little-alchemy
container,rv,garage,little-alchemy
container,salt,sack,little-alchemy
container,sand,hourglass,little-alchemy
container,saturn,solar system,little-alchemy
container,seaplane,hangar,little-alchemy
container,sheep,barn,little-alchemy
container,skyscraper,city,little-alchemy
container,sleigh,garage,little-alchemy
container,smoothie,cup,little-alchemy
container,snowmobile,garage,little-alchemy
container,soda,bottle,little-alchemy
container,solar system,galaxy,little-alchemy
container,space,universe,little-alchemy
container,spaceship,hangar,little-alchemy
container,star,galaxy,little-alchemy
container,steel wool,toolbox,little-alchemy
container,story,book,little-alchemy
container,sun,solar system,little-alchemy
container,supernova,galaxy,little-alchemy
container,tea,cup,little-alchemy
container,tide,ocean,little-alchemy
container,time,hourglass,little-alchemy
container,tool,toolbox,little-alchemy
container,toolbox,closet,little-alchemy
container,tractor,garage,little-alchemy
container,train,trainyard,little-alchemy
container,tree,forest,little-alchemy
container,umbrella,closet,little-alchemy
container,vacuum cleaner,closet,little-alchemy
container,vampire,coffin,little-alchemy
container,venus,solar system,little-alchemy
container,water,bottle,little-alchemy
container,wheat,silo,little-alchemy
container,wine,barrel,little-alchemy
container,wine,bottle,little-alchemy
container,wolf,cave,little-alchemy
container,wood,bucket,little-alchemy
container,wood,fireplace,little-alchemy
container,yogurt,bucket,little-alchemy
continent,continent,pangaea,infinite-craft
continent,continent,planet,little-alchemy
continent,country,australia,clones
continent,fjord,europe,infinite-craft
continent,ice,antarctica,infinite-craft;little-alchemy
continent,motion,earthquake,little-alchemy
continent,mountain,mountain range,little-alchemy
continent,ocean,planet,little-alchemy
continent,paper,map,little-alchemy
continent,rainbow,america,infinite-craft
continent,rainforest,south america,infinite-craft
continent,sky,horizon,little-alchemy
continent,small,land,little-alchemy
continent,snow,antarctica,little-alchemy
continent,south america,brazil,infinite-craft
continent,swamp,africa,infinite-craft
continent,tea,japan,infinite-craft
contrast,cow,bull,clones
contrast,crocodile,lizard,clones
contrast,dog,cat,clones
contrast,elephant,mouse,clones
contrast,ferrari,lada,clones
contrast,fruit,vegetables,clones
contrast,gas,respirator,clones
contrast,guitar,violin,clones
contrast,legs,arm,clones
contrast,light,shadow,clones
contrast,paradise,hell,clones
contrast,pressure,weightlessness,clones
contrast,snail,speed,clones
contrast,sound,silence,clones
contrast,sun,moon,clones
contrast,sunset,sunrise,clones
contrast,sword,shield,clones
contrast,table,chair,clones
contrast,tomato,cucumber,clones
contrast,winter,summer,clones
cook,fabric,apron,little-alchemy
cook,house,restaurant,little-alchemy
cook,milk,cheese,little-alchemy
cook,mouse,ratatouille,clones
cook,paper,recipe,little-alchemy
cook,robot,cyborg,little-alchemy
cook,roe,caviar,little-alchemy
cook,sword,knife,little-alchemy
cook,wood,cutting board,little-alchemy
cookie,dough,cookie dough,little-alchemy
cookie,house,gingerbread house,little-alchemy
cookie,human,baker,little-alchemy
cookie,life,gingerbread man,little-alchemy
cookie,magic,gingerbread man,little-alchemy
cookie,paper,fortune cookie,little-alchemy
cookie,santa,gift,little-alchemy
cookie,story,gingerbread man,little-alchemy
cookie cutter,cookie dough,cookie,little-alchemy
cookie cutter,dough,cookie,little-alchemy
cookie dough,fire,cookie,little-alchemy
cookie dough,fruit,pie,little-alchemy
cookie dough,heat,cookie,little-alchemy
cookie dough,house,gingerbread house,little-alchemy
cookie dough,human,baker,little-alchemy
cookie dough,life,gingerbread man,little-alchemy
cookie dough,magic,gingerbread man,little-alchemy
cookie dough,oil,donut,little-alchemy
cookie dough,paper,fortune cookie,little-alchemy
cookie dough,story,gingerbread man,little-alchemy
cookie dough,wheel,donut,little-alchemy
cookies,ice,ice cream,clones
copper,lead,bronze,clones
copper,lead,bronze (alchemy classic),clones
copper,rope,wire,clones
copper,thread,wire,clones
copper,zinc,brass,clones
copper,zinc,cuzn battery,clones
copyright,human,lawyer,clones
cork,water,raft,clones
cork,water,raft (alchemy 1000),clones
corpse,duck,vulture,little-alchemy
corpse,eagle,vulture,little-alchemy
corpse,earth,grave,clones;little-alchemy
corpse,earth,grave (zed's alchemy),clones
corpse,electricity,death metal,clones
corpse,electricity,frankenstein,clones;little-alchemy
corpse,electricity,frankenstein's monster,little-alchemy
corpse,energy,zombie,clones
corpse,fabric,mummy,clones;little-alchemy
corpse,field,grave,little-alchemy
corpse,fire,ash,clones
corpse,fire,ash (doodle god),clones
corpse,fire,ash (zed's alchemy),clones
corpse,fire,charcoal,little-alchemy
corpse,forest,grave,little-alchemy
corpse,hummingbird,vulture,little-alchemy
corpse,legend,frankenstein's monster,little-alchemy
corpse,life,zombie,clones;little-alchemy
corpse,lightning,frankenstein's monster,little-alchemy
corpse,lightning rod,frankenstein,clones
corpse,owl,vulture,little-alchemy
corpse,paper,mummy,clones
corpse,penguin,vulture,little-alchemy
corpse,philosophers stone,human,clones
corpse,philosophers stone,human (doodle god),clones
corpse,philosophy,death,little-alchemy
corpse,pigeon,vulture,little-alchemy
corpse,pyramid,mummy,little-alchemy
corpse,rock,fossil,little-alchemy
corpse,science,organic matter,little-alchemy
corpse,scythe,grim reaper,little-alchemy
corpse,sin,murder,clones
corpse,soul,resurrection,clones
corpse,stone,fossil,little-alchemy
corpse,story,frankenstein's monster,little-alchemy
corpse,story,zombie,little-alchemy
corpse,time,bone,little-alchemy
corpse,time,skeleton,little-alchemy
corpse,vulture,bone,little-alchemy
corpse,wizard,human,clones
corpse,wizard,human (doodle god),clones
corpse,wizard,wizard,clones
corpse,wolf,bone,little-alchemy
corpse,wood,coffin,clones;little-alchemy
corpse,worm,skeleton,clones
corpse,zombie,ghoul,clones
corpse,zombie,undead,clones
corpse/death,life,resurrection,clones
corrida,flag,spain,clones
corruption,dictatorship,chaos,clones
cosmos,odin,thor,infinite-craft
cotton,cotton,thread,little-alchemy
cotton,indigo,jeans,clones
cotton,machine,thread,little-alchemy
cotton,spider,web,little-alchemy
cotton,tool,thread,little-alchemy
cotton,tools,cotton wool,clones
cotton,tools,fiber,clones
cotton,wheel,thread,little-alchemy
cotton wool,sugar,cotton candy,clones
country,dragon,china,clones
country,fabergé egg,russia,clones
country,fjord,norway,infinite-craft
country,fondue,switzerland,clones
country,gunpowder,china,clones
country,ice,iceland,clones
country,kama sutra,india,clones
country,kangaroo,australia,clones
country,kilt,scotland,clones
country,mcdonald's,usa,clones
country,mummy,egypt,clones
country,panda,china,clones
country,perfume,france,clones
country,petroleum,saudi arabia,clones
country,pizza,italy,clones;infinite-craft
country,potato,ireland,infinite-craft
country,quetzalcoatl,mexico,clones
country,robin hood,united kingdom,clones
country,salo,ukraine,clones
country,sauna,finland,clones
country,scarab,egypt,clones
country,scotch whisky,scotland,clones
country,silk,china,clones
country,statue of liberty,france,clones
country,statue of liberty,usa,clones
country,sun,japan,clones
country,sushi,japan,clones
country,swiss army knife,switzerland,clones
country,tequila,mexico,clones
country,the beatles,united kingdom,clones
country,totoro,japan,clones
country,tractor,belarus,clones
country,transylvania,romania,clones
country,vampire,transylvania,clones
country,venice,italy,clones
country,vodka,russia,clones
country,volcano,iceland,clones
country,vw beetle,germany,clones
country,windmill,netherlands,infinite-craft
cow,deer,horse,clones
cow,desert,camel,little-alchemy
cow,donkey,camel,clones
cow,dune,camel,little-alchemy
cow,farmer,milk,little-alchemy
cow,fire,steak,little-alchemy
cow,fish,manatee,little-alchemy
cow,hill,goat,little-alchemy
cow,house,barn,little-alchemy
cow,human,milk,little-alchemy
cow,human,minotaur,little-alchemy
cow,knife,meat,clones
cow,knife,meat (alchemy 1000),clones
cow,lake,manatee,little-alchemy
cow,legend,minotaur,little-alchemy
cow,liquid,milk,little-alchemy
cow,man,cowboy,clones
cow,mountain,goat,little-alchemy
cow,mountain range,goat,little-alchemy
cow,mud,pig,little-alchemy
cow,ocean,manatee,little-alchemy
cow,paper,origami,little-alchemy
cow,penguin,seal,clones
cow,pressure,milk,clones
cow,pressure,milk (alchemy 1000),clones
cow,river,hippo,little-alchemy
cow,river,manatee,little-alchemy
cow,rope,lasso,little-alchemy
cow,sand,camel,little-alchemy
cow,sea,manatee,little-alchemy
cow,shark,manatee,clones
cow,story,minotaur,little-alchemy
cow,sword,leather,little-alchemy
cow,sword,meat,little-alchemy
cow,tool,leather,little-alchemy
cow,tool,meat,little-alchemy
cow,tool,milk,little-alchemy
cow,wagon,tractor,little-alchemy
cow,water,hippo,little-alchemy
cow,water,milk,little-alchemy
cow,werewolf,minotaur,little-alchemy
cowboy,rope,lasso,clones
cowboy,whip,indiana jones,infinite-craft
cows,grass,milk,clones
cows,grass,milk (alchemy classic),clones
credit card/mechanism,money,atm,clones
creeper,fanfiction,creepypasta,infinite-craft
crocodile,gorilla,raptor,clones
crocodile,penguin,hippopotamus,clones
crocodile,pharaoh,sobek,clones
crop,farmer,wheat,infinite-craft
crow,crow,egg,little-alchemy
crow,machine,airplane,little-alchemy
crow,metal,airplane,little-alchemy
crow,mouse,bat,clones
crow,osterich,falcon,clones
crow,peacock,parrot,clones
crow,rat,magpie,clones
crow,sparrow,cuckoo,clones
crow,steel,airplane,little-alchemy
crown,man,king,clones
crown,princess,queen,infinite-craft
crown,russia,moscow,clones
crown,woman,princess,clones
crystal ball,double rainbow!,prism,little-alchemy
crystal ball,ice,snow globe,little-alchemy
crystal ball,rainbow,prism,little-alchemy
crystal ball,santa,snow globe,little-alchemy
crystal ball,snow,snow globe,little-alchemy
crystal ball,snowball,snow globe,little-alchemy
crystal ball,snowman,snow globe,little-alchemy
crystal ball,snowmobile,snow globe,little-alchemy
cthulu,fire,wrath,clones
cup,paper,paper cup,little-alchemy
cup,sun,coffee,clones
cup,thread,string phone,little-alchemy
cup,wire,string phone,little-alchemy
cupboard,ice,refrigerator,clones
curse,curse,hex,infinite-craft
curse,hex,spell,infinite-craft
curse,snake,medusa,infinite-craft
cursed,darkness,mothman,clones
cursed,death,egyptian tomb,clones
cursed,demon,demon hero,clones
cursed,desert,egyptian tomb,clones
cursed,destruction,precious ring,clones
cursed,dog,scylla,clones
cursed,dragon,dragon princess,clones
cursed,earth,egyptian tomb,clones
cursed,elf,banshee empress,clones
cursed,energy,vengeful spirit,clones
cursed,extraterrestrial,great wereape,clones
cursed,fairy tale,cursed apple,clones
cursed,fire,the cursed chosen,clones
cursed,fish,cursed garden,clones
cursed,food,cursed apple,clones
cursed,galaxy wars,dark space lord,clones
cursed,giant,atlas,clones
cursed,golem,ogre princess,clones
cursed,halloween,headless rider,clones
cursed,hammer,wmd,clones
cursed,healing,unicorn blood,clones
cursed,holidays,nutcracker,clones
cursed,hopefulness,ogre princess,clones
cursed,horn,demon hero,clones
cursed,horse,cursed aztec prince,clones
cursed,human,voodoo doll,clones
cursed,hybrid,demon hero,clones
cursed,ice,lich blade,clones
cursed,immortality,davy jones,clones
cursed,insect,arachne,clones
cursed,invention,belphegor,clones
cursed,jungle,cursed garden,clones
cursed,knight,the cursed chosen,clones
cursed,knowledge,cursed apple,clones
cursed,leader,banshee empress,clones
cursed,life,pandora's box,clones
cursed,love,cold hearted,clones
cursed,madness,crazy eyed wizard,clones
cursed,magic,cursed monkey paw,clones
cursed,martial arts,ninja sorcerer,clones
cursed,medieval,ogre princess,clones
cursed,metal,lich blade,clones
cursed,mind control,cursed will,clones
cursed,miniature,precious ring,clones
cursed,monkey,cursed monkey paw,clones
cursed,monster,monster & beauty,clones
cursed,moon,werewolf,clones
cursed,multiples,vampire coven,clones
cursed,music,cursed flute,clones
cursed,mutation,frog prince,clones
cursed,myth,prometheus,clones
cursed,parasite,lich blade,clones
cursed,pirate,big mojo,clones
cursed,plant,cursed garden,clones
cursed,pocket pet,bone chin,clones
cursed,poison,cursed apple,clones
cursed,precious ring lore,precious ring,clones
cursed,psychic,lich blade,clones
cursed,rainbow,unicorn blood,clones
cursed,relic,cursed monkey paw,clones
cursed,reptile,dragon princess,clones
cursed,robot,computer bug,clones
cursed,rodent,vampchilla,clones
cursed,royal game,ice zombie king,clones
cursed,royalty,frog prince,clones
cursed,sci-fi,dr. jekyll,clones
cursed,science,dr. jekyll,clones
cursed,shrine,doom temple,clones
cursed,sleep,sleeping princess,clones
cursed,snake,medusa,clones
cursed,space,great wereape,clones
cursed,speed,vengeful spirit,clones
cursed,spirit,vengeful spirit,clones
cursed,strength,demon hero,clones
cursed,sun,the cursed chosen,clones
cursed,superhero,demon hero,clones
cursed,sword,lich blade,clones
cursed,the chosen one,dragonkin ninja,clones
cursed,time,groundhog,clones
cursed,toy,voodoo doll,clones
cursed,tree,cursed flute,clones
cursed,turkey day,carver of doom,clones
cursed,turtle,kappa,clones
cursed,undead,banshee empress,clones
cursed,underground,egyptian tomb,clones
cursed,underwater,davy jones,clones
cursed,vampire,skeletal vampire,clones
cursed,vehicle,demonic bike,clones
cursed,villain,ninja sorcerer,clones
cursed,void,pandora's box,clones
cursed,war,ghost army,clones
cursed,water,frog prince,clones
cursed,water serpent,dragon princess,clones
cursed,wealth,pirate booty,clones
cursed,weapon,lich blade,clones
cursed,werewolf,young wolf,clones
cursed,wind,cursed flute,clones
cursed,wings,blood angel,clones
cursed,wintertide,christmas spirits,clones
cursed,wizard,ninja sorcerer,clones
cursed,wizarding school,cursed will,clones
cursed,wolf,werewolf,clones
cuzn battery,fire,chemical rubbish,clones
cuzn battery,incomplete boiler,electric boiler,clones
cuzn battery,lightbulb,flashlight,clones
cuzn battery,mechanical clock,electronic clock,clones
cuzn battery,sun,solar panel,clones
cyberpunk,pixel art,cyberpunk 2077,infinite-craft
cyborg,judgment day,terminator,infinite-craft
cyclist,cyclist,idea,little-alchemy
dam,river,lake,clones;little-alchemy
dam,wild animal,beaver,little-alchemy
dance,stadium,cheerleading,clones
dandelion,dandelion,dandelion patch,infinite-craft
dandelion,engine,helicopter,infinite-craft
dandelion,water,wine,infinite-craft
darkness,death,black death,clones
darkness,demon,eyed feet man,clones
darkness,desert,evil vizier,clones
darkness,destruction,puzzle cube head,clones
darkness,dog,anubis,clones
darkness,dragon,night dragon,clones
darkness,dwarf,duergar,clones
darkness,earth,doomsday omen,clones
darkness,earth,underground,clones
darkness,elf,dark elf,clones
darkness,elf,drow,clones
darkness,energy,death,clones
darkness,energy,strange communicator,clones
darkness,extraterrestrial,mothman,clones
darkness,fairy,dark hero,clones
darkness,fairy tale,the dadabook,clones
darkness,fire,chilling brina,clones
darkness,fish,sea witch,clones
darkness,food,eye eater,clones
darkness,galaxy wars,dark apprentice,clones
darkness,giant,fungi king,clones
darkness,golem,fungi king,clones
darkness,halloween,sinister gourdling,clones
darkness,healing,unicorn blood,clones
darkness,holidays,strange communicator,clones
darkness,holy water,ash,clones
darkness,hopefulness,escape tunnel,clones
darkness,horn,galactic wizard,clones
darkness,horse,pestilence's horse,clones
darkness,human,mutant,clones
darkness,human,viral dance,clones
darkness,hybrid,fungi king,clones
darkness,ice,frost dragon,clones
darkness,immortality,ring lord,clones
darkness,insect,mothman,clones
darkness,invention,strange communicator,clones
darkness,jungle,maneaters,clones
darkness,knight,puzzle cube head,clones
darkness,knowledge,wi-fi psychic,clones
darkness,leader,wi-fi psychic,clones
darkness,life,devil's boy,clones
darkness,light,shadow,clones
darkness,love,wi-fi psychic,clones
darkness,madness,eyed feet man,clones
darkness,magic,chilling brina,clones
darkness,martial arts,spectre ninja,clones
darkness,medieval,black death,clones
darkness,metal,robot devil,clones
darkness,mind control,wi-fi psychic,clones
darkness,miniature,protozoan villain,clones
darkness,monkey,great wereape,clones
darkness,monster,eyed feet man,clones
darkness,moon,bogeyman,clones
darkness,multiples,villain groupies,clones
darkness,music,viral dance,clones
darkness,mutation,fungi king,clones
darkness,myth,mothman,clones
darkness,parasite,fungi king,clones
darkness,pirate,vampirate,clones
darkness,plant,fungi king,clones
darkness,pocket pet,astro gang,clones
darkness,poison,poison cloud,clones
darkness,precious ring lore,goblin hybrid,clones
darkness,psychic,wi-fi psychic,clones
darkness,relic,haunted doll,clones
darkness,reptile,death adder shadow,clones
darkness,robot,alphatron,clones
darkness,rodent,rat reaper,clones
darkness,royal game,ice zombie king,clones
darkness,royalty,fungi king,clones
darkness,sci-fi,dark space lord,clones
darkness,science,strange communicator,clones
darkness,shrine,doom temple,clones
darkness,sidekick,water dragon,clones
darkness,sleep,eye eater,clones
darkness,snake,serpent cultist,clones
darkness,space,mothman,clones
darkness,speed,speed demon,clones
darkness,spirit,spectral rider,clones
darkness,star,black hole,little-alchemy
darkness,strength,puzzle cube head,clones
darkness,sun,black hole,little-alchemy
darkness,sun,sunwalker vampire,clones
darkness,superhero,wi-fi psychic,clones
darkness,sweets,eye eater,clones
darkness,sword,bone sword,clones
darkness,the chosen one,wi-fi psychic,clones
darkness,time,cthulhu,clones
darkness,toy,haunted doll,clones
darkness,tree,spooky tree,clones
darkness,trident,treacherous wizard,clones
darkness,turkey day,carver of doom,clones
darkness,undead,undead knight,clones
darkness,underground,tarrasque,clones
darkness,underwater,wi-fi psychic,clones
darkness,vampire,vampire boogie man,clones
darkness,vehicle,devil's boy,clones
darkness,villain,killer clown,clones
darkness,void,eyed feet man,clones
darkness,war,ghost army,clones
darkness,water,wi-fi psychic,clones
darkness,wealth,goblin banker,clones
darkness,weapon,pandora's box,clones
darkness,werewolf,big bad wolf,clones
darkness,wind,sandstorm,clones
darkness,wings,mothman,clones
darkness,wintertide,krampus,clones
darkness,wizard,chilling brina,clones
darkness,wizarding school,chilling brina,clones
darkness,wolf,werewolf,clones
darts,flag,england,clones
dawn,fog,dew,little-alchemy
dawn,grass,dew,little-alchemy
dawn,plant,dew,little-alchemy
dawn,time,day,little-alchemy
dawn,tree,dew,little-alchemy
dawn,vampire,ash,little-alchemy
dawn,watch,alarm clock,little-alchemy
dawn,water,dew,little-alchemy
day,glasses,sunglasses,little-alchemy
day,light,sun,little-alchemy
day,meteoroid,meteor,little-alchemy
day,night,dawn,little-alchemy
day,night,twilight,little-alchemy
day,sky,sun,little-alchemy
day,space,sun,little-alchemy
day,time,night,little-alchemy
day,time,twilight,little-alchemy
day,tool,sundial,little-alchemy
day,vampire,dust,little-alchemy
day,wheel,sundial,little-alchemy
dead dragon,party,key,clones
death,death,grim reaper,infinite-craft
death,desert,vulture,clones
death,destruction,soul harvester,clones
death,dinosaur,t-rex,infinite-craft
death,dog,anubis,clones
death,dragon,skeletal dragon,clones
death,earth,tombstone,clones
death,energy,ghost,clones
death,fairy tale,bluebeard,clones
death,fire,demon,clones
death,fire,phoenix,little-alchemy
death,fish,blowfish,clones
death,food,vulture,clones
death,galaxy wars,space ghosts,clones
death,giant,gashadokuro,clones
death,halloween,ghost,clones
death,healing,dr. frankenstein,clones
death,healing,resurrection,clones
death,holidays,pumpkin prince,clones
death,hopefulness,train doggo,clones
death,horn,hades,clones
death,horse,death's horse,clones
death,human,corpse,clones;little-alchemy
death,human,ghost,clones
death,human,zombie,clones
death,hybrid,anubis,clones
death,ice,cryosleep,clones
death,immortality,philosopher's stone,clones
death,insect,black widow,clones
death,invention,dr. frankenstein,clones
death,jungle,last stand,clones
death,knight,undead knight,clones
death,knowledge,necromancer,clones
death,leader,necromancer,clones
death,life,organic matter,little-alchemy
death,life,reincarnation,infinite-craft
death,life,undead,clones
death,love,black widow,clones
death,madness,puzzle master,clones
death,magic,undead,clones
death,martial arts,spectre ninja,clones
death,medieval,black death,clones
death,metal,death metal,clones
death,mind control,entropic magic,clones
death,monkey,monkey planet,clones
death,monster,wraith,clones
death,moon,moonflare,clones
death,multiples,many faced man,clones
death,music,death metal,clones
death,mutation,mutant destroyer,clones
death,myth,hades,clones
death,parasite,wraith,clones
death,pirate,barrage,clones
death,plant,zombie fungus,clones
death,pocket pet,bone chin,clones
death,poison,black mamba,clones
death,precious ring lore,wraith,clones
death,prehistoric,meteor,clones
death,psychic,shadow prophet,clones
death,radiation,radiation sickness,clones
death,relic,necrocomicon,clones
death,religion,sacrifice,clones
death,reptile,basilisk,clones
death,rock,gravestone,little-alchemy
death,rodent,rat reaper,clones
death,royal game,wight,clones
death,royalty,the bone king,clones
death,sci-fi,death ray,clones
death,science,death ray,clones
death,scythe,grim reaper,little-alchemy
death,shrine,sakura spirits,clones
death,sidekick,igor,clones
death,sleep,nightmare stalker,clones
death,snake,medusa,clones
death,space,black hole,clones
death,speed,wraith,clones
death,spirit,soul harvester,clones
death,stone,gravestone,little-alchemy
death,strength,undead knight,clones
death,sun,black hole,clones
death,superhero,the reaper,clones
death,sword,scythe,clones
death,the chosen one,zombie hunter,clones
death,toy,voodoo doll,clones
death,tree,mistletoe,clones
death,turkey day,turkey zombie,clones
death,turtle,parched skeleton,clones
death,underground,tombstone,clones
death,underwater,fish bone,clones
death,vehicle,demonic bike,clones
death,villain,soul harvester,clones
death,war,ghost army,clones
death,water,poison,clones
death,water,styx,clones
death,wealth,mummy,clones
death,weapon,scythe,clones
death,werewolf,silver bullet,clones
death,wind,poison,clones
death,wings,vulture,clones
death,wintertide,christmas spirits,clones
death,wizard,necromancer,clones
death,wizarding school,death's gift,clones
death star,fighter,tie fighter,clones
death/corpse,life,resurrection,clones
debt,firearm,corpse,clones
debt,money,credit card,clones
demigod,nuclear bomb,demigod,clones
demigod,nuclear bomb,flower,clones
demigod,quick silver,philospers stone,clones
demigod,quicksilver,philosophers stone,clones
demon,desert,cactus demon,clones
demon,destruction,cthulhu,clones
demon,dog,cerberus,clones
demon,dragon,devil,clones
demon,earth,gargoyle,clones
demon,elf,goblin,clones
demon,energy,magic,clones
demon,fairy,imp,clones
demon,fairy tale,rumpelstiltskin,clones
demon,fire,devil,clones
demon,fish,naga queen,clones
demon,food,sugar demon,clones
demon,galaxy wars,dark apprentice,clones
demon,giant,colossal demon,clones
demon,golem,voidwalker,clones
demon,halloween,devil,clones
demon,healing,ravenica,clones
demon,holidays,pinch,clones
demon,holy water,fire,clones
demon,hopefulness,demonite,clones
demon,horn,ravenica,clones
demon,horse,headless rider,clones
demon,human,corpse,clones
demon,human,demon,clones
demon,human,ghost,clones
demon,human,inner demons,clones
demon,human,soul,clones
demon,hybrid,nephilim,clones
demon,ice,ice imp,clones
demon,immortality,devil,clones
demon,insect,mosquito,clones
demon,invention,belphegor,clones
demon,jungle,maneaters,clones
demon,knight,demonite,clones
demon,knowledge,astaroth,clones
demon,knowledge,devil,clones
demon,leader,devil,clones
demon,life,blood imp,clones
demon,love,green eyed monster,clones
demon,madness,inner demons,clones
demon,martial arts,dragonkin ninja,clones
demon,mechanism,tv,clones
demon,medieval,devil,clones
demon,metal,robot devil,clones
demon,mind control,posession,clones
demon,miniature,conscience,clones
demon,money,mammon,clones
demon,monkey,cymbal monkey,clones
demon,monster,colossal demon,clones
demon,moon,bogeyman,clones
demon,multiples,commander of sin,clones
demon,music,siren,clones
demon,mutation,teleporting acrobat,clones
demon,myth,cthulhu,clones
demon,order,copyright,clones
demon,paladin,blood,clones
demon,paladin,paladin,clones
demon,parasite,soul stealer,clones
demon,pigeon,crow,clones
demon,pirate,demon puncher,clones
demon,plant,sinister gourdling,clones
demon,pocket pet,specter,clones
demon,poison,serpent cultist,clones
demon,politician,dictatorship,clones
demon,precious ring lore,fiery shadow demon,clones
demon,prehistoric,cthulhu,clones
demon,psychic,belphegor,clones
demon,rainbow,clown,clones
demon,relic,necrocomicon,clones
demon,reptile,serpent cultist,clones
demon,robot,robot devil,clones
demon,rodent,zombie chipmunk,clones
demon,royal game,blue witch,clones
demon,royalty,demon queen,clones
demon,sacrifice,shub-niggurath,clones
demon,sci-fi,xenomorph,clones
demon,science,robot devil,clones
demon,sect,communism,clones
demon,shrine,doom temple,clones
demon,sidekick,voidwalker,clones
demon,sleep,demon queen,clones
demon,snake,devil,clones
demon,soul,money,clones
demon,space,xenomorph,clones
demon,speed,speed demon,clones
demon,spirit,soul stealer,clones
demon,stone,medusa,clones
demon,strength,demonite,clones
demon,superhero,demonite,clones
demon,sweets,sugar demon,clones
demon,sword,claymore of doom,clones
demon,the chosen one,vampire assassin,clones
demon,toy,doll,clones
demon,trident,devil,clones
demon,turkey day,turkey zombie,clones
demon,turtle,kappa,clones
demon,underground,devil,clones
demon,underwater,cthulhu,clones
demon,vampire,demon queen,clones
demon,vehicle,clown car,clones
demon,villain,devil,clones
demon,void,void fiend,clones
demon,war,baal,clones
demon,war,commander of sin,clones
demon,warrior,corpse,clones
demon,warrior,demon,clones
demon,water,cthulhu,clones
demon,water,ice imp,clones
demon,water serpent,cthulhu,clones
demon,wealth,greed,clones
demon,weapon,precious ring,clones
demon,wind,harpy,clones
demon,wings,devil,clones
demon,wintertide,krampus,clones
demon,wizard,corpse,clones
demon,wizard,demon,clones
demon,wizard,warlock,clones
demon,wizarding school,pixies,clones
demon,wolf,nine tails ninja,clones
demon,woman,succubus,clones
demon,wrath,kronos,clones
desert,desert,sandstorm,clones
desert,destruction,sandstorm,clones
desert,dog,anubis,clones
desert,dragon,amphisbaena,clones
desert,duck,vulture,little-alchemy
desert,eagle,vulture,little-alchemy
desert,earth,egyptian tomb,clones
desert,earth,silicon,clones
desert,elf,jama,clones
desert,extraterrestrial,jama,clones
desert,fairy tale,genie,clones
desert,fire,sun burn,clones
desert,galaxy wars,sand raider,clones
desert,giant,grabbers,clones
desert,golem,sandman,clones
desert,grave,pyramid,little-alchemy
desert,gravestone,pyramid,little-alchemy
desert,graveyard,pyramid,little-alchemy
desert,halloween,mummy,clones
desert,healing,sekhmet,clones
desert,hill,pyramid,little-alchemy
desert,holy water,sekhmet,clones
desert,hopefulness,vacations,clones
desert,horn,cactus demon,clones
desert,horse,camel,clones;little-alchemy
desert,horseshoe,camel,little-alchemy
desert,human,corpse,clones
desert,human,sand warrior,clones
desert,hummingbird,vulture,little-alchemy
desert,hybrid,cactus demon,clones
desert,ice,antarctica,little-alchemy
desert,ice,water,clones
desert,insect,scorpion lord,clones
desert,invention,dark space lord,clones
desert,jungle,oasis,clones
desert,knight,sand warrior,clones
desert,knowledge,geomancer,clones
desert,lake,oasis,little-alchemy
desert,leader,scorpion lord,clones
desert,life,animal,little-alchemy
desert,life,sandman,clones
desert,livestock,camel,little-alchemy
desert,love,oasis,clones
desert,madness,desert pirate,clones
desert,magic,genie,clones
desert,metal,jama,clones
desert,mind control,evil vizier,clones
desert,miniature,pygmy jerboa,clones
desert,monster,sandman,clones
desert,motion,sandstorm,little-alchemy
desert,mountain,pyramid,little-alchemy
desert,multiples,amphisbaena,clones
desert,music,rattlesnake,clones
desert,mutation,sandman,clones
desert,myth,amphisbaena,clones
desert,north america,mexico,infinite-craft
desert,owl,vulture,little-alchemy
desert,palm,oasis,little-alchemy
desert,penguin,vulture,little-alchemy
desert,pigeon,vulture,little-alchemy
desert,pirate,desert pirate,clones
desert,planet,mars,little-alchemy
desert,plant,cactus,clones;infinite-craft;little-alchemy
desert,plant,cactus demon,clones
desert,pocket pet,desert shrew,clones
desert,poison,rattlesnake,clones
desert,pond,oasis,little-alchemy
desert,prehistoric,fossil,clones
desert,puddle,oasis,little-alchemy
desert,radiation,desert pirate,clones
desert,rain,oasis,clones
desert,rainbow,oasis,clones
desert,reptile,rattlesnake,clones
desert,river,oasis,little-alchemy
desert,robot,jama,clones
desert,rodent,desert shrew,clones
desert,royal game,poisonous prince,clones
desert,royalty,persian royalty,clones
desert,saddle,camel,little-alchemy
desert,sailboat,camel,clones
desert,sailing ship,camel,clones
desert,sand,dune,little-alchemy
desert,sandstorm,dune,little-alchemy
desert,sci-fi,grabbers,clones
desert,shrine,egyptian tomb,clones
desert,sidekick,genie,clones
desert,sleep,mister sandman,clones
desert,snake,rattlesnake,clones
desert,snow,antarctica,little-alchemy
desert,software,sandbox,infinite-craft
desert,space,sand raider,clones
desert,speed,magic carpet,clones
desert,spider,scorpion,little-alchemy
desert,spirit,genie,clones
desert,statue,sphinx,infinite-craft;little-alchemy
desert,stone,pyramid,little-alchemy
desert,storm,sandstorm,little-alchemy
desert,stream,oasis,little-alchemy
desert,strength,sandman,clones
desert,sun,sun burn,clones
desert,superhero,persian royalty,clones
desert,sword,sand warrior,clones
desert,the chosen one,dark space lord,clones
desert,time,persian royalty,clones
desert,tornado,sandstorm,little-alchemy
desert,tree,cactus,clones;little-alchemy
desert,tree,oasis,clones;little-alchemy
desert,trident,sand raider,clones
desert,turtle,parched skeleton,clones
desert,undead,mummy,clones
desert,underground,egyptian tomb,clones
desert,vehicle,magic carpet,clones
desert,villain,evil vizier,clones
desert,void,quicksand,clones
desert,war,sekhmet,clones
desert,water,nile,clones
desert,water,oasis,clones;infinite-craft;little-alchemy
desert,wealth,golden scarab,clones
desert,weapon,gunslinger,clones
desert,werewolf,hungry coyote,clones
desert,wild animal,camel,little-alchemy
desert,wind,dune,little-alchemy
desert,wind,sandstorm,clones;little-alchemy
desert,wings,amphisbaena,clones
desert,wizard,evil vizier,clones
desert,wolf,hungry coyote,clones
desert,wooden ship,camel,clones
destruction,destruction,armageddon,clones
destruction,destruction,explosion,infinite-craft
destruction,dragon,bahamut,clones
destruction,earth,earthquake,clones
destruction,elf,demonic elf,clones
destruction,energy,laser,clones
destruction,extraterrestrial,cyborg alien mutant,clones
destruction,fairy,chaos sprite,clones
destruction,fairy tale,big bad wolf,clones
destruction,fire,wildfire,clones
destruction,fish,sharkstorm,clones
destruction,food,fluff puff,clones
destruction,galaxy wars,death ray,clones
destruction,giant,titan of destruction,clones
destruction,golem,titan of destruction,clones
destruction,halloween,headless rider,clones
destruction,hammer,unstoppable force,clones
destruction,healing,philosopher's stone,clones
destruction,holidays,pinch,clones
destruction,holy water,armageddon,clones
destruction,hopefulness,relentless friend,clones
destruction,horn,colossal demon,clones
destruction,horse,apocalypse rider,clones
destruction,human,war god,clones
destruction,hybrid,sharkstorm,clones
destruction,ice,avalanche,clones
destruction,immortality,bolo,clones
destruction,insect,space moth,clones
destruction,invention,dragon fire,clones
destruction,jungle,ape lost city,clones
destruction,knight,chaos champion,clones
destruction,knowledge,book burner,clones
destruction,leader,world eater,clones
destruction,life,virus,clones
destruction,love,green eyed monster,clones
destruction,madness,mad bomber,clones
destruction,magic,crimson witch,clones
destruction,medieval,black death,clones
destruction,metal,unstoppable force,clones
destruction,mind control,entropic magic,clones
destruction,miniature,pixies,clones
destruction,monkey,kongar,clones
destruction,monster,bahamut,clones
destruction,moon,moonflare,clones
destruction,multiples,zombie outbreak,clones
destruction,music,conch shell of doom,clones
destruction,mutation,cyborg alien mutant,clones
destruction,myth,philosopher's stone,clones
destruction,parasite,world eater,clones
destruction,pirate,barrage,clones
destruction,plant,cursed apple,clones
destruction,pocket pet,astro gang,clones
destruction,poison,poison cloud,clones
destruction,precious ring lore,ring lord,clones
destruction,prehistoric,meteor,clones
destruction,psychic,bloody prom queen,clones
destruction,radiation,bomb,clones
destruction,rainbow,laser,clones
destruction,relic,ancient ark,clones
destruction,reptile,gorezilla,clones
destruction,robot,alphatron,clones
destruction,rodent,black death,clones
destruction,royal game,dragon fire,clones
destruction,royalty,ice queen,clones
destruction,sci-fi,the ooze,clones
destruction,science,death ray,clones
destruction,shrine,doom temple,clones
destruction,sidekick,jester sidekick,clones
destruction,sleep,nightmare stalker,clones
destruction,snake,grabbers,clones
destruction,space,world eater,clones
destruction,speed,armageddon,clones
destruction,spirit,ancient ark,clones
destruction,strength,titan of destruction,clones
destruction,sun,death ray,clones
destruction,superhero,crimson witch,clones
destruction,sweets,cavities,clones
destruction,sword,claymore of doom,clones
destruction,the chosen one,dragon incarnate,clones
destruction,time,paradox,clones
destruction,toy,voodoo doll,clones
destruction,tree,catapult,clones
destruction,trident,devil,clones
destruction,turkey day,turkeyzilla,clones
destruction,turtle,primeval turtle,clones
destruction,undead,zombie outbreak,clones
destruction,underground,earthquake,clones
destruction,underwater,cthulhu,clones
destruction,vehicle,death ray,clones
destruction,villain,alphatron,clones
destruction,void,black hole,clones
destruction,war,armageddon,clones
destruction,water,maelstrom,clones
destruction,water serpent,kraken,clones
destruction,wealth,precious ring,clones
destruction,weapon,gun,infinite-craft
destruction,weapon,unstoppable force,clones
destruction,werewolf,claws,clones
destruction,wind,cyclone,clones
destruction,wings,space moth,clones
destruction,wintertide,avalanche,clones
destruction,wizard,crimson witch,clones
destruction,wizarding school,pixies,clones
destruction,wolf,werewolf,clones
detective,violin,sherlock holmes,clones
dewar flask,metals,thermos,clones
dewar flask,scuba,cryogenic scuba,clones
diamond,egg,fabergé egg,clones
diamond,flower,woman,clones
diamond,flower,woman (zed's alchemy),clones
diamond,gold,ring,little-alchemy
diamond,light,laser,clones
diamond,light,rainbow,clones
diamond,love,ring,little-alchemy
diamond,metal,ring,little-alchemy
diamond,paper,money,little-alchemy
diamond,perfume,woman,clones
diamond,perfume,woman (zed's alchemy),clones
diamond,steel,ring,little-alchemy
diamond,sugar,ring pop,little-alchemy
diet,grass/weeds,vegetarianism,clones
diet,obesity,man,clones
diet,obesity,man (zed's alchemy),clones
diet,religion,fasting,clones
digital camera,internet,webcam,clones
digital photography,time/life,digital camera,clones
dilemma,scientist,philosophy,clones
dinosaur,dinosaur,dinosaur,clones
dinosaur,dinosaur,egg,clones;infinite-craft;little-alchemy
dinosaur,dinosaur,egg (doodle god),clones
dinosaur,eagle,pterodactyl,little-alchemy
dinosaur,earth,fossil,clones;little-alchemy
dinosaur,egg,baby dinosaur,infinite-craft
dinosaur,extinct,tyrannosaurus rex,infinite-craft
dinosaur,fire,dragon,clones
dinosaur,godzilla,king kong,infinite-craft
dinosaur,human,blood,clones
dinosaur,human,dinosaur,clones
dinosaur,human,paleontologist,little-alchemy
dinosaur,hunter,blood,clones
dinosaur,hunter,dinosaur,clones
dinosaur,japan,godzilla,infinite-craft
dinosaur,legend,kaiju,little-alchemy
dinosaur,legend,nessie,little-alchemy
dinosaur,man,blood,clones
dinosaur,man,dinosaur,clones
dinosaur,mario,yoshi,clones;infinite-craft
dinosaur,meat,tyrannosaurus rex,little-alchemy
dinosaur,monarch,tyrannosaurus rex,little-alchemy
dinosaur,obama,barackasaurus,infinite-craft
dinosaur,rock,fossil,little-alchemy
dinosaur,science,paleontologist,little-alchemy
dinosaur,sky,pterodactyl,little-alchemy
dinosaur,skyscraper,kaiju,little-alchemy
dinosaur,small,lizard,little-alchemy
dinosaur,stone,fossil,clones;little-alchemy
dinosaur,story,jurassic park,infinite-craft
dinosaur,story,kaiju,little-alchemy
dinosaur,story,nessie,little-alchemy
dinosaur,time,bird,little-alchemy
dinosaur,time,fossil,little-alchemy
dinosaur,vulture,pterodactyl,little-alchemy
dinosaur,warrior,blood,clones
dinosaur,warrior,warrior,clones
dinosaur,warrior,warrior (doodle god),clones
dinosaur,warrior,warrior (zed's alchemy),clones
dinosaur,water,plesiosauria,clones
dinosaurs,viruses,infected animal,clones
dinosaurs,water,plesiosaurs,clones
dirt,tool,shovel,infinite-craft
diseases,human,virus,clones
disney,moana,maui,infinite-craft
disney,princess,cinderella,infinite-craft
disney,superman,mickey mouse,infinite-craft
disneyland,dog,pluto,clones
disneyland,duck,donald duck,clones
disneyland,mouse,mickey mouse,clones
diver,diver,idea,little-alchemy
divorce,god,odin,infinite-craft
dna,knowledge,dna fingerprinting,clones
doctor,doctor,idea,little-alchemy
doctor,drum,stethoscope,little-alchemy
doctor,house,hospital,little-alchemy
doctor,lobster,dr. zoidberg,clones
doctor,medusa,statue,little-alchemy
doctor,mold,penicillin,little-alchemy
doctor,needle,syringe,little-alchemy
doctor,robot,cyborg,little-alchemy
doctor,sick,vicodin,clones
doctor,sound,stethoscope,little-alchemy
doctor,sword,scalpel,little-alchemy
doctor,tardis,the doctor,little-alchemy
doctor,tool,stethoscope,little-alchemy
doctor,tools,thermometer,clones
doctor,vicodin,house m.d,clones
doctor,wall,hospital,little-alchemy
dog,dog,puppy love,clones
dog,eagle,griffon,clones
dog,elf,animal whisperer,clones
dog,energy,morphed beast,clones
dog,extraterrestrial,space dog,clones
dog,fairy,puppy love,clones
dog,fairy tale,big bad wolf,clones
dog,fire,hot dog,clones
dog,fish,scylla,clones
dog,food,hot dog,clones
dog,forest,wolf,clones;little-alchemy
dog,forest,wolf (alchemy 1000),clones
dog,giant,cerberus,clones
dog,glacier,husky,little-alchemy
dog,golem,anubis,clones
dog,griffon,hyena,clones
dog,halloween,werewolf,clones
dog,healing,spirit wolf,clones
dog,holidays,cute carolers,clones
dog,holy water,heavenly dog,clones
dog,hopefulness,train doggo,clones
dog,horn,wolf warrior,clones
dog,house,doghouse,clones;little-alchemy
dog,human,anubis,clones
dog,hybrid,bear dog,clones
dog,hyena,wolf,clones
dog,hyena,wolf (doodle farm),clones
dog,ice,husky,little-alchemy
dog,ice,siberian husky,clones
dog,immortality,anubis,clones
dog,insect,flea,clones
dog,internet,doge,little-alchemy
dog,invention,professor beagle,clones
dog,jungle,dire wolf,clones
dog,knight,jack the dog,clones
dog,knowledge,professor beagle,clones
dog,lake,seal,little-alchemy
dog,leader,alpha,clones
dog,love,puppy love,clones
dog,madness,insanity wolf,clones
dog,magic,jack the dog,clones
dog,magpie,fox,clones
dog,martial arts,nine tails ninja,clones
dog,metal,k-9000,clones
dog,mind control,cute charm,clones
dog,miniature,puppy love,clones
dog,monkey,cute carolers,clones
dog,monster,scylla,clones
dog,moon,night children,clones
dog,multiples,cerberus,clones
dog,music,night children,clones
dog,mutation,dr. savage,clones
dog,myth,cerberus,clones
dog,ocean,seal,little-alchemy
dog,paper,origami,little-alchemy
dog,parasite,flea,clones
dog,pirate,sea dog,clones
dog,plant,pet plant,clones
dog,pocket pet,ninja doge,clones
dog,precious ring lore,shapeshifting chief,clones
dog,prehistoric,pup,clones
dog,psychic,stockbroker wolf,clones
dog,radiation,hot dog,clones
dog,rainbow,puppy love,clones
dog,relic,anubis,clones
dog,robot,k-9000,clones
dog,royal game,cranky knight,clones
dog,royalty,northern king,clones
dog,sci-fi,space dog,clones
dog,science,professor beagle,clones
dog,sea,seal,little-alchemy
dog,shrine,amaterasu,clones
dog,sidekick,jack the dog,clones
dog,snow,husky,little-alchemy
dog,space,space dog,clones
dog,speed,k-9000,clones
dog,spirit,spirit wolf,clones
dog,strength,amazing dog,clones
dog,sun,hot dog,clones
dog,superhero,amazing dog,clones
dog,sword,jack the dog,clones
dog,the chosen one,nine tails ninja,clones
dog,time,professor beagle,clones
dog,toy,k-9000,clones
dog,trident,scylla,clones
dog,undead,anubis,clones
dog,underground,cerberus,clones
dog,underwater,seal,clones
dog,vampire,flea,clones
dog,villain,scylla,clones
dog,void,space dog,clones
dog,wall,doghouse,little-alchemy
dog,war,wolf battering ram,clones
dog,water,sea dog,clones
dog,water,seal,little-alchemy
dog,water serpent,scylla,clones
dog,wealth,stockbroker wolf,clones
dog,weapon,space dog,clones
dog,werewolf,siberian husky,clones
dog,wild animal,wolf,little-alchemy
dog,wind,spirit wolf,clones
dog,wings,heavenly dog,clones
dog,wintertide,cute carolers,clones
dog,wizard,jack the dog,clones
dog,wizarding school,transmutation,clones
dog,wolf,dingo,clones
dog,wolf,siberian husky,clones
doll,needle,voodoo,clones
domestic animal,grass,fertilizer and milk,clones
domestic animal,grass,milk + fertilizer,clones
domestic animal,human,meat and wool,clones
domestic animal,imp,blood and beat,clones
domestic animals,ruminants,cows,clones
domestic animals,viruses,infected animal,clones
domestic animals,wild boars,pigs,clones
domestication,egg,chicken,little-alchemy
domestication,goat,sheep,little-alchemy
domestication,grass,wheat,little-alchemy
domestication,mountain goat,sheep,little-alchemy
domestication,mouse,hamster,little-alchemy
domestication,plant,vegetable,little-alchemy
domestication,rat,hamster,little-alchemy
domestication,tree,nuts,little-alchemy
domestication,wolf,dog,little-alchemy
donation,money,charity,clones
donkey,goat,moose,clones
donkey,monkey,sloth,clones
donkey,swamp,shrek,infinite-craft
donkey kong,donkey kong,diddy kong,infinite-craft
donkey kong,mario,donkey kong country,infinite-craft
donkey kong,race,mario,infinite-craft
donkey kong,screen,mario,infinite-craft
donut,house,bakery,little-alchemy
donut,house,gingerbread house,little-alchemy
donut,human,baker,little-alchemy
donut,village,bakery,little-alchemy
door,horseshoe,luck,clones
double rainbow!,glass,prism,little-alchemy
double rainbow!,grass,flower,little-alchemy
double rainbow!,horse,unicorn,little-alchemy
double rainbow!,human,wizard,little-alchemy
double rainbow!,life,magic,little-alchemy
double rainbow!,life,unicorn,little-alchemy
double rainbow!,liquid,paint,little-alchemy
double rainbow!,lizard,chameleon,little-alchemy
double rainbow!,pencil,crayon,little-alchemy
double rainbow!,plant,flower,little-alchemy
double rainbow!,pottery,paint,little-alchemy
double rainbow!,snake,chameleon,little-alchemy
double rainbow!,sugar,sprinkles,little-alchemy
double rainbow!,tool,paint,little-alchemy
double rainbow!,turtle,chameleon,little-alchemy
double rainbow!,water,paint,little-alchemy
double rainbow!,wax,crayon,little-alchemy
dough,energy,bread,little-alchemy
dough,fire,bread,clones;little-alchemy
dough,fire,bread (doodle god),clones
dough,fire,bread (zed's alchemy),clones
dough,fire,spooky cake,clones
dough,fruit,pie,clones;little-alchemy
dough,house,gingerbread house,little-alchemy
dough,human,baker,little-alchemy
dough,life,gingerbread man,little-alchemy
dough,magic,gingerbread man,little-alchemy
dough,meat,pelmeni,clones
dough,meat,pie,little-alchemy
dough,oil,donut,little-alchemy
dough,pan,pancakes,clones
dough,sausages,hot dog,clones
dough,story,gingerbread man,little-alchemy
dough,sugar,cookie,little-alchemy
dough,sugar,cookie dough,little-alchemy
dough,wheel,donut,little-alchemy
down,textile,pillow,clones
dragon,dragon,egg,little-alchemy
dragon,dragon,hydra,clones
dragon,fairy,dragon fairy,clones
dragon,fairy tale,dragon princess,clones
dragon,fish,cthulhu,clones
dragon,food,fire candy,clones
dragon,galaxy wars,aquatic alien,clones
dragon,game of thrones,daenerys targaryen,infinite-craft
dragon,giant,bahamut,clones
dragon,golem,gargoyle,clones
dragon,halloween,fire candy,clones
dragon,healing,dragon fairy,clones
dragon,hopefulness,eternal dragon,clones
dragon,horn,plague dragon,clones
dragon,human,ash,clones
dragon,human,ash (doodle god),clones
dragon,human,dragon,clones
dragon,hunter,ash,clones
dragon,hunter,ash (doodle god),clones
dragon,hunter,ash (zed's alchemy),clones
dragon,hunter,dragon,clones
dragon,hut,ash,clones
dragon,hut,ash (zed's alchemy),clones
dragon,hut,dragon,clones
dragon,hybrid,dragon turtle,clones
dragon,ice,frost dragon,clones
dragon,immortality,eternal dragon,clones
dragon,imp,demon,clones
dragon,insect,dragonfly,clones
dragon,invention,dragon fire,clones
dragon,jungle,plant dragon,clones
dragon,knight,dragon rider,clones
dragon,knight,hero,little-alchemy
dragon,knowledge,devil,clones
dragon,leader,devil,clones
dragon,life,eternal dragon,clones
dragon,love,dragon mother,clones
dragon,madness,the deranged king,clones
dragon,magic,puff,clones
dragon,man,ash,clones
dragon,man,ash (zed's alchemy),clones
dragon,man,dragon,clones
dragon,martial arts,dragonkin ninja,clones
dragon,medieval,dragon rider,clones
dragon,metal,armored dragon,clones
dragon,mind control,alpha dragon,clones
dragon,miniature,ember,clones
dragon,monkey,super martial artist,clones
dragon,monster,gorezilla,clones
dragon,monster,hydra,infinite-craft
dragon,moon,night dragon,clones
dragon,mountain,lair,clones
dragon,multiples,hydra,clones
dragon,music,puff,clones
dragon,myth,wyvern,clones
dragon,party,dead dragon,clones
dragon,pirate,captain hook,infinite-craft
dragon,pirate,off the map,clones
dragon,plant,plant dragon,clones
dragon,pocket pet,emberzard,clones
dragon,poison,poison dragon,clones
dragon,precious ring lore,smug,clones
dragon,prehistoric,gorezilla,clones
dragon,priest,ash,clones
dragon,priest,ash (doodle god),clones
dragon,princess,knight,infinite-craft
dragon,psychic,alpha dragon,clones
dragon,quest,mountain,clones
dragon,radiation,gorezilla,clones
dragon,rainbow,puff,clones
dragon,relic,fire sigil,clones
dragon,reptile,dragonkin,clones
dragon,robot,hydrabot,clones
dragon,royal game,dragon mother,clones
dragon,royalty,dragon princess,clones
dragon,sci-fi,gorezilla,clones
dragon,science,hydrabot,clones
dragon,ship,pirate,infinite-craft
dragon,shrine,eternal dragon,clones
dragon,sidekick,water dragon,clones
dragon,sleep,smug,clones
dragon,snake,wyvern,clones
dragon,sopranos,game of thrones,infinite-craft
dragon,space,night dragon,clones
dragon,speed,night dragon,clones
dragon,spirit,spectral dragon,clones
dragon,story,fairy tale,little-alchemy
dragon,strength,gorezilla,clones
dragon,sun,emberzard,clones
dragon,superhero,eternal dragon,clones
dragon,swamp,lizard,infinite-craft
dragon,sweets,fire candy,clones
dragon,the chosen one,dragon incarnate,clones
dragon,time,ancient dragon,clones
dragon,time,dinosaur,clones
dragon,turtle,dragon turtle,clones
dragon,undead,skeletal dragon,clones
dragon,underground,smug,clones
dragon,underwater,hydra,clones
dragon,vehicle,dragon rider,clones
dragon,villain,smug,clones
dragon,void,night dragon,clones
dragon,war,armored dragon,clones
dragon,warrior,blood,clones
dragon,warrior,hero,clones
dragon,warrior,hero + blood,clones
dragon,water,crocodile,clones
dragon,water,sea serpent,infinite-craft
dragon,water,water serpent,clones
dragon,water serpent,hydra,clones
dragon,wealth,smug,clones
dragon,weapon,dragon cannon,clones
dragon,wind,puff,clones
dragon,wintertide,frost dragon,clones
dragon,wizard,pyromancer,clones
dragon,wizarding school,austrian spiketrail,clones
dragon ball z,goku,super saiyan,infinite-craft
draw well,pump + tower,water tower,clones
drawing,mickey mouse,cartoon,infinite-craft
drawing,mountain,art,infinite-craft
dress,scissors,decollete,clones
dress,shoes,fashion,clones
dress,woman,bride,clones
drilling rig,earth,borehole,clones
drow,elf,blood,clones
drow,metal,adamantite,clones
drum,feast,carnival,clones
drum,human,musician,little-alchemy
drum,musician,music,little-alchemy
drunk,medusa,statue,little-alchemy
drunk,money,bar,infinite-craft
duck,duck,egg,little-alchemy
duck,egg,duckling,little-alchemy
duck,herring,penguin,clones
duck,machine,airplane,little-alchemy
duck,metal,airplane,little-alchemy
duck,ostrich,heron,clones
duck,paper,origami,little-alchemy
duck,pigeon,swan,clones
duck,piranha,eagle,clones
duck,polar fox,seagull,clones
duck,steel,airplane,little-alchemy
duckling,time,duck,little-alchemy
ducks,rubber,yellow water toy,clones
duergar,dwarf,blood,clones
dune,horse,camel,little-alchemy
dune,livestock,camel,little-alchemy
dune,spider,scorpion,little-alchemy
dune,wild animal,scorpion,little-alchemy
dust,dust,sand,infinite-craft
dust,earth,planet,infinite-craft
dust,energy,gunpowder,little-alchemy
dust,fire,ash,clones;infinite-craft
dust,fire,ash (doodle god),clones
dust,fire,gunpowder,clones;little-alchemy
dust,fjord,troll,infinite-craft
dust,flower,pollen,little-alchemy
dust,human,allergy,little-alchemy
dust,human,mummy,infinite-craft
dust,jungle,monkey,infinite-craft
dust,life,mite,clones
dust,mud,mud,clones
dust,plant,pollen,little-alchemy
dust,storm,sand storm,clones
dust,void,vacuum cleaner,clones
dust,water,mud,clones;infinite-craft
dust,wind,sandstorm,infinite-craft
dwarf,stone,quarry,infinite-craft
dwarf,weapon,axe,clones
dwarf,weapon,axe (doodle god),clones
dwarf,weapon,hammer,clones
dwarf,weapon,hammer (doodle god),clones
dynamite,petrol,explosion,clones
eagle,eagle,egg,little-alchemy
eagle,falcon,hawk,clones
eagle,machine,airplane,little-alchemy
eagle,metal,airplane,little-alchemy
eagle,mole,owl,clones
eagle,paper,origami,little-alchemy
eagle,steel,airplane,little-alchemy
ears,eye,head,clones
ears,gold,earrings,clones
earth,earth,earthquake,clones
earth,earth,land,little-alchemy
earth,earth,mountain,infinite-craft
earth,earth,pressure,little-alchemy
earth,earthquake,mountain,little-alchemy
earth,egg,dinosaur,clones
earth,elf,gnome,clones
earth,energy,earthquake,clones;little-alchemy
earth,engine,tractor,infinite-craft
earth,extraterrestrial,world eater,clones
earth,fairy,gnome,clones
earth,fairy tale,castle,clones
earth,farmer,field,little-alchemy
earth,fern,fossil,clones
earth,fern,shrub,clones
earth,fire,lava,clones;infinite-craft;little-alchemy
earth,fire,stone,clones
earth,fire,stone (alchemy classic),clones
earth,fire,volcano,clones
earth,fire + fire,volcano,clones
earth,flowers,trees,clones
earth,food,candy nation,clones
earth,fort,fortress,clones
earth,fossil,oil,infinite-craft
earth,fountain,geyser,clones
earth,frogs,toads,clones
earth,fruit,berries,clones
earth,fruit,juice,little-alchemy
earth,galaxy wars,carnivorous pit,clones
earth,gas,smoke,little-alchemy
earth,giant,atlas,clones
earth,golem,rock slide,clones
earth,grass,bamboo,clones
earth,halloween,tombstone,clones
earth,hammer,miner,clones
earth,hammer,ore,little-alchemy
earth,healing,mandrake,clones
earth,heat,lava,little-alchemy
earth,hill,mountain,little-alchemy
earth,holidays,dreidel,clones
earth,hopefulness,escape tunnel,clones
earth,horn,rock dragon,clones
earth,house,ladder,clones
earth,human,dwarf,clones
earth,hybrid,skeletal isle,clones
earth,hydrocarbon,gas field,clones
earth,hydrocarbon,oil field,clones
earth,hydrothermal vein,minerals,clones
earth,ice,avalanche,clones
earth,idea,solid,little-alchemy
earth,immortality,thunder god,clones
earth,imp,lava,clones
earth,insect,earthworm,clones
earth,insectivora,moles,clones
earth,insects,ants,clones
earth,invention,alchemist,clones
earth,iron,magnet,clones
earth,jungle,ape lost city,clones
earth,knight,planet commander,clones
earth,knowledge,geomancer,clones
earth,knowledge,oil,clones
earth,lake,swamp,infinite-craft
earth,land,continent,little-alchemy
earth,lava,volcano,little-alchemy
earth,leader,gaia,clones
earth,life,animal,clones
earth,life,golem,clones
earth,life,human,infinite-craft;little-alchemy
earth,life,soil,little-alchemy
earth,life,worm,clones
earth,lightning,glass,clones
earth,liquid,lava,little-alchemy
earth,lizard,beast,clones
earth,lizard,beast (doodle god),clones
earth,lizard,beast (zed's alchemy),clones
earth,lizard,dinosaur,infinite-craft
earth,love,diamond ring,clones
earth,madness,the brown druid,clones
earth,magic,golem,clones
earth,mammals,rodent,clones
earth,man,footprints,clones
earth,map,globe,clones
earth,martial arts,thunder god,clones
earth,medieval,castle,clones
earth,metal,metal golem,clones
earth,metal,plow,little-alchemy
earth,meteor,iron,clones
earth,meteor,iron (alchemy 1000),clones
earth,mind control,mind jewel,clones
earth,minerals,cinnabar,clones
earth,minerals,sulfur,clones
earth,miniature,asteroid prince,clones
earth,molluscs,snails,clones
earth,monkey,monkey king,clones
earth,monkey wrench,tool,infinite-craft
earth,monster,swamp monster,clones
earth,monster,troll,infinite-craft
earth,moon,moon golem,clones
earth,moss,grass,clones
earth,motion,earthquake,little-alchemy
earth,mountain,volcano,infinite-craft
earth,multiples,multiverse,clones
earth,mummy,tomb,infinite-craft
earth,music,pan,clones
earth,mutation,diamond queen,clones
earth,myth,gaia,clones
earth,night,moon,little-alchemy
earth,nuclear waste,polluted earth,clones
earth,ocean,island,infinite-craft
earth,ocean,primordial soup,little-alchemy
earth,organic matter,mineral,little-alchemy
earth,organic matter,soil,little-alchemy
earth,paper,map,little-alchemy
earth,parasite,world eater,clones
earth,paris,eiffel tower,infinite-craft
earth,peat,coal,clones;little-alchemy
earth,peat,coal (alchemy classic),clones
earth,pencil,drawing,infinite-craft
earth,pirate,off the map,clones
earth,pirate,treasure,infinite-craft
earth,pixel art,minecraft,infinite-craft
earth,plankton,arthropods,clones
earth,plankton,worm,clones
earth,plant,grass,little-alchemy
earth,plant,mandrake,clones
earth,plant,tree,clones;infinite-craft
earth,plow,field,little-alchemy
earth,pocket pet,geode,clones
earth,precious ring lore,the brown druid,clones
earth,prehistoric,triceratops,clones
earth,pressure,stone,little-alchemy
earth,psychic,psychic elementalist,clones
earth,pterodactyl,fossil,clones
earth,rain,mushroom,clones
earth,rain,plant,infinite-craft;little-alchemy
earth,rainbow,cave monkeys,clones
earth,reflection,moon,infinite-craft
earth,relic,worship stones,clones
earth,reptile,world turtle,clones
earth,reptiles,lizards,clones
earth,road,map,clones
earth,rock,boulder,little-alchemy
earth,rocket,moon,infinite-craft
earth,rodent,groundhog,clones
earth,rodent,mice,clones
earth,royal game,lady revenant,clones
earth,royalty,asteroid prince,clones
earth,sand,sandstone,little-alchemy
earth,sci-fi,swamp monster,clones
earth,science,great wall,clones
earth,science,solid,little-alchemy
earth,sea,island,clones
earth,sea,primordial soup,little-alchemy
earth,seed,plant,little-alchemy
earth,seed,tree,clones
earth,seeds,grass,clones
earth,seeds,mushroom,clones
earth,seeds,tree,clones
earth,ship,anchor,clones
earth,shovel,pit,clones
earth,shrine,stone effigy,clones
earth,sidekick,moon,clones
earth,skeleton,fossil,little-alchemy
earth,sky,horizon,little-alchemy
earth,sky,planet,little-alchemy
earth,sleep,mister sandman,clones
earth,slugs,worms,clones
earth,small,pebble,little-alchemy
earth,snake,grabbers,clones
earth,snow,snowball,little-alchemy
earth,solar system,planet,little-alchemy
earth,solid,stone,little-alchemy
earth,space,planet,clones;little-alchemy
earth,space,rocket,clones
earth,speed,quicksand,clones
earth,spirit,tombstone,clones
earth,star,sun,clones
earth,steam,geyser,clones;little-alchemy
earth,steam,mud,infinite-craft
earth,steel,plow,little-alchemy
earth,stone,land,little-alchemy
earth,stone,rock,infinite-craft
earth,stone,sedimentary rock,clones
earth,strength,sandstorm,clones
earth,sun,desert,clones
earth,superhero,rock slide,clones
earth,sweets,candy nation,clones
earth,sword,hammer,clones
earth,the chosen one,battle prodigy,clones
earth,time,fossil,clones
earth,tool,arable,clones
earth,tool,arable (zed's alchemy),clones
earth,tool,field,little-alchemy
earth,tools,arable,clones
earth,tools,arable (doodle god),clones
earth,tools,clay,clones
earth,tools,clay (alchemy 1000),clones
earth,tools,field,clones
earth,tools,field (doodle devil),clones
earth,tools,field (doodle god),clones
earth,toy,building blocks,clones
earth,tractor,farm,infinite-craft
earth,tree,jump,clones
earth,trident,farmer,clones
earth,turkey day,plymouth rock,clones
earth,turtle,world turtle,clones
earth,undead,mummy,clones
earth,undefined dead lifeform,animal fossil,clones
earth,underground,quicksand,clones
earth,underwater,atlantis,clones
earth,vampire,killer plant,clones
earth,vegetable,potato,little-alchemy
earth,vegetable waste,methane,clones
earth,vegetables,potatoes,clones
earth,vehicle,stonemobile,clones
earth,villain,grabbers,clones
earth,void,burrowling,clones
earth,volcano + water,hydrothermal vein,clones
earth,war,terracotta army,clones
earth,water,mud,little-alchemy
earth,water,plant,clones;infinite-craft
earth,water,swamp,clones
earth,water,tree,clones
earth,wave,earthquake,little-alchemy
earth,wealth,diamond ring,clones
earth,weapon,spider mine,clones
earth,weeds,mushroom,clones
earth,whale,elephant,clones
earth,wind,dust,infinite-craft
earth,wind,sandstorm,clones
earth,wings,vampiric gargoyle,clones
earth,wintertide,stone hearth,clones
earth,wizard,geomancer,clones
earth,wizarding school,mandrake,clones
earth,wolf,gargoyle,clones
earth,wood,grape,clones
earth,wood,plow,little-alchemy
earth,worm,beetle,clones
earth,wormy compost,humus,clones
earth,zoo,animal,infinite-craft
earthquake,glacier,avalanche,little-alchemy
earthquake,hill,mountain,little-alchemy
earthquake,mountain,avalanche,little-alchemy
earthquake,mountain range,avalanche,little-alchemy
earthquake,ocean,tsunami,little-alchemy
earthquake,sea,tsunami,little-alchemy
earthquake,snow,avalanche,little-alchemy
earthquake,water,tsunami,clones
ebonit,tools,flute,clones
ebonit,tools,flute (alchemy classic),clones
echo,parrot,repeat,infinite-craft
ectoplasm,scientist,ghostbusters,clones
eel,herring,pike,clones
egg,egg,chicken,clones
egg,farm,chicken,little-alchemy
egg,farmer,chicken,little-alchemy
egg,fire,omelette,clones;little-alchemy
egg,fire,phoenix,little-alchemy
egg,fire,scrambled eggs,clones
egg,fire flower,chicken,infinite-craft
egg,fish,caviar,clones
egg,fish,roe,little-alchemy
egg,flour,pasta,little-alchemy
egg,flying fish,roe,little-alchemy
egg,grass,nest,little-alchemy
egg,hay,nest,little-alchemy
egg,heat,omelette,little-alchemy
egg,imp,dragon,clones
egg,lake,fish,little-alchemy
egg,lake,roe,little-alchemy
egg,life,chicken,clones
egg,livestock,chicken,little-alchemy
egg,magic,dragon,clones
egg,nest,nestling,clones
egg,ocean,fish,little-alchemy
egg,ocean,hard roe,little-alchemy
egg,ocean,roe,little-alchemy
egg,oil,mayonnaise,little-alchemy
egg,philosophers stone,dragon,clones
egg,pond,frog,little-alchemy
egg,pond,hard roe,little-alchemy
egg,puddle,frog,little-alchemy
egg,rock,lizard,little-alchemy
egg,sand,hawk,clones
egg,sand,turtle,clones;little-alchemy
egg,sea,fish,little-alchemy
egg,sea,hard roe,little-alchemy
egg,sea,roe,little-alchemy
egg,sky,bird,little-alchemy
egg,stone,lizard,little-alchemy
egg,swamp,lizard,clones;little-alchemy
egg,time,chicken,clones
egg,tomato,breakfast,clones
egg,tool,omelette,little-alchemy
egg,treasures,fabergé,clones
egg,tree,nest,little-alchemy
egg,watch,egg timer,little-alchemy
egg,water,fish,little-alchemy
egg,water,hard roe,little-alchemy
egg,water,roe,little-alchemy
egg,worm,snake,clones
eggs,fire + flour + water,bread,clones
eggs,fire + flour + water,bread (alchemy classic),clones
egypt,mummy,tutankhamun,infinite-craft
egypt,princess,cleopatra,clones
egypt,river,nile,infinite-craft
electric car,house,garage,little-alchemy
electric car,moon,moon rover,little-alchemy
electric car,wall,garage,little-alchemy
electric eel,land,snake,little-alchemy
electric guitar,japan,j-pop,infinite-craft
electrician,electrician,idea,little-alchemy
electrician,robot,cyborg,little-alchemy
electrician,windmill,wind turbine,little-alchemy
electricity,fire + salt,chlorine,clones
electricity,fire + salt,sodium,clones
electricity,fish,eel,clones
electricity,fish,electric eel,little-alchemy
electricity,fish,electric ray,clones
electricity,fish,undefined dead lifeform,clones
electricity,flashlight,light,little-alchemy
electricity,glass,light bulb,clones;little-alchemy
electricity,gun,stun gun,little-alchemy
electricity,gun,taser,clones;little-alchemy
electricity,gunpowder,explosion,little-alchemy
electricity,hacker,computer,little-alchemy
electricity,hourglass,clock,clones
electricity,human,electrician,little-alchemy
electricity,knowledge,semiconductor,clones
electricity,lake,life,little-alchemy
electricity,letter,email,little-alchemy
electricity,light bulb,light,clones;little-alchemy
electricity,lightbulb,glowing lightbulb,clones
electricity,lumberjack,chainsaw,little-alchemy
electricity,metal,wire,little-alchemy
electricity,metal golem,robot,clones
electricity,mineral,battery,little-alchemy
electricity,needle,sewing machine,little-alchemy
electricity,neon,neon lamp,clones
electricity,nerd,computer,little-alchemy
electricity,ocean,life,little-alchemy
electricity,ore,battery,little-alchemy
electricity,oxygen,ozone,clones;little-alchemy
electricity,primordial soup,life,little-alchemy
electricity,rain,lightning,little-alchemy
electricity,rope,wire,little-alchemy
electricity,sand,glass,little-alchemy
electricity,scythe,lawn mower,little-alchemy
electricity,sea,life,little-alchemy
electricity,semiconductor,transistor,clones
electricity,silicon,transistor,clones
electricity,sky,aurora,little-alchemy
electricity,snake,electric eel,clones
electricity,steel,wire,little-alchemy
electricity,storm,lightning,little-alchemy
electricity,storm,thunderstorm,clones
electricity,sugar,cotton candy,little-alchemy
electricity,sun,solar cell,clones;little-alchemy
electricity,sun,solar panel,infinite-craft
electricity,sundial,clock,little-alchemy
electricity,swamp,frankenstein,infinite-craft
electricity,sword,light sword,little-alchemy
electricity,sword,lightsaber,little-alchemy
electricity,thread,sewing machine,little-alchemy
electricity,time,clock,little-alchemy
electricity,void,radio wave,clones
electricity,void,radiowave,clones
electricity,wagon,electric car,little-alchemy
electricity,wall,ac outlet,clones
electricity,water,hydrogen,clones
electricity,water,oxygen,clones
electricity,wind,wind power plant,clones
electricity,wind,wind turbine,little-alchemy
electricity,windmill,wind turbine,little-alchemy
electricity,zombie,frankenstein,clones;little-alchemy
electricity,zombie,frankenstein's monster,little-alchemy
element_b,format: `element_a,result` (lowercase),infinite-craft
elephant,flag,india,clones
elephant,king kong,godzilla,infinite-craft
elephant,mammoth,mastodon,infinite-craft
elephant,raccoon,anteater,clones
elephant,sea,whale,clones
elephant,snow,mammoth,clones
elephant,squirrel,mammoth,clones;infinite-craft
elf,energy,elven power elixir,clones
elf,extraterrestrial,space elf,clones
elf,fairy,blue folk,clones
elf,fairy tale,rumpelstiltskin,clones
elf,fire,mana elf,clones
elf,fish,naga queen,clones
elf,food,elf baker,clones
elf,galaxy wars,master y,clones
elf,halloween,leprechaun,clones
elf,healing,elf wizard,clones
elf,holidays,santa's helper,clones
elf,hopefulness,relentless friend,clones
elf,horn,demonic elf,clones
elf,horse,animal whisperer,clones
elf,human,half-elf,clones
elf,hybrid,half-fairy,clones
elf,ice,santa's helper,clones
elf,immortality,eternal child,clones
elf,insect,stinger,clones
elf,invention,santa's helper,clones
elf,jungle,forest elf,clones
elf,knight,legendary hero,clones
elf,knowledge,elf wizard,clones
elf,leader,elf king,clones
elf,life,elf wizard,clones
elf,lord of the rings,legolas,infinite-craft
elf,love,cupid,clones
elf,madness,precious ring bearer,clones
elf,magic,elf wizard,clones
elf,martial arts,dark elf,clones
elf,medieval,elf warrior,clones
elf,metal,mithril,clones
elf,metal,precious ring bearer,clones
elf,mind control,banshee empress,clones
elf,miniature,blue folk,clones
elf,monkey,animal whisperer,clones
elf,monster,goblin,clones
elf,moon,dark elf,clones
elf,multiples,fair princess,clones
elf,music,pied piper,clones
elf,mutation,flying goblin,clones
elf,myth,santa's helper,clones
elf,parasite,mana drainer,clones
elf,pirate,big mojo,clones
elf,plant,forest elf,clones
elf,precious ring lore,elf king,clones
elf,prehistoric,forestfolk,clones
elf,relic,stinger,clones
elf,reptile,lizard rider,clones
elf,rodent,pied piper,clones
elf,royal game,forestfolk,clones
elf,royalty,elf king,clones
elf,sci-fi,space elf,clones
elf,science,space elf,clones
elf,sidekick,space elf,clones
elf,sleep,fair princess,clones
elf,space,space elf,clones
elf,spirit,vial of stars,clones
elf,strength,elf warrior,clones
elf,superhero,legendary hero,clones
elf,sweets,elf baker,clones
elf,sword,legendary hero,clones
elf,the chosen one,legendary hero,clones
elf,time,legendary hero,clones
elf,toy,santa's helper,clones
elf,tree,forestfolk,clones
elf,trident,naga queen,clones
elf,turkey day,pilgrim,clones
elf,turtle,lizard rider,clones
elf,underground,drow,clones
elf,underground,precious ring bearer,clones
elf,underwater,naga queen,clones
elf,vehicle,lizard rider,clones
elf,villain,dark elf,clones
elf,void,dark hero,clones
elf,war,elf warrior,clones
elf,water,naga queen,clones
elf,water serpent,naga queen,clones
elf,wealth,rumpelstiltskin,clones
elf,weapon,bow,clones
elf,weapon,bow (doodle god),clones
elf,weapon,legendary hero,clones
elf,wind,banshee empress,clones
elf,wintertide,stone hearth,clones
elf,wizard,elf wizard,clones
elf,wizarding school,elf servant,clones
elrond,lord of the rings,gandalf,infinite-craft
energy,explosion,atomic bomb,little-alchemy
energy,explosion,bomb,infinite-craft
energy,extraterrestrial,master y,clones
energy,fire,fireworks,clones
energy,fire,plasma,clones
energy,fish,electric eel,clones
energy,food,blue bull,clones
energy,fruit,sugar,little-alchemy
energy,galaxy wars,nanopower,clones
energy,ghost,ectoplasm,clones
energy,giant,talos,clones
energy,glass,light bulb,infinite-craft
energy,golem,static beast,clones
energy,grass,tea,clones
energy,gun,stun gun,little-alchemy
energy,halloween,sugar demon,clones
energy,hammer,thor's hammer,clones
energy,healing,acupuncturist,clones
energy,holidays,holiday lights,clones
energy,holy water,armageddon,clones
energy,hopefulness,blue bull,clones
energy,horn,energy generator,clones
energy,horse,car,clones
energy,human,human battery,clones
energy,human,wizard,clones;little-alchemy
energy,hybrid,fused martial artists,clones
energy,ice,avalanche,clones
energy,immortality,zeus,clones
energy,insect,firefly,clones
energy,invention,thomas edison,clones
energy,juice,sugar,little-alchemy
energy,jungle,windmill of doom,clones
energy,knight,space guardian,clones
energy,knowledge,ai,clones
energy,leader,zeus,clones
energy,life,ai,clones
energy,liquid,gas,little-alchemy
energy,love,fireworks,clones
energy,madness,bloodlust,clones
energy,martial arts,thunder god,clones
energy,metal,electricity,clones;little-alchemy
energy,metal,transformobot,clones
energy,milk,butter,little-alchemy
energy,mind control,human battery,clones
energy,mineral,gunpowder,little-alchemy
energy,miniature,nanopower,clones
energy,monkey,great wereape,clones
energy,monster,blue bull,clones
energy,moon,moonflare,clones
energy,mutation,optic mutant,clones
energy,myth,zeus,clones
energy,parasite,parasitic bioweapon,clones
energy,pirate,cyber corsair,clones
energy,plutonium,nuclear power reactor,clones
energy,pocket pet,pikamon,clones
energy,poison,radiation,clones
energy,precious ring lore,elven power elixir,clones
energy,prehistoric,fossil,clones
energy,primordial soup,life,little-alchemy
energy,psychic,ghost communicator,clones
energy,radiation,x-ray,clones
energy,rain,lightning,little-alchemy
energy,rainbow,laser,clones
energy,relic,omni igniter,clones
energy,robot,transformobot,clones
energy,rodent,pikamon,clones
energy,royal game,dragon fire,clones
energy,royalty,zeus,clones
energy,sand,sandstorm,little-alchemy
energy,sci-fi,crying angel,clones
energy,scientist,albert einstein,clones
energy,seeds,coffee,clones
energy,semiconductor,laser,clones
energy,semiconductor,radio wave,clones
energy,shrine,amaterasu,clones
energy,sidekick,pikamon,clones
energy,sleep,night owl,clones
energy,snake,electric eel,clones
energy,snow,avalanche,little-alchemy
energy,solid,liquid,little-alchemy
energy,space,super nova,clones
energy,speed,surfer dude,clones
energy,spirit,chomp dude spirits,clones
energy,storm,lightning,little-alchemy
energy,strength,laser,clones
energy,sun,solar cell,little-alchemy
energy,sun,sun burn,clones
energy,superhero,space guardian,clones
energy,swamp,life,clones;little-alchemy
energy,swamp,life (doodle god),clones
energy,swamp,life (zed's alchemy),clones
energy,sweets,blue bull,clones
energy,sword,light sword,little-alchemy
energy,sword,lightsaber,little-alchemy
energy,sword,plasma sword,clones
energy,the chosen one,immortal one,clones
energy,time,immortal one,clones
energy,toy,video game,clones
energy,turkey day,black friday,clones
energy,turtle,racing tortoise,clones
energy,undead,frankenstein,clones
energy,underground,earthquake,clones
energy,underwater,electric eel,clones
energy,vampire,crying angel,clones
energy,vehicle,transformobot,clones
energy,villain,insidious emperor,clones
energy,virtue,calmness,clones
energy,void,dark matter,clones
energy,volcano,ash,little-alchemy
energy,volcano,eruption,little-alchemy
energy,war,bloodlust,clones
energy,water,maelstrom,clones
energy,water,steam,little-alchemy
energy,water serpent,electric eel,clones
energy,weapon,plasma sword,clones
energy,werewolf,morphed beast,clones
energy,wind,hurricane,little-alchemy
energy,wind,windmill of doom,clones
energy,wine,sugar,little-alchemy
energy,wings,blue bull,clones
energy,wintertide,fairy light festival,clones
energy,witch,magic,little-alchemy
energy,wizard,demigod,clones
energy,wizard,insidious emperor,clones
energy,wizard,magic,little-alchemy
energy,wizarding school,pixies,clones
energy,wolf,nine tails ninja,clones
engine,engine,rocket,infinite-craft
engine,ladder,escalator,clones
engine,locomotive,train,clones
engine,mud,tractor,infinite-craft
engine,oil,car,infinite-craft
engine,plant,car,infinite-craft
engine,rocket,space ship,infinite-craft
engine,sand,sandbox,infinite-craft
engine,steam,train,infinite-craft
engine,steering wheel,kart,clones
engine,submarine,radiation,clones
engine,train,locomotive,infinite-craft
engine,wind,windmill,infinite-craft
engineer,engineer,idea,little-alchemy
engineer,glass,lens,little-alchemy
engineer,glasses,safety glasses,little-alchemy
engineer,hill,tunnel,little-alchemy
engineer,light bulb,idea,little-alchemy
engineer,medusa,statue,little-alchemy
engineer,mountain,tunnel,little-alchemy
engineer,mountain range,tunnel,little-alchemy
engineer,oil,money,clones
engineer,quicksilver,thermometer,little-alchemy
engineer,rifle,machine gun,clones
engineer,robot,cyborg,little-alchemy
engineer,rope,crane,clones
engineer,sugar,willy wonka,little-alchemy
engineer,tool,machine,little-alchemy
england,fortress,tower,clones
england,wristwatch,big ben,clones
enlightenment,philosophy,buddha,infinite-craft
ent,fire,ash,clones
ent,fire,ash (zed's alchemy),clones
ent,fire,ghost,clones
eternity,universe,god,infinite-craft
europe,tea,united kingdom,infinite-craft
excalibur,human,monarch,little-alchemy
exhibit,incomplete building,museum,clones
explosion,explosion,atomic bomb,little-alchemy
explosion,fruit,juice,little-alchemy
explosion,galaxy,supernova,little-alchemy
explosion,glasses,safety glasses,little-alchemy
explosion,gun,bazooka,clones
explosion,hulk,hulk smash,infinite-craft
explosion,human,corpse,little-alchemy
explosion,human,zombie,infinite-craft
explosion,machine,combustion engine,little-alchemy
explosion,metal,grenade,little-alchemy
explosion,movie,blockbuster,infinite-craft
explosion,ocean,tsunami,little-alchemy
explosion,petroleum,explosion,little-alchemy
explosion,sea,tsunami,little-alchemy
explosion,sky,fireworks,little-alchemy
explosion,space,supernova,little-alchemy
explosion,star,super nova,little-alchemy
explosion,star,supernova,little-alchemy
explosion,steam engine,combustion engine,little-alchemy
explosion,steel,grenade,little-alchemy
explosion,stone,pop rocks,little-alchemy
explosion,sun,supernova,little-alchemy
explosion,vegetable,juice,little-alchemy
explosion,warrior,grenade,little-alchemy
extraterrestrial,extraterrestrial,alien band,clones
extraterrestrial,fairy,changeling,clones
extraterrestrial,fairy tale,asteroid prince,clones
extraterrestrial,fire,meteor,clones
extraterrestrial,fish,space admiral,clones
extraterrestrial,food,pastry cat,clones
extraterrestrial,football,messi,clones
extraterrestrial,galaxy wars,alien mob boss,clones
extraterrestrial,giant,space moth,clones
extraterrestrial,golem,moon golem,clones
extraterrestrial,halloween,xenomorph,clones
extraterrestrial,hammer,thor's hammer,clones
extraterrestrial,healing,doc lobster,clones
extraterrestrial,holidays,squeeze toy alien,clones
extraterrestrial,holy water,alien prophet,clones
extraterrestrial,hopefulness,master y,clones
extraterrestrial,horn,alien band,clones
extraterrestrial,horse,tawn tawn,clones
extraterrestrial,human,alien human hybrid,clones
extraterrestrial,hybrid,alien human hybrid,clones
extraterrestrial,ice,tawn tawn,clones
extraterrestrial,immortality,bolo,clones
extraterrestrial,insect,space moth,clones
extraterrestrial,invention,cybernetic humans,clones
extraterrestrial,jungle,tawn tawn,clones
extraterrestrial,knight,hunting alien,clones
extraterrestrial,knowledge,master y,clones
extraterrestrial,leader,swarm queen,clones
extraterrestrial,life,hugging alien,clones
extraterrestrial,love,hugging alien,clones
extraterrestrial,madness,titan of death,clones
extraterrestrial,magic,alien sorceress,clones
extraterrestrial,martial arts,super martial artist,clones
extraterrestrial,metal,transformobot,clones
extraterrestrial,mind control,hypnoturtle,clones
extraterrestrial,miniature,nanopower,clones
extraterrestrial,monkey,great wereape,clones
extraterrestrial,monster,cthulhu,clones
extraterrestrial,moon,moon golem,clones
extraterrestrial,multiples,cyborg,clones
extraterrestrial,music,alien band,clones
extraterrestrial,mutation,cyborg alien mutant,clones
extraterrestrial,myth,cthulhu,clones
extraterrestrial,parasite,arm parasite,clones
extraterrestrial,pirate,giant anti-heroes,clones
extraterrestrial,plant,plant clones,clones
extraterrestrial,poison,the ooze,clones
extraterrestrial,precious ring lore,celestial trees,clones
extraterrestrial,prehistoric,alien dino,clones
extraterrestrial,psychic,alien prophet,clones
extraterrestrial,radiation,parasitic bioweapon,clones
extraterrestrial,relic,omni igniter,clones
extraterrestrial,reptile,alien reptile,clones
extraterrestrial,robot,transformobot,clones
extraterrestrial,rodent,alien beastie,clones
extraterrestrial,royalty,swarm queen,clones
extraterrestrial,sci-fi,alien,clones
extraterrestrial,science,alien human hybrid,clones
extraterrestrial,shrine,stone effigy,clones
extraterrestrial,sidekick,hairy smuggler,clones
extraterrestrial,sleep,cthulhu,clones
extraterrestrial,snake,xenomorph,clones
extraterrestrial,space,alien,clones
extraterrestrial,speed,surfer dude,clones
extraterrestrial,strength,macho alien,clones
extraterrestrial,sun,ultra dude,clones
extraterrestrial,superhero,raccoon guardian,clones
extraterrestrial,sweets,pastry cat,clones
extraterrestrial,sword,plasma sword,clones
extraterrestrial,the chosen one,super martial artist,clones
extraterrestrial,time,dr. what,clones
extraterrestrial,toy,squeeze toy alien,clones
extraterrestrial,tree,ali-ent,clones
extraterrestrial,trident,alien prophet,clones
extraterrestrial,turkey day,turkeyzilla,clones
extraterrestrial,undead,space zombie,clones
extraterrestrial,underwater,octopus,clones
extraterrestrial,vehicle,spaceship,clones
extraterrestrial,villain,titan of death,clones
extraterrestrial,void,shadow prelate,clones
extraterrestrial,war,macho alien,clones
extraterrestrial,water,space admiral,clones
extraterrestrial,water serpent,xenomorph,clones
extraterrestrial,wealth,alien mob boss,clones
extraterrestrial,weapon,parasitic bioweapon,clones
extraterrestrial,wings,crying angel,clones
extraterrestrial,wintertide,ornamental pickle,clones
extraterrestrial,wizard,alien sorceress,clones
eye,glass,glasses,clones
eye,paint,mascara,clones
fabric,glue,bandaid,clones
fabric,horse,saddle,little-alchemy
fabric,house,tent,little-alchemy
fabric,human,clothes,clones
fabric,human,clothes (doodle god),clones
fabric,human,clothing,clones
fabric,human,clothing (doodle god),clones
fabric,metal,armor,little-alchemy
fabric,mountain goat,cashmere,little-alchemy
fabric,oil,cellophane,clones
fabric,paint,canvas,little-alchemy
fabric,pilot,parachute,little-alchemy
fabric,plant,cotton,little-alchemy
fabric,pyramid,mummy,little-alchemy
fabric,rain,umbrella,little-alchemy
fabric,sand,sandpaper,little-alchemy
fabric,sandwich,picnic,little-alchemy
fabric,ship,frigate,clones
fabric,ship,sailing ship,clones
fabric,smoke,smoke signal,little-alchemy
fabric,spider,web,little-alchemy
fabric,steamboat,sailboat,little-alchemy
fabric,steel,armor,little-alchemy
fabric,storm,umbrella,little-alchemy
fabric,sword,bandage,little-alchemy
fabric,tea,teabag,clones
fabric,village,tent,little-alchemy
fabric,wall,tent,little-alchemy
fabric,woman,clothing,clones
fabric,woman,clothing (doodle devil),clones
fabric,wood,drum,little-alchemy
fabric,wood,tent,little-alchemy
facebook,meme,like,infinite-craft
fairy,fairy,changeling,clones
fairy,fairy tale,malevolent,clones
fairy,fire,fire sprite,clones
fairy,fish,water sprite,clones
fairy,food,pixie sugar,clones
fairy,golem,gnome,clones
fairy,healing,dragon fairy,clones
fairy,holidays,snow angel,clones
fairy,hopefulness,relentless friend,clones
fairy,horn,void fiend,clones
fairy,horse,pegasus,clones
fairy,human,elf,clones
fairy,hybrid,half-fairy,clones
fairy,ice,snow angel,clones
fairy,immortality,oberon,clones
fairy,insect,firefly,clones
fairy,invention,gnome gadgeteer,clones
fairy,jungle,dryad,clones
fairy,knowledge,muse,clones
fairy,leader,oberon,clones
fairy,life,changeling,clones
fairy,love,cupid,clones
fairy,magic,pixie sugar,clones
fairy,medieval,morgana,clones
fairy,mind control,changeling,clones
fairy,miniature,gnome gadgeteer,clones
fairy,monkey,flying monkey,clones
fairy,monster,imp,clones
fairy,moon,tooth fairy,clones
fairy,multiples,changeling,clones
fairy,mutation,changeling,clones
fairy,myth,oberon,clones
fairy,parasite,changeling,clones
fairy,pencil,fairy tale,infinite-craft
fairy,pirate,dread pirate,clones
fairy,plant,dryad,clones
fairy,pocket pet,time fairy,clones
fairy,precious ring lore,elf,clones
fairy,prehistoric,dragon fairy,clones
fairy,psychic,mr. clown,clones
fairy,rainbow,leprechaun,clones
fairy,relic,quadforce,clones
fairy,reptile,dragon fairy,clones
fairy,rodent,fairy godmouse,clones
fairy,royal game,forestfolk,clones
fairy,royalty,oberon,clones
fairy,shrine,wishing mallet,clones
fairy,sidekick,flight deck fairy,clones
fairy,sleep,tooth fairy,clones
fairy,snake,dragon fairy,clones
fairy,spirit,wisp,clones
fairy,sun,wisp,clones
fairy,sweets,pixie sugar,clones
fairy,time,time fairy,clones
fairy,toy,princess,clones
fairy,tree,dryad,clones
fairy,trident,tooth fairy,clones
fairy,turkey day,fast food,clones
fairy,turtle,flying trooper,clones
fairy,underground,gnome,clones
fairy,underwater,water sprite,clones
fairy,vehicle,pumpkin carriage,clones
fairy,villain,malevolent,clones
fairy,void,void fiend,clones
fairy,water,water sprite,clones
fairy,wealth,tooth fairy,clones
fairy,wind,air sprite,clones
fairy,wintertide,fairy light festival,clones
fairy,wizard,fairy godmother,clones
fairy,wizarding school,pixies,clones
fairy tale,fire,candy witch,clones
fairy tale,fish,sea witch,clones
fairy tale,food,cursed apple,clones
fairy tale,garden,gnome,little-alchemy
fairy tale,giant,beanstalk giant,clones
fairy tale,golem,beanstalk giant,clones
fairy tale,halloween,witch's brew,clones
fairy tale,hammer,pinocchio,clones
fairy tale,healing,true love's kiss,clones
fairy tale,holidays,gingerbread warrior,clones
fairy tale,holy water,excalibur,clones
fairy tale,hopefulness,the kneeling,clones
fairy tale,horn,monster & beauty,clones
fairy tale,horse,unicorn,clones
fairy tale,human,princess,clones
fairy tale,hybrid,sea witch,clones
fairy tale,ice,ice queen,clones
fairy tale,immortality,eternal child,clones
fairy tale,insect,the talking cricket,clones
fairy tale,invention,pinocchio,clones
fairy tale,jungle,the huntsman,clones
fairy tale,knight,prince charming,clones
fairy tale,knowledge,the talking cricket,clones
fairy tale,leader,king,clones
fairy tale,life,pinocchio,clones
fairy tale,love,true love's kiss,clones
fairy tale,madness,mad hatter,clones
fairy tale,magic,happily ever after,clones
fairy tale,martial arts,ogre princess,clones
fairy tale,medieval,king,clones
fairy tale,metal,tin man,clones
fairy tale,mind control,pied piper,clones
fairy tale,miniature,thumbelina,clones
fairy tale,monkey,flying monkey,clones
fairy tale,monster,monster & beauty,clones
fairy tale,multiples,goldilocks and bears,clones
fairy tale,music,pied piper,clones
fairy tale,myth,excalibur,clones
fairy tale,parasite,goldilocks and bears,clones
fairy tale,pirate,dread pirate,clones
fairy tale,plant,jack and beanstalk,clones
fairy tale,poison,cursed apple,clones
fairy tale,precious ring lore,shattered sword,clones
fairy tale,prehistoric,dragon,clones
fairy tale,psychic,fortune teller,clones
fairy tale,radiation,beanstalk giant,clones
fairy tale,rainbow,happily ever after,clones
fairy tale,relic,the magic dresser,clones
fairy tale,reptile,hungry crocodile,clones
fairy tale,robot,tin man,clones
fairy tale,rodent,fairy godmouse,clones
fairy tale,royal game,ice zombie king,clones
fairy tale,royalty,evil queen,clones
fairy tale,shrine,castle,clones
fairy tale,sidekick,flight deck fairy,clones
fairy tale,sleep,sleeping princess,clones
fairy tale,snake,dragon,clones
fairy tale,space,asteroid prince,clones
fairy tale,speed,white rabbit,clones
fairy tale,story,legend,little-alchemy
fairy tale,strength,beanstalk giant,clones
fairy tale,sun,rapunzel,clones
fairy tale,superhero,prince charming,clones
fairy tale,sweets,candy witch,clones
fairy tale,sword,excalibur,little-alchemy
fairy tale,sword,the huntsman,clones
fairy tale,the chosen one,fair princess,clones
fairy tale,time,legend,little-alchemy
fairy tale,time,white rabbit,clones
fairy tale,toy,pinocchio,clones
fairy tale,tree,jack and beanstalk,clones
fairy tale,trident,mermaid king,clones
fairy tale,turtle,racing tortoise,clones
fairy tale,undead,undead bride,clones
fairy tale,underground,white rabbit,clones
fairy tale,underwater,mermaid princess,clones
fairy tale,vehicle,pumpkin carriage,clones
fairy tale,villain,malevolent,clones
fairy tale,void,cursed apple,clones
fairy tale,war,the huntsman,clones
fairy tale,water,frog prince,clones
fairy tale,water serpent,dragon princess,clones
fairy tale,wealth,golden harp,clones
fairy tale,weapon,cursed apple,clones
fairy tale,werewolf,big bad wolf,clones
fairy tale,wind,genie,clones
fairy tale,wings,fairy,clones
fairy tale,wintertide,krampus,clones
fairy tale,wizard,witch,clones
fairy tale,wizarding school,death's gift,clones
fairy tale,wolf,big bad wolf,clones
faith,human,salvation,clones
faith,virtue,hope,clones
family,family,village,infinite-craft;little-alchemy
family,human,baby,infinite-craft
family,simpson,homer,infinite-craft
family,time,family tree,little-alchemy
family,tree,family tree,little-alchemy
fantasy,horn,unicorn,infinite-craft
farm,fruit tree,orchard,little-alchemy
farm,grass,hay,little-alchemy
farm,graze,sheep,infinite-craft
farm,house,barn,little-alchemy
farm,pitchfork,hay,little-alchemy
farm,statue,scarecrow,little-alchemy
farm,time,ruins,little-alchemy
farm,wheat,silo,little-alchemy
farm,wolf,dog,little-alchemy
farmer,farmer,idea,little-alchemy
farmer,field,vegetable,little-alchemy
farmer,field,wheat,little-alchemy
farmer,forest,vegetable,little-alchemy
farmer,fruit tree,orchard,little-alchemy
farmer,garden,gardener,little-alchemy
farmer,goat,milk,little-alchemy
farmer,grass,hay,little-alchemy
farmer,grass,wheat,little-alchemy
farmer,hen coop,egg,clones
farmer,hen coop,egg (zed's alchemy),clones
farmer,house,farm,little-alchemy
farmer,land,field,little-alchemy
farmer,life,livestock,little-alchemy
farmer,livestock,cow,little-alchemy
farmer,medusa,statue,little-alchemy
farmer,orchard,fruit,little-alchemy
farmer,pitchfork,hay,little-alchemy
farmer,plant,food,infinite-craft
farmer,plant,vegetable,little-alchemy
farmer,plant,wheat,little-alchemy
farmer,robot,cyborg,little-alchemy
farmer,science,domestication,little-alchemy
farmer,soil,field,little-alchemy
farmer,tree,fruit,clones;little-alchemy
farmer,tree,nuts,little-alchemy
farmer,vegetable,pumpkin,little-alchemy
farmer,wagon,tractor,little-alchemy
farmer,wild animal,livestock,little-alchemy
farmer,wolf,dog,little-alchemy
fc shakhtar,flag,ukraine,clones
feast,pumpkin,halloween,clones
feast,snow,new year,clones
feast,sport,podium,clones
feast,vegetables,salad,clones
feather,metal,aluminium,clones
feather,paper,book,clones
feather,snake,quetzalcoatl,clones
fence,garden,hedge,little-alchemy
fence,leaf,hedge,little-alchemy
fence,plant,hedge,little-alchemy
fence,road,gate,clones
fern,grass,flowers,clones
fern,humus,lettuce,clones
fern,metals,vegetable waste,clones
fern,rodent,rabbits,clones
fern,sand,palms,clones
ferris wheel,usa,disneyland,clones
fertilizer,fruit trees,air,clones
fertilizer,grass,air,clones
fertilizer,limestone,saltpeter,clones
fertilizer,limestone,saltpetre,clones
fertilizer,limestone,saltptre,clones
fiber,liana,rope,clones
fiber,liana,rope (alchemy classic),clones
fiber,tools + wood,loom,clones
field,fruit,vegetable,little-alchemy
field,fruit tree,orchard,little-alchemy
field,grass,wheat,little-alchemy
field,grave,graveyard,little-alchemy
field,gravestone,graveyard,little-alchemy
field,helicopter,lawn mower,little-alchemy
field,house,barn,little-alchemy
field,human,farmer,little-alchemy
field,hummingbird,crow,little-alchemy
field,lawn mower,lawn,little-alchemy
field,life,beast,clones
field,life,beast (doodle god),clones
field,livestock,cow,little-alchemy
field,metal,plow,little-alchemy
field,owl,crow,little-alchemy
field,pigeon,crow,little-alchemy
field,plant,vegetable,little-alchemy
field,reed,sugar,clones
field,seeds,wheat,clones
field,seeds,wheat (doodle devil),clones
field,seeds,wheat (doodle god),clones
field,steel,plow,little-alchemy
field,tool,plow,little-alchemy
field,tree,nuts,little-alchemy
field,vegetable,pumpkin,little-alchemy
field,village,park,little-alchemy
field,wagon,tractor,little-alchemy
field,wall,fence,little-alchemy
field,wolf,dog,little-alchemy
field,wood,fence,little-alchemy
field,wood,plow,little-alchemy
fight,miss piggy,kermit,infinite-craft
fighter,japan,kamikaze,clones
film franchise,the force,star wars,infinite-craft
fire,fire,energy,little-alchemy
fire,fire,wildfire,clones
fire,fire + fire + fire + fire + fire + fire + metals,tungsten,clones
fire,fire + fire + fire + fire + fire + metals,chromium,clones
fire,fire + fire + fire + fire + metals,iron,clones
fire,fire + fire + fire + fire + metals,iron (alchemy classic),clones
fire,fire + fire + metals,aluminium,clones
fire,fire + fire + metals,copper,clones
fire,fire + fire + metals,copper (alchemy classic),clones
fire,fire + metals,zinc,clones
fire,fire + wood,ash,clones
fire,fire + wood,ash (alchemy classic),clones
fire,firewood,bonfire,clones
fire,firewood,bonfire (alchemy 1000),clones
fire,fish,undefined dead lifeform,clones
fire,flour,bread,clones
fire,flour,bread (alchemy 1000),clones
fire,flying dinosaurs,undefined dead lifeform,clones
fire,fog,steam,clones
fire,food,hot pepper,clones
fire,fruit,sugar,little-alchemy
fire,galaxy wars,death ray,clones
fire,gas,smoke,clones
fire,gas,smoke (alchemy 1000),clones
fire,gasoline,explosion,clones
fire,giant,wildfire,clones
fire,glass,lamp,clones
fire,golem,fire golem,clones
fire,grass,ash,little-alchemy
fire,grass,smoke,little-alchemy
fire,grass,tobacco,clones
fire,gun,flamethrower,little-alchemy
fire,gun powder,firecracker,clones
fire,gunpowder,explosion,clones;little-alchemy
fire,gunpowder,firecracker,clones
fire,gunpowder,smoke,clones
fire,gunpowder,smoke (zed's alchemy),clones
fire,halloween,jack-o'-lantern,clones
fire,ham,bacon,little-alchemy
fire,hammer,blacksmith,clones
fire,hero,firefighter,clones
fire,hill,volcano,little-alchemy
fire,holidays,menorah,clones
fire,hopefulness,masked liberator,clones
fire,horn,fireblood dragon,clones
fire,horse,war's horse,clones
fire,house,ash,clones
fire,house,ash (doodle devil),clones
fire,house,fireplace,clones
fire,house,suffering,clones
fire,human,ash,clones
fire,human,corpse,clones
fire,human,firefighter,little-alchemy
fire,human,fireman,little-alchemy
fire,human,suffering,clones
fire,hut,ash,clones
fire,hut,ash (zed's alchemy),clones
fire,hybrid,dragon incarnate,clones
fire,ice,water,clones;little-alchemy
fire,idea,heat,little-alchemy
fire,immortality,prometheus,clones
fire,insect,firefly,clones
fire,invention,dragon fire,clones
fire,jedi,darth vader,little-alchemy
fire,juice,sugar,little-alchemy
fire,jungle,ash,clones
fire,knight,red knight,clones
fire,knowledge,pyromancer,clones
fire,lamp,lava lamp,little-alchemy
fire,lead oxide + sand,crystal glass,clones
fire,leader,prometheus,clones
fire,life,fire elementa,clones
fire,life,fire golem,clones
fire,life,phoenix,little-alchemy
fire,light bulb,idea,infinite-craft
fire,limestone,lime,clones
fire,limestone,unhydrated lime,clones
fire,lizard,ash,clones
fire,lizard,ash (doodle god),clones
fire,lizard,dragon,little-alchemy
fire,lizard,salamander,clones
fire,lizards,undefined dead lifeform,clones
fire,love,fireworks,clones
fire,madness,firebird force,clones
fire,magic,fireball,clones
fire,man,corpse,clones
fire,man,fireman,clones
fire,martial arts,spectre ninja,clones
fire,meat,barbeque,clones
fire,meat,steak,clones;little-alchemy
fire,mechanism,jet engine,clones
fire,medieval,dragon,clones
fire,metal,sword,clones
fire,metals,lead,clones
fire,mineral,ash,little-alchemy
fire,miniature,ember,clones
fire,mist,air,little-alchemy
fire,monkey,monkey king,clones
fire,monster,ifrit,clones
fire,moon,moonflare,clones
fire,moss,ash,clones
fire,moss,ash (doodle god),clones
fire,moss,ash (zed's alchemy),clones
fire,mountain,volcano,infinite-craft;little-alchemy
fire,mud,brick,infinite-craft;little-alchemy
fire,multiples,commander of sin,clones
fire,mutation,firebird force,clones
fire,myth,prometheus,clones
fire,ocean,salt,little-alchemy
fire,oil,energy,clones
fire,oil,napalm,clones
fire,ore,metal,little-alchemy
fire,organic matter,charcoal,little-alchemy
fire,oxyhydrogen,explosion,clones
fire,paper,ash,clones;little-alchemy
fire,paper,ash (doodle god),clones
fire,paper,ash (zed's alchemy),clones
fire,peat,energy,clones
fire,peat,smoke,clones
fire,peat,smoke (zed's alchemy),clones
fire,petrol,torch,clones
fire,petrol,torch (alchemy 1000),clones
fire,petroleum,explosion,little-alchemy
fire,phoenix,ash,clones
fire,phoenix,ash (doodle god),clones
fire,phoenix,phoenix,clones
fire,pig,bacon,clones;infinite-craft;little-alchemy
fire,pigeon,phoenix,clones
fire,pirate,barrage,clones
fire,planet,sun,little-alchemy
fire,plant,ash,little-alchemy
fire,plant,hot pepper,clones
fire,plant,smoke,little-alchemy
fire,plant,tea,infinite-craft
fire,plant,tobacco,little-alchemy
fire,pocket pet,emberzard,clones
fire,pokemon,charizard,infinite-craft
fire,potato,french fries,little-alchemy
fire,potter's wheel,ceramics,clones
fire,potter's wheel,ceramics (alchemy classic),clones
fire,precious ring lore,fiery shadow demon,clones
fire,prehistoric,gorezilla,clones
fire,psychic,psychic elementalist,clones
fire,pterodactyl,dragon,clones
fire,pumpkin,jack-o'-lantern,little-alchemy
fire,pumpkin,jack-o-lantern,little-alchemy
fire,quark (cheese),cheese,clones
fire,radio wave,laser,clones
fire,radiowave,laser,clones
fire,rain,rainbow,infinite-craft
fire,rainbow,fireworks,clones
fire,relic,fire sigil,clones
fire,reptile,ember,clones
fire,robot,robot devil,clones
fire,rockstar,guitar,infinite-craft
fire,royal game,tale of hot & cold,clones
fire,royalty,fire lord,clones
fire,sand,glass,clones;infinite-craft;little-alchemy
fire,sandwich,toast,little-alchemy
fire,sci-fi,death ray,clones
fire,science,energy,little-alchemy
fire,science,fireworks,clones
fire,science,heat,little-alchemy
fire,sea,salt,clones;little-alchemy
fire,sea,salt (doodle god),clones
fire,sea,salt (zed's alchemy),clones
fire,sea,steam,clones
fire,seaweed,sushi,infinite-craft
fire,ship,cannon,infinite-craft
fire,shrine,magpyre maiden,clones
fire,sidekick,ember,clones
fire,sky,sun,little-alchemy
fire,sleep,nightmare stalker,clones
fire,snake,ash,clones
fire,snake,ash (doodle god),clones
fire,snake,ash (zed's alchemy),clones
fire,snake,dragon,clones
fire,soul,inferno,clones
fire,soured milk,quark (cheese),clones
fire,soured milk,whey,clones
fire,space,meteor,clones
fire,speed,wildfire,clones
fire,spell,fireball,clones
fire,spirit,energy,clones
fire,spirit,spectre ninja,clones
fire,star,sun,infinite-craft
fire,steam,engine,infinite-craft
fire,stick,matches,clones
fire,stick,torch,clones
fire,stick,torch (doodle devil),clones
fire,stone,metal,clones;little-alchemy
fire,stone,metal (doodle devil),clones
fire,stone,metal (doodle god),clones
fire,stone,metal (zed's alchemy),clones
fire,stone,metals,clones
fire,stone,metals (alchemy classic),clones
fire,strength,ifrit,clones
fire,sugar,caramel,clones;little-alchemy
fire,sun,sun burn,clones
fire,sunflower,seeds,clones
fire,sunflower,seeds (alchemy 1000),clones
fire,superhero,the incinerator,clones
fire,swamp,dragon,infinite-craft
fire,sweets,fire candy,clones
fire,sword,flame sword,clones
fire,system,computer,infinite-craft
fire,teapot + water,tea,clones
fire,the chosen one,dragon incarnate,clones
fire,time,ash,clones
fire,tobacco,ash,clones
fire,tobacco,ash (doodle god),clones
fire,tobacco,ash (zed's alchemy),clones
fire,tobacco,smoke,clones
fire,tobacco,smoke (zed's alchemy),clones
fire,toy,ez cake oven,clones
fire,treant,ash,clones
fire,treant,ash (doodle god),clones
fire,treant,ghost,clones
fire,tree,ash,clones;infinite-craft;little-alchemy
fire,tree,ash (doodle god),clones
fire,tree,ash (zed's alchemy),clones
fire,tree,ash + ash + coal,clones
fire,tree,ash and ash and coal,clones
fire,tree,charcoal,little-alchemy
fire,tree,coal,clones
fire,tree,coal (alchemy 1000),clones
fire,tree,coal (doodle god),clones
fire,tree,coal (zed's alchemy),clones
fire,tree,smoke,little-alchemy
fire,trident,devil,clones
fire,tube,smoking pipe,clones
fire,turkey day,fast food,clones
fire,turtle,turtle king,clones
fire,undead,death,clones
fire,underground,lava,clones
fire,underwater,lava,clones
fire,vampire,death,clones
fire,vegetable,pumpkin,little-alchemy
fire,vegetables,chili pepper,clones
fire,vehicle,demonic bike,clones
fire,villain,fire lord,clones
fire,vodka,molotov cocktail,clones
fire,void,black hole,clones
fire,void,sun,clones
fire,wagon,firetruck,little-alchemy
fire,wall,firewall,little-alchemy
fire,war,dragon cannon,clones
fire,warrior,firefighter,clones
fire,water,alcohol,clones
fire,water,spirit,clones
fire,water,steam,clones;infinite-craft;little-alchemy
fire,wax,candle,little-alchemy
fire,weapon,flame sword,clones
fire,weapon,flamethrower,clones
fire,wind,energy (variant: fire + windmill = energy),infinite-craft
fire,wind,smoke,infinite-craft
fire,wind,wildfire,clones
fire,wine,alcohol,infinite-craft
fire,wine,sugar,little-alchemy
fire,wings,phoenix,clones
fire,wintertide,stone hearth,clones
fire,witch,heavens,clones
fire,wizard,pyromancer,clones
fire,wizarding school,austrian spiketrail,clones
fire,wolf,firefox,clones
fire,wood,ash,clones
fire,wood,ash (doodle god),clones
fire,wood,ash (zed's alchemy),clones
fire,wood,campfire,infinite-craft;little-alchemy
fire,wood,carbon,clones
fire,wood,charcoal,little-alchemy
fire,wood,coal,clones
fire,wood,coal (doodle god),clones
fire,wood,coal (zed's alchemy),clones
fire,wood,smoke,little-alchemy
fire,worm,ash,clones
fire,worm,ash (doodle god),clones
fire,worm,ash (zed's alchemy),clones
fire,zebra,lion,infinite-craft
fire,znc battery,chemical rubbish,clones
fire elementa,water,ash,clones
fire elementa,water,ash (zed's alchemy),clones
fire elementa,water,energy,clones
fire elementa,water,steam,clones
fire extinguisher,human,firefighter,little-alchemy
fire extinguisher,wagon,firetruck,little-alchemy
fire or lava,imp,inferno,clones
firearm,magic,ak-47,clones
firearm,pride,desert eagle,clones
firearm,vodka,russian roulette,clones
firearm,warrior,soldier,clones
firearms,man,soldier,clones
firearms,warrior,soldier,clones
firearms,woman,soldier,clones
firefighter,firefighter,idea,little-alchemy
firefighter,house,firestation,little-alchemy
firefighter,land,firestation,little-alchemy
firefighter,medusa,statue,little-alchemy
firefighter,robot,cyborg,little-alchemy
firefighter,time machine,caveman,infinite-craft
firefighter,village,firestation,little-alchemy
firefighter,wagon,firetruck,little-alchemy
fireplace,house,chimney,little-alchemy
fireplace,santa,gift,little-alchemy
fireplace,smoke,chimney,little-alchemy
fireplace,stone,chimney,little-alchemy
fireplace,stone,oven,infinite-craft
fireplace,witch,cauldron,little-alchemy
fireplace,wool,christmas stocking,little-alchemy
fireplace,wrapping paper,gift,little-alchemy
firetruck,house,firestation,little-alchemy
firetruck,human,firefighter,little-alchemy
firetruck,human,fireman,little-alchemy
fireworks,internal combustion engine,jet engine,clones
first computer,first computer,internet,clones
first computer,games,video game,clones
first computer,micro-processor,personal computer,clones
first computer,photo,digital photography,clones
first computer,video game,computer mouse,clones
fish,fish,egg,little-alchemy
fish,fish,hard roe,little-alchemy
fish,fishing,fisherman,infinite-craft
fish,food,blowfish,clones
fish,forest,salmon,infinite-craft
fish,galaxy wars,space admiral,clones
fish,giant,megalodon,clones
fish,glass,aquarium,clones;little-alchemy
fish,hammer,hammerhead shark,clones
fish,healing,doc lobster,clones
fish,holidays,festive coral,clones
fish,holy water,holy mackerel,clones
fish,hopefulness,space admiral,clones
fish,horn,mutated fish,clones
fish,horse,seahorse,clones;little-alchemy
fish,human,mermaid,clones;infinite-craft;little-alchemy
fish,hunter,fisherman,clones
fish,hunter,fisherman (zed's alchemy),clones
fish,hybrid,mermaid princess,clones
fish,ice,penguin,clones
fish,immortality,davy jones,clones
fish,insect,mantis shrimp,clones
fish,invention,laser shark,clones
fish,knight,swordfish,clones
fish,knowledge,octopus,clones
fish,knowledge,space admiral,clones
fish,leader,ocean defender,clones
fish,legend,mermaid,little-alchemy
fish,love,siren,clones
fish,magic,magicod,clones
fish,magic,mermaid,little-alchemy
fish,man,fisherman,clones
fish,man,fisherman (alchemy 1000),clones
fish,metal,swordfish,clones
fish,mind control,siren,clones
fish,miniature,sea monkey,clones
fish,monkey,sea monkey,clones
fish,monster,lochness monster,clones
fish,moon,moon jellyfish,clones
fish,multiples,mutated fish,clones
fish,music,siren,clones
fish,mutation,mutated fish,clones
fish,myth,kraken,clones
fish,net,catch,infinite-craft
fish,net,meat,little-alchemy
fish,ocean,shark,infinite-craft
fish,oxygen,carbon dioxide,little-alchemy
fish,parasite,tongue parasite,clones
fish,pirate,davy jones,clones
fish,plankton,whale,clones
fish,plant,seahorse,clones
fish,plant,seaweed,infinite-craft
fish,pocket pet,magicod,clones
fish,poison,blowfish,clones
fish,poison,fugu,clones
fish,prehistoric,megalodon,clones
fish,pressure,stingray,clones
fish,psychic,siren,clones
fish,radiation,mutated fish,clones
fish,rainbow,mantis shrimp,clones
fish,relic,fossil,clones
fish,reptile,naga queen,clones
fish,rice,sushi,clones
fish,robot,laser shark,clones
fish,rodent,shark rider,clones
fish,rope,net,little-alchemy
fish,rope + spider web,fishing net,clones
fish,royal game,lady revenant,clones
fish,royalty,mermaid king,clones
fish,sci-fi,space admiral,clones
fish,science,laser shark,clones
fish,seaweed,sushi,little-alchemy
fish,shrine,atlantis,clones
fish,sidekick,magicod,clones
fish,sky,flying fish,little-alchemy
fish,sleep,cthulhu,clones
fish,snake,electric eel,clones
fish,space,space admiral,clones
fish,speed,swordfish,clones
fish,star,starfish,little-alchemy
fish,stone,fossil,infinite-craft
fish,stream,trout,infinite-craft
fish,strength,mantis shrimp,clones
fish,sugar,swedish fish,little-alchemy
fish,sun,fish bone,clones
fish,superhero,ocean defender,clones
fish,swamp,amphibians,clones
fish,swamp,frog,infinite-craft
fish,swimmer,mermaid,little-alchemy
fish,sword,swordfish,clones;little-alchemy
fish,tale,mermaid,clones
fish,the chosen one,magicod,clones
fish,thread,fishing rod,little-alchemy
fish,time,fossil,clones
fish,tool,fishing rod,little-alchemy
fish,tool,meat,little-alchemy
fish,tornado,sharknado,infinite-craft
fish,trident,poseidon,clones
fish,undead,davy jones,clones
fish,underground,kraken,clones
fish,underwater,anglerfish,clones
fish,unicorn,narwhal,infinite-craft;little-alchemy
fish,vehicle,shark rider,clones
fish,villain,sea witch,clones
fish,viruses,infected animal,clones
fish,void,space admiral,clones
fish,war,space admiral,clones
fish,water,sharkstorm,clones
fish,water serpent,naga queen,clones
fish,weapon,piranha,clones
fish,weapon,swordfish,clones
fish,werewolf,fish bone,clones
fish,wind,sharkstorm,clones
fish,wings,stingray,clones
fish,wintertide,festive coral,clones
fish,wire,fishing rod,little-alchemy
fish,wizarding school,transmutation,clones
fish,wolf,fish bone,clones
fish,wolf,piranha,little-alchemy
fish,wolf,shark,little-alchemy
fish,woman,mermaid,clones
fish,wood,fishing rod,little-alchemy
fish,worm,fish,clones
fish,worm,fish (zed's alchemy),clones
fish yield,food factory,canning,clones
fisherman,tools,fishing rod,clones
fishing boat,water,fish yield,clones
fishing rod,human,angler,little-alchemy
fishing rod,rope,net,little-alchemy
fishing rod,sailor,angler,little-alchemy
fjord,land,vikings,infinite-craft
fjord,volcano,iceland,infinite-craft
flag,gun,war,clones
flag,kangaroo,australia,clones
flag,lake,finland,clones
flag,leaf,canada,clones
flag,man,crown,clones
flag,mummy,egypt,clones
flag,oil,uae,clones
flag,oktoberfest,germany,clones
flag,pirate,jolly roger,clones
flag,pizza,italy,clones
flag,pyramid,africa,clones
flag,ronaldo,portugal,clones
flag,salad,greece,clones
flag,shield,coat of arms,clones
flag,skis,norway,clones
flag,statue,usa,clones
flag,stick,flagpole,clones
flag,sun,japan,clones
flag,tequila,mexico,clones
flag,whiskey,scotland,clones
flag,wine,france,clones
flag,wristwatch,switzerland,clones
flamethrower,snowman,puddle,little-alchemy
flashlight,pumpkin,jack lantern,clones
flashlight,wax,candle,little-alchemy
flies,flowers,butterflies,clones
flies,swamp,mosquitos,clones
flintstone,reed,papyrus,clones
flintstone,stick,axe,clones
flintstone,stick,axe (doodle god),clones
floppy disk,laser,cd,clones
flour,human,baker,little-alchemy
flour,incomplete building + stove,bakery,clones
flour,milk,batter,little-alchemy
flour,newspaper,recipe,little-alchemy
flour,paper,recipe,little-alchemy
flour,plant,wheat,clones
flour,plant,wheat (alchemy 1000),clones
flour,puddle,dough,little-alchemy
flour,rain,dough,little-alchemy
flour,rolling-pin,dough,clones
flour,rolling-pin,dough (alchemy 1000),clones
flour,rope,pasta,clones
flour,sugar,cake,clones
flour,tomato,pizza,clones
flour,water,dough,clones;little-alchemy
flour,water,dough (doodle devil),clones
flour,water,dough (doodle god),clones
flour,water,dough (zed's alchemy),clones
flour,wind,windmill,little-alchemy
flower,flower,garden,little-alchemy
flower,flower,seeds,clones
flower,flower,seeds (doodle god),clones
flower,gas,perfume,clones
flower,grass,garden,little-alchemy
flower,house,garden,little-alchemy
flower,hunter,bee,clones
flower,lake,water lily,little-alchemy
flower,lawn,garden,little-alchemy
flower,love,rose,little-alchemy
flower,man,woman,clones
flower,man,woman (alchemy 1000),clones
flower,needle,thorn,clones
flower,owl,hummingbird,little-alchemy
flower,paper,postcard,clones
flower,perfume,woman,clones
flower,perfume,woman (zed's alchemy),clones
flower,pigeon,hummingbird,little-alchemy
flower,plant,garden,little-alchemy
flower,pond,water lily,little-alchemy
flower,pottery,vase,little-alchemy
flower,pressure,paint,clones
flower,puddle,water lily,little-alchemy
flower,rain,fruit,little-alchemy
flower,seagull,hummingbird,little-alchemy
flower,snow,snowdrop,clones
flower,steam,perfume,little-alchemy
flower,stream,water lily,little-alchemy
flower,sun,sunflower,clones;little-alchemy
flower,time,fruit,little-alchemy
flower,time,seed,little-alchemy
flower,tree,apple,clones
flower,tree,fruit,clones;little-alchemy
flower,utensil,vase,clones
flower,water,fruit,little-alchemy
flower,water,perfume,little-alchemy
flower,wild animal,bee,little-alchemy
flower,wild animal,butterfly,little-alchemy
flower,wind,leaf,little-alchemy
flower,wind,pollen,little-alchemy
flower,woman,thumbelina,clones
flowers,fungi,orchids,clones
flowers,glass + incomplete building,orangery,clones
flowers,honey bee,honey,clones
flowers,humus,cotton,clones
flowers,humus,lint,clones
flowers,insects,bees,clones
flowers,metals,vegetable waste,clones
flowers,needle,roses,clones
flowers,paper,origami,clones
flowers,sand,cactus,clones
flowers,sun,sunflower,clones
flu,man,sick,clones
flu,pig,swine flu,clones
flu,woman,sick,clones
flute,flute,pan flute,little-alchemy
flute,human,music,little-alchemy
flute,human,musician,little-alchemy
flute,musician,music,little-alchemy
fly,hummingbird,butterfly,clones
fly,zebra,bee,clones
flying,kite,bird,infinite-craft
flying dinosaurs,sulfuric acid,undefined dead lifeform,clones
flying dinosaurs,viruses,infected animal,clones
flying fish,flying fish,egg,little-alchemy
flying fish,net,meat,little-alchemy
flying fish,rope,net,little-alchemy
flying fish,tool,meat,little-alchemy
flying fish,unicorn,narwhal,little-alchemy
flying fish,viruses,infected animal,clones
fog,grass,dew,little-alchemy
fog,plant,dew,little-alchemy
fog,smoke,smog,little-alchemy
fog,tree,dew,little-alchemy
food,freezer,frozen food,clones
food,fun,bubble gum,clones
food,galaxy wars,blue fizz refresher,clones
food,giant,fluff puff,clones
food,golem,fluff puff,clones
food,halloween,vamp crunch,clones
food,hammer,fruit cake,clones
food,healing,luckymon,clones
food,holidays,fruit cake,clones
food,holy water,angel food cake,clones
food,hopefulness,elf baker,clones
food,horn,cookie beast,clones
food,horse,pinata,clones
food,human,farmer,clones
food,hybrid,hangry meal,clones
food,ice,sno-cone,clones
food,immortality,hesperide's tree,clones
food,insect,butterfly,clones
food,invention,soy yum green,clones
food,jungle,maneaters,clones
food,knight,gingerbread warrior,clones
food,knowledge,cursed apple,clones
food,leader,healthy hero,clones
food,life,punchy,clones
food,life,vitamin,clones
food,love,candy hearts,clones
food,madness,confectioner will,clones
food,magic,pastry cat,clones
food,martial arts,hungry panda hero,clones
food,medieval,farmer,clones
food,mind control,sugar demon,clones
food,miniature,flapjack octopus,clones
food,monkey,barrel gorilla jr,clones
food,monster,cookie beast,clones
food,moon,lunar pie,clones
food,multiples,harvest,clones
food,music,singing raisins,clones
food,mutation,candy princess,clones
food,myth,hesperide's tree,clones
food,new york,pizza,infinite-craft
food,parasite,moocher,clones
food,pirate,the fortune's cookie,clones
food,plant,farmer,clones
food,poison,cursed apple,clones
food,precious ring lore,elven power elixir,clones
food,prehistoric,cursed apple,clones
food,radiation,fluff puff,clones
food,radiowave,microwave oven,clones
food,rainbow,rainbow candy,clones
food,relic,sugar skull,clones
food,reptile,cursed apple,clones
food,robot,robot turkey,clones
food,rodent,rat chef,clones
food,royal game,farmer,clones
food,royalty,candy princess,clones
food,sci-fi,soy yum green,clones
food,science,killer vegetables,clones
food,shrine,festival feast,clones
food,sidekick,musical workers,clones
food,sin,gluttony,clones
food,sleep,turkey,clones
food,snake,gummy worm,clones
food,space,pastry cat,clones
food,speed,fast food,clones
food,spirit,fluff puff,clones
food,strength,healthy hero,clones
food,sun,sunflower,clones
food,superhero,healthy hero,clones
food,sweets,fruit cake,clones
food,sword,carver of doom,clones
food,the chosen one,luckymon,clones
food,time,fast food,clones
food,time,pb & jelly time,clones
food,toy,ez cake oven,clones
food,tree,cursed apple,clones
food,trident,spork of doom,clones
food,turkey day,harvest,clones
food,undead,human,clones
food,underwater,food chain,clones
food,vampire,vamp crunch,clones
food,vehicle,burgermobile,clones
food,villain,burgerlar,clones
food,void,hangry,clones
food,war,gingerbread warrior,clones
food,water,punchy,clones
food,water serpent,gummy worm,clones
food,wealth,hesperide's tree,clones
food,weapon,fruit cake,clones
food,werewolf,hungry coyote,clones
food,wheat,bread,infinite-craft
food,wings,blue bull,clones
food,wintertide,gelt,clones
food,wizard,candy witch,clones
food,wizarding school,chocolate lizards,clones
food,wolf,hungry coyote,clones
food factory,sugar,candy,clones
food factory,sunflower seeds,sunflower oil,clones
football,france,zidane,clones
football,genius,pele,clones
football,miner,fc shakhtar,clones
football,shoes,football boots,clones
football,sound,whistle,clones
football,spain,barcelona,clones
footprints,man,legs,clones
footprints,snow,yeti,clones
force field,laser,light saber,clones
force knight,sword,light sword,little-alchemy
forest,forest,jungle,infinite-craft
forest,fruit tree,orchard,little-alchemy
forest,ghost,totoro,clones
forest,hero,robin hood,clones
forest,house,fence,clones
forest,human,bushes and game and tree,clones
forest,imp,treant,clones
forest,life,animal,little-alchemy
forest,life,beast,clones
forest,life,beast (zed's alchemy),clones
forest,life,wild animal,little-alchemy
forest,lumberjack,wood,little-alchemy
forest,magic,fairy,clones
forest,man,robin hood,clones
forest,mushroom,basket,clones
forest,mushroom,basket (alchemy 1000),clones
forest,pig,wild boar,little-alchemy
forest,rain,rainforest,infinite-craft;little-alchemy
forest,rifle,hunter,clones
forest,rifle,hunter (alchemy 1000),clones
forest,rope,snare,clones
forest,tool,wood,little-alchemy
forest,tree,wood,infinite-craft
forest,village,park,little-alchemy
forest,wind,leaf,little-alchemy
forest,wizard,druid,clones
forever,stone,diamond,infinite-craft
forge,gold,coins,clones
fork,spoon,utensil,clones
fork,steel,spoon,clones
formula 1,man,schumacher,clones
fortnite,program,roblox,infinite-craft
fortress,house,castle,infinite-craft
fortress,wizard,mage tower,clones
fossil,human,paleontologist,little-alchemy
fossil,lava,dinosaur,infinite-craft
fossil,life,zombie,clones
fossil,liquid,petroleum,little-alchemy
fossil,ocean,coral,little-alchemy
fossil,pressure,kerogen,clones
fossil,pressure,petroleum,little-alchemy
fossil,rainbow,dinosaur,infinite-craft
fossil,roll,ammonite,infinite-craft
fossil,science,paleontologist,little-alchemy
fossil,sea,coral,little-alchemy
fossil,time,petroleum,little-alchemy
fossil,water,petroleum,little-alchemy
fountain,tree,park,clones
fox,house,cave,little-alchemy
fox,hyena,jackal,clones
fox,metal,cage,little-alchemy
fox,polar bear,polar fox,clones
fox,steel,cage,little-alchemy
fox,wall,cage,little-alchemy
france,morning,croissant,clones
france,museum,louvre,clones
france,perfume,chanel,clones
france,usa,statue of liberty,clones
freezer,water,ice,clones
frog,frog,egg,little-alchemy
frog,jedi,yoda,clones
frog,tool,meat,little-alchemy
fruit,fruit,fruit tree,infinite-craft
fruit,grass,berry,clones
fruit,heat,jam,little-alchemy
fruit,human,cook,little-alchemy
fruit,ice,smoothie,little-alchemy
fruit,juice,jam,little-alchemy
fruit,juice,juicy fruit,little-alchemy
fruit,machine,jam,little-alchemy
fruit,monkey,banana,little-alchemy
fruit,new year,mandarine,clones
fruit,newspaper,recipe,little-alchemy
fruit,palm,coconut,little-alchemy
fruit,paper,recipe,little-alchemy
fruit,phone,iphone,clones
fruit,plant,fruit tree,little-alchemy
fruit,pressure,juice,clones;little-alchemy
fruit,rock,juice,little-alchemy
fruit,rocket,starburst,little-alchemy
fruit,stone,juice,little-alchemy
fruit,sun,alcohol,little-alchemy
fruit,tequila,lemon,clones
fruit,time,alcohol,little-alchemy
fruit,time,mold,little-alchemy
fruit,tree,fruit tree,little-alchemy
fruit,water,juice,little-alchemy
fruit,water,lemonade,little-alchemy
fruit,wheat,alcohol,little-alchemy
fruit,wood,fruit tree,little-alchemy
fruit tree,fruit tree,orchard,little-alchemy
fruit tree,tree,orchard,little-alchemy
fruits,grass,banana,clones
fruits,stone,juice,clones
fruits,sun + tropics,citrus plants,clones
fuel,tree,paper,infinite-craft
fun,games,yo-yo,clones
fun,human,cheerfulness,clones
fun,law,games,clones
fun,money,donation,clones
fun,virtue,joy,clones
fungi,humus,mushrooms,clones
fungi,insects,flies,clones
fungi,juice,wine,clones
furniture factory,wood,furniture,clones
future,past,time machine,infinite-craft
galaxy,galaxy,black hole,infinite-craft
galaxy,galaxy,galaxy cluster,little-alchemy
galaxy,glass,telescope,little-alchemy
galaxy,life,alien,little-alchemy
galaxy,philosophy,big,little-alchemy
galaxy,sun,solar system,infinite-craft
galaxy cluster,galaxy cluster,universe,little-alchemy
galaxy cluster,glass,telescope,little-alchemy
galaxy cluster,life,alien,little-alchemy
galaxy cluster,philosophy,big,little-alchemy
galaxy wars,giant,aquatic alien,clones
galaxy wars,golem,cryo smuggler,clones
galaxy wars,halloween,dark apprentice,clones
galaxy wars,healing,dark sage master,clones
galaxy wars,holy water,nanopower,clones
galaxy wars,hopefulness,centennial eagle,clones
galaxy wars,horn,tawn tawn,clones
galaxy wars,horse,tawn tawn,clones
galaxy wars,human,rebel space princess,clones
galaxy wars,hybrid,laughing pet alien,clones
galaxy wars,ice,ice carrier,clones
galaxy wars,immortality,dark sage master,clones
galaxy wars,invention,astro droid,clones
galaxy wars,jungle,carnivorous pit,clones
galaxy wars,knight,space guardian,clones
galaxy wars,knowledge,dark sage master,clones
galaxy wars,leader,master y,clones
galaxy wars,life,nanopower,clones
galaxy wars,madness,dark space lord,clones
galaxy wars,magic,nanopower,clones
galaxy wars,martial arts,dark apprentice,clones
galaxy wars,medieval,space guardian,clones
galaxy wars,metal,jama,clones
galaxy wars,mind control,space guardian,clones
galaxy wars,miniature,nanopower,clones
galaxy wars,monkey,laughing pet alien,clones
galaxy wars,monster,carnivorous pit,clones
galaxy wars,moon,death ray,clones
galaxy wars,multiples,bounty hunter clone,clones
galaxy wars,music,alien band,clones
galaxy wars,myth,space ghosts,clones
galaxy wars,parasite,laughing pet alien,clones
galaxy wars,pirate,hairy smuggler,clones
galaxy wars,prehistoric,lizard bounty hunter,clones
galaxy wars,psychic,master y,clones
galaxy wars,rainbow,droid commander,clones
galaxy wars,reptile,lizard bounty hunter,clones
galaxy wars,robot,astro droid,clones
galaxy wars,rodent,chin trooper,clones
galaxy wars,royalty,rebel space princess,clones
galaxy wars,sci-fi,nanopower,clones
galaxy wars,science,death ray,clones
galaxy wars,sidekick,hairy smuggler,clones
galaxy wars,sleep,cryo smuggler,clones
galaxy wars,snake,carnivorous pit,clones
galaxy wars,space,w space fighter,clones
galaxy wars,speed,centennial eagle,clones
galaxy wars,spirit,space ghosts,clones
galaxy wars,strength,aquatic alien,clones
galaxy wars,sun,death ray,clones
galaxy wars,superhero,cryo smuggler,clones
galaxy wars,sword,laser sword,clones
galaxy wars,the chosen one,dark space lord,clones
galaxy wars,toy,laser sword,clones
galaxy wars,tree,emok,clones
galaxy wars,trident,sand raider,clones
galaxy wars,turkey day,alien mob boss,clones
galaxy wars,undead,space ghosts,clones
galaxy wars,underground,carnivorous pit,clones
galaxy wars,underwater,aquatic alien,clones
galaxy wars,vehicle,centennial eagle,clones
galaxy wars,villain,dark space lord,clones
galaxy wars,void,insidious emperor,clones
galaxy wars,war,insidious emperor,clones
galaxy wars,water,aquatic alien,clones
galaxy wars,water serpent,aquatic alien,clones
galaxy wars,wealth,alien mob boss,clones
galaxy wars,weapon,death ray,clones
galaxy wars,werewolf,hairy smuggler,clones
galaxy wars,wind,w space fighter,clones
galaxy wars,wings,w space fighter,clones
galaxy wars,wintertide,ice carrier,clones
galaxy wars,wizard,dark sage master,clones
game,horse,carousel,clones
game,panzer,world of tanks,clones
game,paper,cards,clones
game,spear,carcass,clones
game,speed,need for speed,clones
game,table,billiards,clones
game,tale,theater,clones
game,video,console,infinite-craft
game,word,riddle,clones
game of thrones,knowledge,jon snow,infinite-craft
games,human,fun,clones
games,knowledge,crossword,clones
games,money,monopoly,clones
games,puzzle,copyright,clones
games/video game,music,karaoke,clones
gaming,xbox,halo,infinite-craft
garage,train,trainyard,little-alchemy
garden,glass,greenhouse,little-alchemy
garden,grass,flower,little-alchemy
garden,human,gardener,little-alchemy
garden,legend,gnome,little-alchemy
garden,moon,werewolf,infinite-craft
garden,owl,hummingbird,little-alchemy
garden,pigeon,hummingbird,little-alchemy
garden,plant,flower,little-alchemy
garden,sandwich,picnic,little-alchemy
garden,seagull,hummingbird,little-alchemy
garden,seed,flower,little-alchemy
garden,statue,gnome,little-alchemy
garden,story,gnome,little-alchemy
garden,vegetable,carrot,little-alchemy
garden,village,park,little-alchemy
garden,wall,fence,little-alchemy
garden,wall,hedge,little-alchemy
garden,water,pond,little-alchemy
garden,wood,fence,little-alchemy
gardener,gardener,idea,little-alchemy
gardener,tool,shovel,little-alchemy
garland,new year tree,new year tree with garland,clones
gas,juice,lemonade,clones
gas,planet,jupiter,little-alchemy
gas,water,cola,clones
gas,water,steam,little-alchemy
gas mask,water,aqualung,clones
gas pipeline,incomplete factory,gas refinery,clones
gas refinery,natural gas,helium,clones
gas refinery,natural gas,methane,clones
gasoline,steam engine,combustion engine,clones
gate,hotel,reception,clones
gauntlet,marvel,thanos,infinite-craft
gear,sandglass,mechanical clock,clones
gemini,sherlock holmes,poirot,clones
gemini,space,constellation,clones
genie,ussr,hottabych,clones
genius,wisdom,einstein,infinite-craft
germany,meat,sausages,clones
geyser,lava,volcano,clones
geyser,science,pressure,little-alchemy
geysir,internet,youtube,infinite-craft
ghost,hunter,ghostbusters,clones
ghost,lamp,genie,clones
ghost,mirror,reflection,infinite-craft
ghost,ogre,shrek,infinite-craft
ghost,philosophers stone,energy,clones
ghost,pumpkin,jack-o-lantern,little-alchemy
ghost,skeleton,pirate,infinite-craft
ghost,vegetable,jack-o-lantern,little-alchemy
ghost,wolf,werewolf,clones
ghoul,paladin,corpse,clones
ghoul,paladin,ghost,clones
ghoul,paladin,paladin,clones
ghoul,priest,corpse,clones
ghoul,priest,ghost,clones
ghoul,priest,priest,clones
giant,golem,mountain giant,clones
giant,halloween,dr. frankenstein,clones
giant,hammer,skull smasher,clones
giant,holidays,christmas spirits,clones
giant,hopefulness,punch man,clones
giant,horn,the good giant,clones
giant,horse,trojan horse,clones
giant,human,doomed giant,clones
giant,hybrid,mountain giant,clones
giant,ice,frost giant,clones
giant,immortality,world eater,clones
giant,insect,insect man,clones
giant,invention,insect man,clones
giant,jungle,pantor,clones
giant,knight,skull smasher,clones
giant,knowledge,mama brain,clones
giant,leader,fat king,clones
giant,life,the world tree,clones
giant,love,gaia,clones
giant,madness,kongar,clones
giant,magic,wizard giant,clones
giant,martial arts,fighting champion,clones
giant,medieval,doomed giant,clones
giant,metal,talos,clones
giant,mind control,alpha dragon,clones
giant,miniature,the good giant,clones
giant,monkey,kongar,clones
giant,monster,colossal demon,clones
giant,moon,veined castle,clones
giant,multiples,gashadokuro,clones
giant,mutation,mutant destroyer,clones
giant,myth,talos,clones
giant,parasite,world eater,clones
giant,pirate,giant anti-heroes,clones
giant,plant,fungal growth,clones
giant,pocket pet,snoring monster,clones
giant,poison,fungal growth,clones
giant,precious ring lore,treant,clones
giant,prehistoric,megalodon,clones
giant,psychic,alpha dragon,clones
giant,radiation,gorezilla,clones
giant,relic,the world tree,clones
giant,reptile,tarrasque,clones
giant,robot,jaeger,clones
giant,rodent,chinzilla,clones
giant,royal game,doomed giant,clones
giant,royalty,fat king,clones
giant,sci-fi,gorezilla,clones
giant,science,insect man,clones
giant,shrine,wishing mallet,clones
giant,sleep,the good giant,clones
giant,snake,anaconda,clones
giant,space,atlas,clones
giant,speed,wind giant,clones
giant,spirit,fluff puff,clones
giant,strength,skull smasher,clones
giant,sun,talos,clones
giant,superhero,insect man,clones
giant,sweets,fluff puff,clones
giant,sword,giant sword,clones
giant,the chosen one,doomed giant,clones
giant,time,mountain giant,clones
giant,toy,steamtank spider,clones
giant,tree,the world tree,clones
giant,turkey day,turkeyzilla,clones
giant,turtle,primeval turtle,clones
giant,undead,zombie giant,clones
giant,underground,tarrasque,clones
giant,underwater,sea giant,clones
giant,vehicle,monster truck,clones
giant,villain,world eater,clones
giant,void,fungal growth,clones
giant,war,armageddon,clones
giant,water,high tide,clones
giant,water serpent,cthulhu,clones
giant,wealth,beanstalk giant,clones
giant,weapon,death ray,clones
giant,werewolf,big bad wolf,clones
giant,wind,wind giant,clones
giant,wings,talos,clones
giant,wintertide,frost giant,clones
giant,wizard,wizard giant,clones
giant,wizarding school,wizard giant,clones
giant,wolf,dire wolf,clones
gift,jeep,lexus,clones
gift,paper,wrapping paper,little-alchemy
gift,tree,christmas tree,little-alchemy
gift/charity,human,generosity,clones
gingerbread man,house,gingerbread house,little-alchemy
gingerbread man,paper,fortune cookie,little-alchemy
giraffe,hippopotamus,elephant,clones
glacier,glasses,ski goggles,little-alchemy
glacier,gun,avalanche,little-alchemy
glacier,legend,yeti,little-alchemy
glacier,motorcycle,snowmobile,little-alchemy
glacier,sound,avalanche,little-alchemy
glacier,story,yeti,little-alchemy
glacier,sunglasses,ski goggles,little-alchemy
glacier,wave,avalanche,little-alchemy
glass,glass,glasses,little-alchemy
glass,glass,window,infinite-craft
glass,glowing lightbulb + sand,sand on glass drawing,clones
glass,grass,greenhouse,little-alchemy
glass,house,skyscraper,clones
glass,house,window,clones
glass,human,glasses,little-alchemy
glass,jam,jar,little-alchemy
glass,jupiter,telescope,little-alchemy
glass,lava,obsidian,little-alchemy
glass,life,microscope,clones
glass,light,light bulb,little-alchemy
glass,light,wineglass,clones
glass,lightning,bulb,clones
glass,magic,crystal ball,clones;little-alchemy
glass,magnet + metals,compass,clones
glass,mars,telescope,little-alchemy
glass,mercury,telescope,little-alchemy
glass,mercury,thermometer,clones
glass,metal,glasses,little-alchemy
glass,metal,mirror,little-alchemy
glass,moon,telescope,little-alchemy
glass,obsidian,mirror,infinite-craft
glass,planet,telescope,little-alchemy
glass,plant,greenhouse,little-alchemy
glass,plant,tomato,clones
glass,pond,aquarium,little-alchemy
glass,puddle,aquarium,little-alchemy
glass,quicksilver,thermometer,little-alchemy
glass,rainbow,prism,little-alchemy
glass,reptiles,terrarium (reptiles),clones
glass,sand,clock,clones
glass,sand,hourglass,clones;little-alchemy
glass,sand,sandglass,clones
glass,sand,time,little-alchemy
glass,santa,snow globe,little-alchemy
glass,saturn,telescope,little-alchemy
glass,scarecrow,exhibit,clones
glass,silver,mirror,clones
glass,sky,telescope,little-alchemy
glass,smoke,mirror,infinite-craft
glass,snow,snow globe,little-alchemy
glass,snowball,snow globe,little-alchemy
glass,snowman,snow globe,little-alchemy
glass,snowmobile,snow globe,little-alchemy
glass,space,telescope,little-alchemy
glass,star,telescope,little-alchemy
glass,steel,glasses,little-alchemy
glass,steel,mirror,little-alchemy
glass,sun,sunglasses,clones
glass,supernova,telescope,little-alchemy
glass,time,hourglass,little-alchemy
glass,tool,lens,little-alchemy
glass,tree,greenhouse,little-alchemy
glass,tube,spyglass,clones
glass,tungsten,lightbulb,clones
glass,universe,telescope,little-alchemy
glass,venus,telescope,little-alchemy
glass,void,lightbulb,clones
glass,waater,ice,clones
glass,water,aquarium,little-alchemy
glass,water,cup,clones
glass,water,ice,clones
glass,witch,crystal ball,little-alchemy
glass,wizard,crystal ball,little-alchemy
glass,woman,mirror,clones
glass,wood,mirror,little-alchemy
glass,wool,electricity,clones
glasses,glasses,binoculars,little-alchemy
glasses,human,hacker,little-alchemy
glasses,human,nerd,little-alchemy
glasses,lake,swim goggles,little-alchemy
glasses,light,sunglasses,little-alchemy
glasses,ocean,swim goggles,little-alchemy
glasses,river,swim goggles,little-alchemy
glasses,sea,swim goggles,little-alchemy
glasses,skier,ski goggles,little-alchemy
glasses,sky,sunglasses,little-alchemy
glasses,snow,ski goggles,little-alchemy
glasses,soldier,binoculars,clones
glasses,sun,sunglasses,little-alchemy
glasses,tool,safety glasses,little-alchemy
glasses,water,mask,clones
glasses,water,swim goggles,little-alchemy
globe,space,planet,clones
gloves,sport,boxing,clones
glowing lightbulb,glowing lightbulb + wire,garland,clones
glowing lightbulb,mirror,searchlight,clones
glue,time,super glue,clones
gnome,paint,the smurfs,clones
goat,house,barn,little-alchemy
goat,human,faun,little-alchemy
goat,legend,faun,little-alchemy
goat,liquid,milk,little-alchemy
goat,magic,faun,little-alchemy
goat,moose,cow,clones
goat,mountain,mountain goat,little-alchemy
goat,mountain range,mountain goat,little-alchemy
goat,pig,ram,clones
goat,pig,sheep,clones
goat,pig,sheep (doodle farm),clones
goat,ram,donkey,clones
goat,rope,lasso,little-alchemy
goat,tool,milk,little-alchemy
goat,water,milk,little-alchemy
goat,wizard,faun,little-alchemy
god,jesus,christianity,infinite-craft
godzilla,island,tokyo,infinite-craft
godzilla,king kong,monster,infinite-craft
godzilla,robot,mechagodzilla,infinite-craft
goku,water,kamehameha,infinite-craft
gold,house,bank,little-alchemy
gold,human,alchemist,little-alchemy
gold,key,golden key,clones
gold,king,crown,infinite-craft
gold,love,ring,little-alchemy
gold,metal,safe,little-alchemy
gold,mummy,sarcophagus,clones
gold,paper,money,clones;little-alchemy
gold,philosophy,alchemist,little-alchemy
gold,pig,piggy bank,little-alchemy
gold,pirates,torture and death,clones
gold,pressure,coin,clones
gold,robot,c-3po,clones
gold,silver,copper,clones
gold,silver,copper (zed's alchemy),clones
gold,skyscraper,bank,little-alchemy
gold,sport,medal,clones
gold,steel,safe,little-alchemy
golden key,tale,pinocchio,clones
golem,golem,precious ring bearer,clones
golem,halloween,scarecrow,clones
golem,hay,scarecrow,little-alchemy
golem,healing,healthbot hero,clones
golem,holidays,snowman,clones
golem,holy water,enchanted snowman,clones
golem,hopefulness,punch man,clones
golem,horn,vampiric gargoyle,clones
golem,hybrid,enchanted snowman,clones
golem,ice,ice golem,clones
golem,insect,rhinocerous beetle,clones
golem,invention,mechanical knight,clones
golem,jungle,mist monkey,clones
golem,knight,metal golem,clones
golem,knowledge,arcane golem,clones
golem,leader,precious ring bearer,clones
golem,life,dwarf,clones
golem,life,human,clones
golem,life,human (doodle god),clones
golem,life,man,clones
golem,life,man (zed's alchemy),clones
golem,loch ness monster,bigfoot,infinite-craft
golem,love,hug-o-tron,clones
golem,madness,precious ring bearer,clones
golem,magic,arcane golem,clones
golem,martial arts,static beast,clones
golem,medieval,gargoyle,clones
golem,metal,metal golem,clones
golem,metal,robot,little-alchemy
golem,mind control,precious ring bearer,clones
golem,miniature,gnome,clones
golem,monkey,big foot,clones
golem,monster,troll,clones
golem,moon,moon golem,clones
golem,multiples,fighting champion,clones
golem,music,war drummer,clones
golem,mutation,rock slide,clones
golem,myth,cyclops,clones
golem,parasite,crying angel,clones
golem,pirate,big mojo,clones
golem,plant,wooden golem,clones
golem,pocket pet,geode,clones
golem,poison,the ooze,clones
golem,precious ring lore,precious ring bearer,clones
golem,prehistoric,ubaid lizardman,clones
golem,psychic,fortune teller,clones
golem,radiation,the ooze,clones
golem,relic,golden construct,clones
golem,reptile,ubaid lizardman,clones
golem,robot,metal golem,clones
golem,royal game,stonescale,clones
golem,royalty,ogre princess,clones
golem,sci-fi,crying angel,clones
golem,science,frankenstein,clones
golem,shrine,stone effigy,clones
golem,sidekick,voidwalker,clones
golem,sleep,gargoyle,clones
golem,space,moon golem,clones
golem,speed,crying angel,clones
golem,spirit,fluff puff,clones
golem,steel,robot,little-alchemy
golem,story,pinocchio,little-alchemy
golem,strength,rock slide,clones
golem,superhero,rock slide,clones
golem,sweets,cookie beast,clones
golem,sword,metal golem,clones
golem,the chosen one,precious ring bearer,clones
golem,toy,nutcracker,clones
golem,tree,wooden golem,clones
golem,turkey day,plymouth rock,clones
golem,turtle,turtle golem,clones
golem,undead,zombie tank,clones
golem,underground,golden construct,clones
golem,underwater,sea giant,clones
golem,vampire,vampiric gargoyle,clones
golem,villain,titan of destruction,clones
golem,void,voidwalker,clones
golem,war,war drummer,clones
golem,water,ice golem,clones
golem,wealth,golden construct,clones
golem,weapon,precious ring,clones
golem,wind,air elemental,clones
golem,wings,gargoyle,clones
golem,wintertide,snowman,clones
golem,wizard,arcane golem,clones
golem,wizarding school,wizard giant,clones
golem,wolf,gargoyle,clones
gollum,lord of the rings,smeagol,infinite-craft
gopher,panda,badger,clones
gorilla,monkey,king kong,infinite-craft
gorilla,polar bear,yeti,clones
gorilla,time travel,caveman,infinite-craft
grains,incomplete building,granary,clones
grains,stone + stone,flour,clones
grains,stone + stone,flour (alchemy classic),clones
grains,water wheel,noria,clones
granary,noria,grain elevator,clones
grape,pressure,juice,clones
grape,wine,drunk,infinite-craft
grapes,knife,cherry,clones
graphite,tools,black lead,clones
grass,grass,hay,little-alchemy
grass,grass,seeds,clones
grass,grass,seeds (doodle god),clones
grass,house,garden,little-alchemy
grass,house,lawn,little-alchemy
grass,human,farmer,little-alchemy
grass,humus,cereals,clones
grass,imp,poison,clones
grass,lake,algae,little-alchemy
grass,lawn mower,lawn,little-alchemy
grass,livestock,cow,little-alchemy
grass,livestock,livestock,clones
grass,livestock,livestock (zed's alchemy),clones
grass,livestock,manure,clones
grass,livestock,milk,clones
grass,livestock,milk (doodle god),clones
grass,livestock,milk (zed's alchemy),clones
grass,machine,lawn mower,little-alchemy
grass,metals,vegetable waste,clones
grass,mud,swamp,little-alchemy
grass,mutating bacteria,mutating plant,clones
grass,night,carbon dioxide,little-alchemy
grass,ocean,seaweed,little-alchemy
grass,philosophers stone,flower,clones
grass,pitchfork,hay,little-alchemy
grass,plant,garden,little-alchemy
grass,pond,algae,little-alchemy
grass,pond,reed,little-alchemy
grass,puddle,reed,little-alchemy
grass,rainbow,flower,little-alchemy
grass,river,reed,little-alchemy
grass,rock,moss,little-alchemy
grass,rodent,hares,clones
grass,sandwich,picnic,little-alchemy
grass,scythe,hay,little-alchemy
grass,sea,seaweed,little-alchemy
grass,seed,flower,little-alchemy
grass,smoke,tobacco,little-alchemy
grass,smoking pipe,tobacco,clones
grass,spider,ant,little-alchemy
grass,spiders,spider web,clones
grass,spirit,absinthe,clones
grass,stone,moss,little-alchemy
grass,sun,flower,clones
grass,sun,hay,little-alchemy
grass,sun,oxygen,little-alchemy
grass,swamp,peat,clones
grass,swamp,reed,clones;little-alchemy
grass,sword,scythe,little-alchemy
grass,time,peat,little-alchemy
grass,tool,lawn mower,clones;little-alchemy
grass,trees,liana,clones
grass,vegetable,carrot,little-alchemy
grass,village,park,little-alchemy
grass,wall,fence,little-alchemy
grass,wall,ivy,little-alchemy
grass,water,algae,little-alchemy
grass,water,dew,little-alchemy
grass,water,reed,clones
grass,weapon,razorvine,clones
grass,wild animal,ant,little-alchemy
grass,work,cellulose,clones
grave,grave,graveyard,little-alchemy
grave,gravestone,grave,little-alchemy
grave,human,ghost,infinite-craft
grave,land,graveyard,little-alchemy
grave,legend,ghost,little-alchemy
grave,night,ghost,little-alchemy
grave,philosophy,death,little-alchemy
grave,rock,gravestone,little-alchemy
grave,stone,gravestone,little-alchemy
grave,story,ghost,little-alchemy
grave,time,fossil,little-alchemy
gravestone,gravestone,graveyard,little-alchemy
gravestone,land,graveyard,little-alchemy
gravestone,legend,ghost,little-alchemy
gravestone,night,ghost,little-alchemy
gravestone,story,ghost,little-alchemy
graveyard,legend,ghost,little-alchemy
graveyard,night,ghost,little-alchemy
graveyard,philosophy,death,little-alchemy
graveyard,rock,gravestone,little-alchemy
graveyard,stone,gravestone,little-alchemy
graveyard,story,ghost,little-alchemy
greece,statue,athena,clones
greed,human,gambling,clones
greed,politician,war,clones
greed,sin,envy,clones
green,mario,luigi,infinite-craft
grim reaper,human,corpse,little-alchemy
grove,hero,robin hood,clones
guitar,russia,balalaika,clones
gun,human,corpse,little-alchemy
gun,japan,shuriken,clones
gun,knife,dagger,clones
gun,man,soldier,clones
gun,mountain,avalanche,little-alchemy
gun,mountain range,avalanche,little-alchemy
gun,neptune,harpoon,clones
gun,neptune,harpoon (alchemy 1000),clones
gun,panzer,cannon,clones
gun,parachute,paratrooper,clones
gun,pirate ship,cannon,little-alchemy
gun,puddle,water gun,little-alchemy
gun,robin hood,longbow,clones
gun,sailor,pirate,little-alchemy
gun,skis,biathlon,clones
gun,star wars,blaster,clones
gun,stream,water gun,little-alchemy
gun,sword,bayonet,little-alchemy
gun,volcano,flamethrower,little-alchemy
gun,water,water gun,little-alchemy
gun,wire,stun gun,little-alchemy
gunpowder,iron,bomb,clones
gunpowder,lightning,explosion,little-alchemy
gunpowder,metal,bullet,little-alchemy
gunpowder,pipe,dynamite,little-alchemy
gunpowder,pirate ship,cannon,little-alchemy
gunpowder,rope,bickford fuse,clones
gunpowder,steel,bullet,little-alchemy
gunpowder,steel,gun,clones
gunpowder,sugar,dynamite,clones
gunpowder,tool,bullet,little-alchemy
gunpowder,weapon,firearm,clones
gunpowder,wire,dynamite,little-alchemy
hacker,hacker,idea,little-alchemy
hacker,internet,virus,clones
hacker,machine,computer,little-alchemy
hacker,medusa,statue,little-alchemy
hacker,tool,computer,little-alchemy
hacker,wire,computer,little-alchemy
halloween,halloween,cavities,clones
halloween,hammer,cavities,clones
halloween,healing,plague doctor,clones
halloween,holidays,pumpkin prince,clones
halloween,holy water,angel,clones
halloween,hopefulness,masked liberator,clones
halloween,horn,pumpkin prince,clones
halloween,horse,headless rider,clones
halloween,human,trick or treater,clones
halloween,hybrid,headless rider,clones
halloween,ice,pumpkin prince,clones
halloween,immortality,masked killer,clones
halloween,insect,black widow,clones
halloween,invention,dr. frankenstein,clones
halloween,jungle,sinister gourdling,clones
halloween,knight,haunted armor,clones
halloween,knowledge,pumpkin prince,clones
halloween,leader,pumpkin prince,clones
halloween,life,sinister gourdling,clones
halloween,love,zombie romeo,clones
halloween,madness,mr. beetleson,clones
halloween,magic,witch,clones
halloween,martial arts,kung fu zombie,clones
halloween,medieval,undead knight,clones
halloween,metal,scythe,clones
halloween,mind control,posession,clones
halloween,miniature,cavities,clones
halloween,monkey,flying monkey,clones
halloween,monster,frankenstein,clones
halloween,moon,headless rider,clones
halloween,multiples,murder of crows,clones
halloween,music,thrilling zombie,clones
halloween,mutation,flying goblin,clones
halloween,myth,headless rider,clones
halloween,parasite,vampire,clones
halloween,pirate,trick or treater,clones
halloween,plant,sinister gourdling,clones
halloween,pocket pet,specter,clones
halloween,poison,witch's brew,clones
halloween,precious ring lore,wraith,clones
halloween,prehistoric,zombiesaur,clones
halloween,psychic,ghost communicator,clones
halloween,radiation,sinister gourdling,clones
halloween,rainbow,clown,clones
halloween,relic,mask of mischief,clones
halloween,robot,robot devil,clones
halloween,rodent,chinzombie,clones
halloween,royal game,ice zombie king,clones
halloween,royalty,pumpkin prince,clones
halloween,sci-fi,robot devil,clones
halloween,science,frankenstein,clones
halloween,shrine,veined castle,clones
halloween,sidekick,igor,clones
halloween,sleep,nightmare stalker,clones
halloween,snake,gummy worm,clones
halloween,space,space ghosts,clones
halloween,speed,broomstick,clones
halloween,spirit,headless rider,clones
halloween,strength,frankenstein,clones
halloween,sun,sunflower,clones
halloween,superhero,vampire hunter,clones
halloween,sweets,trick or treater,clones
halloween,sword,scythe,clones
halloween,the chosen one,vampire assassin,clones
halloween,time,young wolf,clones
halloween,toy,puzzle cube head,clones
halloween,tree,spooky tree,clones
halloween,trident,devil,clones
halloween,turkey day,turkey zombie,clones
halloween,undead,mummy,clones
halloween,underground,tombstone,clones
halloween,vehicle,broomstick,clones
halloween,villain,headless rider,clones
halloween,void,void horror,clones
halloween,water,witch's brew,clones
halloween,weapon,scythe,clones
halloween,werewolf,young wolf,clones
halloween,wind,cursed flute,clones
halloween,wings,murder of crows,clones
halloween,wintertide,pumpkin prince,clones
halloween,wizard,necromancer,clones
halloween,wizarding school,nearly limbless larry,clones
halloween,wolf,werewolf,clones
ham,human,butcher,little-alchemy
hammer,healing,paladin,clones
hammer,hill,ore,little-alchemy
hammer,holidays,fruit cake,clones
hammer,holy water,paladin,clones
hammer,hopefulness,thor's hammer,clones
hammer,horn,ram hammer,clones
hammer,human,blacksmith,clones
hammer,hybrid,hammer sword,clones
hammer,ice,santa's helper,clones
hammer,immortality,god hammer,clones
hammer,insect,mantis shrimp,clones
hammer,invention,hephaestus,clones
hammer,knight,paladin,clones
hammer,knowledge,hephaestus,clones
hammer,leader,thor,clones
hammer,life,paladin,clones
hammer,madness,jester sidekick,clones
hammer,magic,thor's hammer,clones
hammer,medieval,paladin,clones
hammer,metal,bell,little-alchemy
hammer,metal,nail,infinite-craft
hammer,metal,sledge hammer,clones
hammer,miniature,cavities,clones
hammer,monkey,cymbal monkey,clones
hammer,monster,skull smasher,clones
hammer,mountain,ore,little-alchemy
hammer,multiples,broham,clones
hammer,music,hammer time,clones
hammer,mutation,mutant man,clones
hammer,myth,hephaestus,clones
hammer,norse god,thor,infinite-craft
hammer,parasite,cavities,clones
hammer,pirate,feisty figurehead,clones
hammer,precious ring lore,dwarf,clones
hammer,prehistoric,club,clones
hammer,relic,thor's hammer,clones
hammer,reptile,broham,clones
hammer,robot,hammertron,clones
hammer,rock,ore,little-alchemy
hammer,rodent,cat and mouse,clones
hammer,royal game,fat king,clones
hammer,royalty,thor,clones
hammer,sci-fi,unstoppable force,clones
hammer,science,blacksmith,clones
hammer,shrine,wishing mallet,clones
hammer,sidekick,jester sidekick,clones
hammer,space,god hammer,clones
hammer,speed,thor's hammer,clones
hammer,steel,bell,little-alchemy
hammer,stone,flintstone,clones
hammer,stone,ore,little-alchemy
hammer,stone,statue,little-alchemy
hammer,strength,unstoppable force,clones
hammer,sun,morning star,clones
hammer,superhero,thor,clones
hammer,sweets,cavities,clones
hammer,sword,morning star,clones
hammer,the chosen one,thor,clones
hammer,timber,nails,clones
hammer,time,hammer time,clones
hammer,toy,jester sidekick,clones
hammer,tree,club,clones
hammer,turkey day,fruit cake,clones
hammer,turtle,broham,clones
hammer,underground,dwarf,clones
hammer,underwater,hammerhead shark,clones
hammer,villain,jester sidekick,clones
hammer,war,blacksmith,clones
hammer,water,trident,clones
hammer,wealth,miner,clones
hammer,weapon,unstoppable force,clones
hammer,wind,hermes,clones
hammer,wings,flying trooper,clones
hammer,wintertide,santa's helper,clones
hammer,wizard,paladin,clones
hammer,wizarding school,magical soccer,clones
hamster,house,cage,little-alchemy
hamster,mouse,guinea pig,clones
hamster,porcupine,hedgehog,clones
hamster,rat,beaver,clones
hamster,wall,cage,little-alchemy
hard roe,human,caviar,little-alchemy
hard roe,time,fish,little-alchemy
hare,love,playboy,clones
hare,mickey mouse,bugs bunny,infinite-craft
hare,vegetables,carrots,clones
harry potter,pope,dumbledore,infinite-craft
hatchet,man,woodcutter,clones
hatchet,skeleton,bone,clones
hatchet,skeleton,bone (alchemy 1000),clones
hatchet,tree,firewood,clones
hatchet,tree,firewood (alchemy 1000),clones
hawaii,politician,obama,infinite-craft
hawk,pharaoh,horus,clones
hay,hay,hay bale,little-alchemy
hay,house,barn,little-alchemy
hay,human,scarecrow,little-alchemy
hay,livestock,horse,little-alchemy
hay,machine,hay bale,little-alchemy
hay,metal,needle,little-alchemy
hay,metal,pitchfork,little-alchemy
hay,sack,scarecrow,little-alchemy
hay,statue,scarecrow,little-alchemy
hay,steel,pitchfork,little-alchemy
hay,tool,pitchfork,little-alchemy
hay,tractor,hay bale,little-alchemy
hay,wood,broom,little-alchemy
hcl,water,hydrochloric acid,clones
head,scissors,hairstyle,clones
headphones,man,ears,clones
healing,healing,medic,clones
healing,holidays,family reunion,clones
healing,holy water,holy grail,clones
healing,hopefulness,vaccine,clones
healing,horn,horn of life,clones
healing,horse,unicorn blood,clones
healing,human,doctor,clones
healing,hybrid,dragon fairy,clones
healing,ice,ice lotus,clones
healing,immortality,sarcastic hero,clones
healing,insect,leech,clones
healing,invention,healthbot hero,clones
healing,jungle,life shroom,clones
healing,knight,paladin,clones
healing,knowledge,healthbot hero,clones
healing,leader,divine healer,clones
healing,life,fountain of youth,clones
healing,love,true love's kiss,clones
healing,madness,quack doctor,clones
healing,magic,cleric,clones
healing,martial arts,monk,clones
healing,medieval,plague doctor,clones
healing,metal,nanobots,clones
healing,mind control,tinfoil hat,clones
healing,miniature,nanobots,clones
healing,monkey,monkey shaman,clones
healing,monster,dr. frankenstein,clones
healing,moon,moon heroine,clones
healing,multiples,nanobots,clones
healing,music,bard,clones
healing,mutation,sarcastic hero,clones
healing,myth,hesperide's tree,clones
healing,parasite,leech,clones
healing,pirate,feisty figurehead,clones
healing,plant,life shroom,clones
healing,pocket pet,luckymon,clones
healing,poison,witch doctor,clones
healing,precious ring lore,vial of stars,clones
healing,prehistoric,snake oil salesman,clones
healing,psychic,luckymon,clones
healing,radiation,cat nap,clones
healing,rainbow,unicorn blood,clones
healing,relic,holy grail,clones
healing,reptile,snake oil salesman,clones
healing,robot,healthbot hero,clones
healing,rodent,care chilla,clones
healing,royal game,blue witch,clones
healing,royalty,rapunzel,clones
healing,sci-fi,nanobots,clones
healing,science,nanobots,clones
healing,shrine,fountain of youth,clones
healing,sidekick,luckymon,clones
healing,sleep,cryosleep,clones
healing,snake,snake oil salesman,clones
healing,space,doc lobster,clones
healing,speed,healthbot hero,clones
healing,spirit,divine healer,clones
healing,strength,healthbot hero,clones
healing,sun,ultra dude,clones
healing,superhero,ravenica,clones
healing,sword,paladin,clones
healing,the chosen one,luckymon,clones
healing,time,fountain of youth,clones
healing,toy,healthbot hero,clones
healing,tree,hesperide's tree,clones
healing,turkey day,cat nap,clones
healing,undead,dr. frankenstein,clones
healing,underground,mandrake,clones
healing,vampire,blood,clones
healing,vehicle,healthbot hero,clones
healing,villain,youthful sorceress,clones
healing,void,nightshade,clones
healing,war,medic,clones
healing,water,fountain of youth,clones
healing,water serpent,siren,clones
healing,wealth,snake oil salesman,clones
healing,weapon,monk,clones
healing,werewolf,moon,clones
healing,wind,healthbot hero,clones
healing,wings,divine healer,clones
healing,wizard,cleric,clones
healing,wizarding school,unicorn blood,clones
healing,wolf,werewolf,clones
heat,heat,plasma,little-alchemy
heat,human,warmth,little-alchemy
heat,ice,water,little-alchemy
heat,leaf,tea,little-alchemy
heat,meat,jerky,little-alchemy
heat,ocean,current,little-alchemy
heat,ore,metal,little-alchemy
heat,petroleum,explosion,little-alchemy
heat,planet,mercury,little-alchemy
heat,pressure,plasma,little-alchemy
heat,sand,glass,little-alchemy
heat,sap,maple syrup,little-alchemy
heat,science,energy,little-alchemy
heat,sea,current,little-alchemy
heat,snow,water,little-alchemy
heat,steak,jerky,little-alchemy
heat,stone,metal,little-alchemy
heat,sugar,caramel,little-alchemy
heat,water,steam,little-alchemy
heavens,inferno,void,clones
helicopter,house,hangar,little-alchemy
helicopter,robot,drone,little-alchemy
helicopter,scythe,lawn mower,little-alchemy
helicopter,squirrel,flying squirrel,little-alchemy
helicopter,wall,hangar,little-alchemy
helium,hydrogen,star,clones
helium,rubber,toy ballon,clones
helium,textile,ballon,clones
helmet,norse,viking,infinite-craft
heresy,human,atheism,clones
heresy,human,psychology,clones
heresy,religion,sect,clones
heresys,religion,sect,clones
hero,human,story,little-alchemy
hero,lightsaber,jedi,clones
hero,robot,r2-d2,clones
hero,snake,medusa,little-alchemy
hero,warrior,knight,little-alchemy
hero,windmill,don quixote,little-alchemy
heroes in a half-shell,pizza,teenage mutant ninja turtles,infinite-craft
heron,pigeon,flamingo,clones
hevea,tools,caoutchouc,clones
hidden treasure,human,compass and gold and spyglass,clones
hill,hill,mountain,little-alchemy
hill,lake,waterfall,little-alchemy
hill,lava,volcano,little-alchemy
hill,livestock,goat,little-alchemy
hill,livestock,sheep,little-alchemy
hill,organic matter,mineral,little-alchemy
hill,paper,map,little-alchemy
hill,pig,wild boar,little-alchemy
hill,pressure,volcano,little-alchemy
hill,rain,river,little-alchemy
hill,river,waterfall,little-alchemy
hill,small,boulder,little-alchemy
hill,steam,geyser,little-alchemy
hill,train,tunnel,little-alchemy
hippopotamus,turkey,pig,clones
hippopotamus,turkey,pig (doodle farm),clones
hippopotamus,woodpecker,rhinoceros,clones
history,metal,iron age,infinite-craft
hno2,water,nitrous acid,clones
hno3,water,nitric acid,clones
hockey,rink,skates,clones
hockey,stick,hockey stick,clones
holidays,holidays,santa claus,clones
holidays,holy water,snow angel,clones
holidays,hopefulness,vacations,clones
holidays,horn,rudolph,clones
holidays,horse,rudolph,clones
holidays,human,snowman,clones
holidays,hybrid,pumpkin prince,clones
holidays,ice,snowflake,clones
holidays,immortality,santa claus,clones
holidays,insect,tinselwebs,clones
holidays,invention,santa claus,clones
holidays,jungle,christmas tree,clones
holidays,knight,nutcracker,clones
holidays,knowledge,santa claus,clones
holidays,leader,santa claus,clones
holidays,life,snowman,clones
holidays,love,santa claus,clones
holidays,madness,black friday,clones
holidays,magic,santa claus,clones
holidays,martial arts,holiday blockbuster,clones
holidays,metal,menorah,clones
holidays,mind control,black friday,clones
holidays,miniature,baby new year,clones
holidays,monkey,cute carolers,clones
holidays,monster,pinch,clones
holidays,moon,space shoes,clones
holidays,multiples,menorah,clones
holidays,music,angel trumpeter,clones
holidays,mutation,fruit cake,clones
holidays,myth,santa claus,clones
holidays,parasite,mistletoe,clones
holidays,pirate,pinch,clones
holidays,plant,christmas tree,clones
holidays,poison,fruit cake,clones
holidays,precious ring lore,stone hearth,clones
holidays,prehistoric,menorah,clones
holidays,psychic,christmas spirits,clones
holidays,radiation,turkeyzilla,clones
holidays,rainbow,holiday lights,clones
holidays,relic,menorah,clones
holidays,reptile,cute carolers,clones
holidays,rodent,chudolph the braindeer,clones
holidays,royal game,snowflake,clones
holidays,royalty,pumpkin prince,clones
holidays,sci-fi,ornamental pickle,clones
holidays,science,ornamental pickle,clones
holidays,shrine,festival feast,clones
holidays,sidekick,santa's helper,clones
holidays,sleep,turkey,clones
holidays,snake,snakes in a can,clones
holidays,speed,sleigh,clones
holidays,spirit,santa claus,clones
holidays,strength,gingerbread warrior,clones
holidays,sun,holiday lights,clones
holidays,superhero,santa claus,clones
holidays,sweets,fruit cake,clones
holidays,sword,carver of doom,clones
holidays,the chosen one,rudolph,clones
holidays,time,baby new year,clones
holidays,toy,nutcracker,clones
holidays,tree,christmas tree,clones
holidays,trident,carver of doom,clones
holidays,turkey day,black friday,clones
holidays,turtle,gifted birds,clones
holidays,undead,pumpkin prince,clones
holidays,underwater,festive coral,clones
holidays,vampire,black friday,clones
holidays,vehicle,sleigh,clones
holidays,villain,pinch,clones
holidays,void,black friday,clones
holidays,war,gingerbread warrior,clones
holidays,water,snowflake,clones
holidays,water serpent,festive coral,clones
holidays,wealth,gelt,clones
holidays,weapon,fruit cake,clones
holidays,werewolf,lunar pie,clones
holidays,wind,rudolph,clones
holidays,wings,angel,clones
holidays,wintertide,fairy light festival,clones
holidays,wizard,santa claus,clones
holidays,wizarding school,honey beer,clones
holidays,wolf,lunar pie,clones
holy water,hopefulness,vaccine,clones
holy water,horse,pegasus,clones
holy water,human,cleric,clones
holy water,hybrid,crusader,clones
holy water,ice,ice lotus,clones
holy water,immortality,holy grail,clones
holy water,insect,praying mantis,clones
holy water,knight,paladin,clones
holy water,knowledge,cleric,clones
holy water,life,fountain of youth,clones
holy water,love,love potion,clones
holy water,madness,alien prophet,clones
holy water,magic,holy grail,clones
holy water,martial arts,samurai hero,clones
holy water,medieval,holy grail,clones
holy water,metal,holy grail,clones
holy water,miniature,conscience,clones
holy water,monkey,monkey shaman,clones
holy water,moon,lunar priest,clones
holy water,myth,holy grail,clones
holy water,pirate,feisty figurehead,clones
holy water,plant,ice lotus,clones
holy water,pocket pet,luckymon,clones
holy water,poison,water,clones
holy water,precious ring lore,vial of stars,clones
holy water,prehistoric,holy grail,clones
holy water,psychic,ghost communicator,clones
holy water,relic,holy grail,clones
holy water,royal game,crusader,clones
holy water,shrine,sakura spirits,clones
holy water,sidekick,heavenly dog,clones
holy water,sleep,mister sandman,clones
holy water,snake,lochness monster,clones
holy water,spirit,divine healer,clones
holy water,strength,paladin,clones
holy water,sweets,angel food cake,clones
holy water,sword,excalibur,clones
holy water,the chosen one,vampire assassin,clones
holy water,time,fountain of youth,clones
holy water,toy,squirt gun,clones
holy water,turkey day,turkey zombie,clones
holy water,undead,fire,clones
holy water,underwater,holy mackerel,clones
holy water,vampire,fire,clones
holy water,vehicle,trapper-1,clones
holy water,void,poison,clones
holy water,war,armageddon,clones
holy water,water serpent,lochness monster,clones
holy water,wealth,holy grail,clones
holy water,weapon,excalibur,clones
holy water,wind,windmaster eng,clones
holy water,wings,angel,clones
holy water,wintertide,tinselwebs,clones
holy water,wizard,cleric,clones
holy water,wizarding school,unicorn blood,clones
honey,mammals,bear,clones
hook,hook,fishing rod,infinite-craft
hope,obama,change,infinite-craft
hopefulness,horn,horn of life,clones
hopefulness,horse,first car,clones
hopefulness,human,relentless friend,clones
hopefulness,hybrid,punch man,clones
hopefulness,ice,ice dude,clones
hopefulness,immortality,train doggo,clones
hopefulness,insect,praying mantis,clones
hopefulness,invention,hopeful robot,clones
hopefulness,jungle,zantar,clones
hopefulness,knight,punch man,clones
hopefulness,knowledge,vaccine,clones
hopefulness,leader,masked liberator,clones
hopefulness,life,the kneeling,clones
hopefulness,love,love crush,clones
hopefulness,madness,last day of school,clones
hopefulness,magic,true love's kiss,clones
hopefulness,martial arts,hungry panda hero,clones
hopefulness,medieval,robin hood,clones
hopefulness,metal,hopeful robot,clones
hopefulness,mind control,tinfoil hat,clones
hopefulness,miniature,relentless friend,clones
hopefulness,monkey,monkey king,clones
hopefulness,monster,swamp monster,clones
hopefulness,moon,lunar priest,clones
hopefulness,multiples,scratch lottery,clones
hopefulness,music,masked liberator,clones
hopefulness,mutation,angelic mutant,clones
hopefulness,myth,holy grail,clones
hopefulness,parasite,parasite hunter,clones
hopefulness,pirate,treasure hunters,clones
hopefulness,plant,forest elf,clones
hopefulness,pocket pet,time fairy,clones
hopefulness,poison,vaccine,clones
hopefulness,precious ring lore,relentless friend,clones
hopefulness,prehistoric,caveman inventor,clones
hopefulness,psychic,scratch lottery,clones
hopefulness,radiation,energy generator,clones
hopefulness,rainbow,last day of school,clones
hopefulness,relic,elemental stones,clones
hopefulness,reptile,dragonkin,clones
hopefulness,robot,hopeful robot,clones
hopefulness,rodent,sensei rat,clones
hopefulness,royal game,meteorite sword,clones
hopefulness,royalty,panther hero,clones
hopefulness,sci-fi,hopeful robot,clones
hopefulness,science,vaccine,clones
hopefulness,shrine,amaterasu,clones
hopefulness,sidekick,relentless friend,clones
hopefulness,sleep,vacations,clones
hopefulness,snake,snake charmer,clones
hopefulness,space,hopeful robot,clones
hopefulness,speed,first car,clones
hopefulness,spirit,train doggo,clones
hopefulness,strength,punch man,clones
hopefulness,sun,vacations,clones
hopefulness,superhero,masked liberator,clones
hopefulness,sweets,angel food cake,clones
hopefulness,sword,hammer sword,clones
hopefulness,the chosen one,masked liberator,clones
hopefulness,time,train doggo,clones
hopefulness,toy,building blocks,clones
hopefulness,tree,pinocchio,clones
hopefulness,trident,hammer sword,clones
hopefulness,turkey day,vacations,clones
hopefulness,turtle,cloud rider,clones
hopefulness,undead,undead bride,clones
hopefulness,underground,escape tunnel,clones
hopefulness,underwater,atlantis,clones
hopefulness,vampire,sunwalker vampire,clones
hopefulness,vehicle,first car,clones
hopefulness,void,escape tunnel,clones
hopefulness,war,medic,clones
hopefulness,water,vacations,clones
hopefulness,wealth,scratch lottery,clones
hopefulness,weapon,vaccine,clones
hopefulness,werewolf,professor werewolf,clones
hopefulness,wind,windmaster eng,clones
hopefulness,wings,eagle rider,clones
hopefulness,wintertide,doves,clones
hopefulness,wizard,cleric,clones
hopefulness,wizarding school,honey beer,clones
hopefulness,wolf,train doggo,clones
horn,horse,unicorn,clones
horn,human,horn of man,clones
horn,hybrid,rhinocerous beetle,clones
horn,ice,frost dragon,clones
horn,immortality,eternal dragon,clones
horn,insect,rhinocerous beetle,clones
horn,invention,belphegor,clones
horn,jungle,rhinocerous beetle,clones
horn,knight,horn of man,clones
horn,knowledge,gabriel's horn,clones
horn,leader,ziz,clones
horn,life,horn of life,clones
horn,love,cookie beast,clones
horn,madness,sugar demon,clones
horn,magic,horned serpent,clones
horn,martial arts,the grater,clones
horn,medieval,ram hammer,clones
horn,metal,bionic unicorn,clones
horn,mind control,horned serpent,clones
horn,miniature,rhinocerous beetle,clones
horn,monster,bahamut,clones
horn,moon,galactic wizard,clones
horn,multiples,hydra,clones
horn,music,pan,clones
horn,mutation,mutated rhino,clones
horn,myth,cyclops,clones
horn,pirate,crazy pirate king,clones
horn,plant,plant dragon,clones
horn,pocket pet,snoring monster,clones
horn,poison,poison dragon,clones
horn,precious ring lore,horn of man,clones
horn,prehistoric,triceratops,clones
horn,psychic,alpha dragon,clones
horn,rainbow,unicorn,clones
horn,relic,horn of man,clones
horn,reptile,amphisbaena,clones
horn,robot,robot devil,clones
horn,rodent,pied piper,clones
horn,royal game,crazy pirate king,clones
horn,royalty,dragon princess,clones
horn,ruminants,deers,clones
horn,sci-fi,tawn tawn,clones
horn,science,gabriel's horn,clones
horn,shrine,rhinocerous beetle,clones
horn,sleep,tranquilizer dart,clones
horn,snake,snake charmer,clones
horn,space,galactic wizard,clones
horn,speed,ceryneian hind,clones
horn,spirit,spectral dragon,clones
horn,strength,tarrasque,clones
horn,sun,galactic wizard,clones
horn,superhero,demonite,clones
horn,sweets,fire candy,clones
horn,sword,horn dagger,clones
horn,the chosen one,horn of man,clones
horn,time,ancient dragon,clones
horn,tree,plant dragon,clones
horn,trident,triceratops,clones
horn,turkey day,harvest,clones
horn,turtle,dragon turtle,clones
horn,undead,skeleton overlord,clones
horn,underground,ifrit,clones
horn,underwater,narwhal,clones
horn,vampire,vampiric gargoyle,clones
horn,vehicle,dragon rider,clones
horn,villain,commander of sin,clones
horn,void,void beast,clones
horn,war,ram hammer,clones
horn,water,narwhal,clones
horn,water serpent,narwhal,clones
horn,wealth,smug,clones
horn,weapon,horn dagger,clones
horn,werewolf,wolf warrior,clones
horn,wind,energy generator,clones
horn,wings,rock dragon,clones
horn,wintertide,krampus,clones
horn,wizard,galactic wizard,clones
horn,wizarding school,horned serpent,clones
horn,wolf,wolf warrior,clones
horse,horse,zebra,clones
horse,human,centaur,clones;infinite-craft;little-alchemy
horse,hybrid,centaur,clones
horse,ice,rudolph,clones
horse,immortality,pegasus,clones
horse,invention,trojan horse,clones
horse,iron,horseshoe,clones
horse,jungle,pantor,clones
horse,knight,cavalry,clones
horse,knowledge,mr. ted,clones
horse,lake,seahorse,little-alchemy
horse,leader,rudolph,clones
horse,leather,saddle,little-alchemy
horse,legend,unicorn,little-alchemy
horse,life,unicorn,clones
horse,love,my mini horse,clones
horse,machine,trojan horse,little-alchemy
horse,madness,unicorn blood,clones
horse,magic,unicorn,clones;little-alchemy
horse,man,centaur,clones
horse,medieval,unicorn,clones
horse,metal,car,clones
horse,metal,horseshoe,little-alchemy
horse,miniature,my mini horse,clones
horse,monkey,monkey planet,clones
horse,monster,headless rider,clones
horse,moon,nightmare,clones
horse,multiples,sleipnir,clones
horse,music,pan,clones
horse,myth,pegasus,clones
horse,ocean,seahorse,little-alchemy
horse,ostrich,giraffe,clones
horse,paper,origami,little-alchemy
horse,pirate,giant anti-heroes,clones
horse,precious ring lore,lord of horses,clones
horse,prehistoric,cursed aztec prince,clones
horse,psychic,animal whisperer,clones
horse,radiation,pestilence's horse,clones
horse,rainbow,unicorn,clones;little-alchemy
horse,relic,gilded horse,clones
horse,river,hippo,little-alchemy
horse,robot,bionic unicorn,clones
horse,rope,lasso,little-alchemy
horse,royal game,fat king,clones
horse,royalty,pony princess,clones
horse,sand,camel,little-alchemy
horse,sci-fi,mr. ted,clones
horse,science,bionic unicorn,clones
horse,sea,seahorse,little-alchemy
horse,shrine,trojan horse,clones
horse,sidekick,pegasus,clones
horse,sky,pegasus,little-alchemy
horse,sleep,nightmare,clones
horse,space,unicorn,clones
horse,speed,ceryneian hind,clones
horse,spirit,spectral rider,clones
horse,statue,trojan horse,little-alchemy
horse,steel,horseshoe,little-alchemy
horse,steel,knight,clones
horse,story,centaur,little-alchemy
horse,story,unicorn,little-alchemy
horse,strength,car,clones
horse,sweets,pinata,clones
horse,sword,unicorn,clones
horse,the chosen one,pony princess,clones
horse,tiger,lion,clones
horse,tool,saddle,little-alchemy
horse,toy,my mini horse,clones
horse,turkey day,mayflower,clones
horse,turtle,racing tortoise,clones
horse,undead,headless rider,clones
horse,underground,death's horse,clones
horse,underwater,seahorse,clones
horse,vehicle,pumpkin carriage,clones
horse,villain,headless rider,clones
horse,void,nightmare,clones
horse,war,war's horse,clones
horse,warrior,knight,little-alchemy
horse,water,hippo,little-alchemy
horse,water,seahorse,clones;little-alchemy
horse,wealth,gilded horse,clones
horse,weapon,war's horse,clones
horse,wind,pegasus,clones
horse,wing,pegasus,clones
horse,wings,pegasus,clones
horse,wintertide,rudolph,clones
horse,wizard,pony princess,clones
horse,wizarding school,unicorn,clones
horse,wood,trojan horse,little-alchemy
horses,paint,zebra,clones
horseshoe,livestock,horse,little-alchemy
hose,mammals,elephants,clones
hospital,human,doctor,little-alchemy
hospital,mold,penicillin,little-alchemy
hospital,scientist,doctor,clones
hospital,sword,scalpel,little-alchemy
hospital,time,ruins,little-alchemy
hospital,tool,stethoscope,little-alchemy
hourglass,life,time,clones
hourglass,scientist,time,clones
house,house,city,clones
house,house,village,little-alchemy
house,human,family,little-alchemy
house,husky,doghouse,little-alchemy
house,ice,igloo,little-alchemy
house,ice cream truck,garage,little-alchemy
house,indian,wigwam,clones
house,indian,wigwam (alchemy 1000),clones
house,karlson,roof,clones
house,key,lock,clones
house,knight,castle,little-alchemy
house,lake,swimming pool,little-alchemy
house,letter,post office,little-alchemy
house,life,ghost,clones
house,light,lighthouse,little-alchemy
house,lion,cave,little-alchemy
house,livestock,barn,little-alchemy
house,lock,door,clones
house,mailman,post office,little-alchemy
house,mammals,domestic animals,clones
house,monarch,castle,little-alchemy
house,money,bank,clones;little-alchemy
house,motorcycle,garage,little-alchemy
house,needle,key,clones
house,net,cage,clones
house,new york,empire state building,infinite-craft
house,pharaoh,temple,clones
house,philosophy,container,little-alchemy
house,pirate,pirate ship,little-alchemy
house,plant,garden,little-alchemy
house,pool,bathroom,clones
house,pottery,vase,infinite-craft
house,refrigerator,air conditioning,clones
house,river,flood,little-alchemy
house,rocket,hangar,little-alchemy
house,rv,garage,little-alchemy
house,safe,bank,little-alchemy
house,sea,seashell,clones
house,seaplane,hangar,little-alchemy
house,sheep,barn,little-alchemy
house,ship,port,clones
house,shoes,slippers,clones
house,sickness,hospital,little-alchemy
house,sky,skyscraper,little-alchemy
house,sleigh,garage,little-alchemy
house,smoke,chimney,little-alchemy
house,smoke,pipe,clones
house,snow,igloo,little-alchemy
house,snowman,igloo,little-alchemy
house,snowmobile,garage,little-alchemy
house,space,space station,little-alchemy
house,spaceship,hangar,little-alchemy
house,spirit,tavern,clones
house,spotlight,lighthouse,little-alchemy
house,statue of liberty,new york,infinite-craft
house,steel,building,clones
house,swimmer,swimming pool,little-alchemy
house,time,ruins,little-alchemy
house,tool,factory,little-alchemy
house,tower + tower,castle,clones
house,tractor,farm,little-alchemy
house,tractor,garage,little-alchemy
house,train,trainyard,little-alchemy
house,tree,treehouse,little-alchemy
house,tsunami,flood,little-alchemy
house,vampire,castle,clones;little-alchemy
house,vault,bank,little-alchemy
house,vodka,tavern,clones
house,war,castle,infinite-craft
house,warrior,castle,little-alchemy
house,wheat,silo,little-alchemy
house,wind,windmill,little-alchemy
house,wizard,tower,clones
house,wolf,cave,little-alchemy
house,wood,log cabin,little-alchemy
human,human,birth,clones
human,human,family,infinite-craft;little-alchemy
human,human,friendship,clones
human,human,human,clones
human,human,life,clones
human,human,life (doodle devil),clones
human,human,love,clones;little-alchemy
human,human,love and birth,clones
human,human,sex,clones
human,hybrid,alien human hybrid,clones
human,ice,chill,little-alchemy
human,ice,snowman,clones
human,idea,philosophy,little-alchemy
human,immortality,mumbling kid,clones
human,imp,corpse and warrior,clones
human,insect,grasshopper,clones
human,internet,hacker,little-alchemy
human,invention,thomas edison,clones
human,island,beach and cliffs and forest,clones
human,jungle,zantar,clones
human,jupiter,astronaut,little-alchemy
human,katana,samurai,little-alchemy
human,knowledge,book,clones
human,knowledge,genius,infinite-craft
human,knowledge,scholar,clones
human,knowledge,scientist,clones
human,lake,sailor,little-alchemy
human,lamp,flashlight,little-alchemy
human,leader,king,clones
human,leaf,tea,little-alchemy
human,legend,hero,little-alchemy
human,lens,glasses,little-alchemy
human,letter,mailman,little-alchemy
human,library,librarian,little-alchemy
human,life,birth,clones
human,life,corpse,clones
human,life,death,clones
human,life,immortal,clones
human,light,angel,little-alchemy
human,light bulb,idea,little-alchemy
human,light sword,force knight,little-alchemy
human,lightning,hero,little-alchemy
human,lightsaber,jedi,little-alchemy
human,lion,sphinx,little-alchemy
human,livestock,meat,clones
human,livestock,meat (doodle god),clones
human,livestock,milk,clones
human,livestock,milk (doodle god),clones
human,livestock,wool,clones
human,love,human,clones
human,machine,engineer,little-alchemy
human,madness,crazy cat person,clones
human,magic,elf,clones
human,magic,wizard,clones;little-alchemy
human,map,hidden treasure,clones
human,mars,astronaut,little-alchemy
human,martial arts,grasshopper,clones
human,meat,butcher,little-alchemy
human,medieval,king,clones
human,medusa,statue,little-alchemy
human,merchants,salvation,clones
human,mercury,astronaut,little-alchemy
human,metal,armor,clones
human,metal,knight,clones
human,metal,tool,little-alchemy
human,metal,tools,clones
human,metal,tools (doodle god),clones
human,metal,weapon,clones
human,metal,weapon (doodle devil),clones
human,metal,weapon (doodle god),clones
human,microscope,science,little-alchemy
human,mind control,human battery,clones
human,miniature,mini clone,clones
human,money,gift,clones
human,money,shopping,clones
human,money,work,clones
human,monkey,big foot,clones
human,monster,dr. jekyll,clones
human,moon,astronaut,clones;little-alchemy
human,moon rover,astronaut,little-alchemy
human,mountain,cold,little-alchemy
human,mountain,skier,little-alchemy
human,mountain goat,faun,little-alchemy
human,mountain range,cold,little-alchemy
human,mountain range,skier,little-alchemy
human,multiples,angry mob,clones
human,murder,corpse,clones
human,murder,inferno,clones
human,music,bard,clones
human,music,fun,clones
human,music,musician,little-alchemy
human,mutation,superhero,clones
human,myth,big foot,clones
human,needle,tailor,little-alchemy
human,newspaper,mailman,little-alchemy
human,nile,field,clones
human,nile,field (doodle god),clones
human,nuts,cook,little-alchemy
human,ocean,sailor,little-alchemy
human,orchard,farmer,little-alchemy
human,order,discipline,clones
human,oxygen,carbon dioxide,little-alchemy
human,paint,painter,little-alchemy
human,painting,painter,little-alchemy
human,palm tree,coconut and liana,clones
human,pan flute,musician,little-alchemy
human,parasite,human battery,clones
human,pencil,writer,little-alchemy
human,philosophers stone,demigod,clones
human,pie,baker,little-alchemy
human,pirate,dread pirate,clones
human,pirates,death,clones
human,pitchfork,farmer,little-alchemy
human,pizza,baker,little-alchemy
human,plant,farmer,little-alchemy
human,plant,mandrake,clones
human,plow,farmer,little-alchemy
human,pocket pet,monster collector,clones
human,poison,assassin,clones
human,poison,corpse,clones
human,poisoned weapon,assassin,clones
human,pollen,allergy,little-alchemy
human,pond,swimmer,little-alchemy
human,pottery,potter,little-alchemy
human,prayer,heavens,clones
human,prayer,religion,clones
human,precious ring lore,the ranger,clones
human,prehistoric,caveman,clones
human,pride,politician,clones
human,psychic,bloody prom queen,clones
human,pyramid,mummy,little-alchemy
human,radiation,mutant,infinite-craft
human,radiation,superhero,clones
human,rain,cold,little-alchemy
human,rain,sickness,little-alchemy
human,rainbow,clown,clones
human,rainbow,wizard,little-alchemy
human,reed,music,clones
human,reed,music (doodle god),clones
human,relic,ubaid lizardman,clones
human,religion,faith,clones
human,religion,law,clones
human,religion,law + sin,clones
human,religion,sin,clones
human,reptile,dragonkin,clones
human,robot,cyborg,clones;little-alchemy
human,rock,tool,little-alchemy
human,rocket,astronaut,clones;little-alchemy
human,rodent,pied piper,clones
human,royal game,dragon mother,clones
human,royalty,king,clones
human,ruins,archeologist,little-alchemy
human,sacrifice,egyptian priest,clones
human,sailboat,sailor,little-alchemy
human,sand,gold,clones
human,saturn,astronaut,little-alchemy
human,sci-fi,invisible dude,clones
human,science,cyborg,clones
human,scuba tank,diver,little-alchemy
human,scythe,grim reaper,little-alchemy
human,sea,sailor,little-alchemy
human,sea,water,clones
human,seaplane,pilot,little-alchemy
human,sewing machine,tailor,little-alchemy
human,sex,fun,clones
human,sheet music,musician,little-alchemy
human,shrine,majestic miko,clones
human,shuriken,ninja,little-alchemy
human,sickness,sickness,little-alchemy
human,sidekick,watson,clones
human,ski goggles,skier,little-alchemy
human,skin,clothes,clones
human,skin,clothes (doodle god),clones
human,sleep,sleepwalker,clones
human,sloth,car,clones
human,snake,medusa,clones;little-alchemy
human,snow,cold,little-alchemy
human,snow,snowball,little-alchemy
human,snow,snowman,little-alchemy
human,snowboard,snowboarder,little-alchemy
human,soda,coca-cola,infinite-craft
human,solar system,astronaut,little-alchemy
human,sound,music,little-alchemy
human,sound,musician,infinite-craft
human,space,astronaut,clones;little-alchemy
human,space station,astronaut,little-alchemy
human,spaceship,astronaut,little-alchemy
human,speed,the dash,clones
human,spell book,wizard,clones
human,spirit,alcoholic,clones
human,spirit,ghost,clones
human,spyglass,black sail and white sail,clones
human,spyglass,pirates,clones
human,steam engine,engineer,little-alchemy
human,steamboat,sailor,little-alchemy
human,steel,tool,little-alchemy
human,stethoscope,doctor,little-alchemy
human,stone,dwarf,clones
human,stone,flintstone,clones
human,stone,house,clones
human,stone,house (doodle devil),clones
human,stone,hut,clones
human,stone,hut (doodle god),clones
human,stone,tool,little-alchemy
human,storm,cold,little-alchemy
human,story,hero,little-alchemy
human,story,philosophy,little-alchemy
human,strength,barbarian,clones
human,sun,pharoh,clones
human,sun,sun burn,clones
human,superhero,super bat,clones
human,swamp,goblin,clones
human,swamp,orc,clones
human,swamp,sickness,little-alchemy
human,sweets,confectioner will,clones
human,swim goggles,swimmer,little-alchemy
human,swimming pool,swimmer,little-alchemy
human,sword,knight,clones
human,sword,warrior,clones;little-alchemy
human,sword,warrior (doodle god),clones
human,telescope,astronomer,little-alchemy
human,telescope,science,little-alchemy
human,the chosen one,monster collector,clones
human,thread,tailor,little-alchemy
human,time,corpse,little-alchemy
human,time,death,clones
human,toast,baker,little-alchemy
human,tool,engineer,little-alchemy
human,torture,blood,clones
human,torture,leather,clones
human,torture,leather (doodle devil),clones
human,torture,suffering,clones
human,toy,doll,clones
human,tree,druid,clones
human,tree,food,clones
human,tree,leaves and stick,clones
human,tree,lumberjack,little-alchemy
human,tree,vampire hunter,clones
human,tree,wood,clones
human,tree,wood (doodle god),clones
human,trident,farmer,clones
human,turkey day,pilgrim,clones
human,turtle,kappa,clones
human,typewriter,journalist,clones
human,undead,undead,clones
human,underground,miner,clones
human,underwater,mermaid,clones
human,unicorn,wizard,little-alchemy
human,universe,science,little-alchemy
human,vampire,vampire,clones;little-alchemy
human,vegetable,cook,little-alchemy
human,vehicle,car,clones
human,venus,astronaut,little-alchemy
human,virtue,assistance,clones
human,virtue,assistance and tolerance,clones
human,virtue,tolerance,clones
human,vodka,alcoholic,clones
human,void/rocket,astronaut,clones
human,wall,house,little-alchemy
human,war,knight,clones
human,warrior,blood,clones
human,warrior,corpse,clones
human,warrior,warrior,clones
human,warrior,warrior (doodle god),clones
human,water,life,clones
human,water,life (doodle god),clones
human,water,mermaid,clones
human,water,swimmer,little-alchemy
human,water serpent,ghost pirate,clones
human,wave,sound,little-alchemy
human,wave,surfer,little-alchemy
human,wealth,king midas,clones
human,weapon,assasin,clones
human,weapon,barbarian,clones
human,weapon,crossbow,clones
human,weapon,hunter,clones
human,weapon,hunter (doodle god),clones
human,weapon,sword,clones
human,werewolf,werewolf,clones;little-alchemy
human,wheat,bread,clones
human,wheat,bread (doodle god),clones
human,wheel,cyclist,little-alchemy
human,wild animal,dog,little-alchemy
human,wild animal,livestock,little-alchemy
human,wind,cold,little-alchemy
human,wind,poison cloud,clones
human,wine,drunk,little-alchemy
human,wings,angel,clones
human,wintertide,hypothermia,clones
human,wire,electrician,little-alchemy
human,wizarding school,nerdy wizard,clones
human,wolf,werewolf,clones;little-alchemy
human,wood,house,little-alchemy
human,wood,lumberjack,little-alchemy
human,wood,tool,little-alchemy
human,wool,fabric,clones
human,wool,sweater,little-alchemy
human,work,diligence,clones
human,wrath,warrior,clones
human,wrath,warrior (doodle devil),clones
human,zombie,brains,clones
human,zombie,zombie,little-alchemy
human/sin,knowledge,lie detector,clones
humility,virtue,tolerance,clones
hummingbird,hummingbird,egg,little-alchemy
hummingbird,machine,airplane,little-alchemy
hummingbird,metal,airplane,little-alchemy
hummingbird,mouse,bat,little-alchemy
hummingbird,paper,origami,little-alchemy
hummingbird,scarecrow,crow,little-alchemy
hummingbird,squirrel,flying squirrel,little-alchemy
hummingbird,steel,airplane,little-alchemy
humus,irrigation system,agricultural land,clones
humus,trees,fruit trees,clones
hunter,milk,cat,clones
hunter,mouse,cat,clones
hunter,sick,doctor,clones
hunter,snake,mongoose,clones
hunter,weapon,warrior,clones
hunter,weapon,warrior (doodle god),clones
hunter,weapons,warrior,clones
hunter,weapons,warrior (doodle god),clones
hurricane,lake,wave,little-alchemy
hurricane,ocean,wave,little-alchemy
hurricane,sand,sandstorm,little-alchemy
hurricane,sea,wave,little-alchemy
hurricane,snow,blizzard,little-alchemy
husky,wall,doghouse,little-alchemy
hut,ice,igloo,clones
hut,light,candle,clones
hut,spirit,tavern,clones
hut,steam,sauna,clones
hut,vodka,tavern,clones
hybrid,ice,enchanted snowman,clones
hybrid,immortality,firemaster rooku,clones
hybrid,insect,arachne,clones
hybrid,invention,laser shark,clones
hybrid,jungle,outlandish royalty,clones
hybrid,knight,crusader,clones
hybrid,knowledge,cyborg,clones
hybrid,leader,swarm queen,clones
hybrid,life,half-life,clones
hybrid,love,mermaid princess,clones
hybrid,madness,dr. jekyll,clones
hybrid,magic,half-blood professor,clones
hybrid,martial arts,fused martial artists,clones
hybrid,medieval,crusader,clones
hybrid,metal,cyborg,clones
hybrid,mind control,siren,clones
hybrid,miniature,bumblebee bat,clones
hybrid,monkey,great wereape,clones
hybrid,monster,morphed beast,clones
hybrid,moon,blood moon,clones
hybrid,multiples,cybernetic humans,clones
hybrid,music,pan,clones
hybrid,mutation,dr. savage,clones
hybrid,myth,minotaur,clones
hybrid,parasite,evil symbiote,clones
hybrid,pirate,cyber corsair,clones
hybrid,plant,plant dragon,clones
hybrid,pocket pet,plantasaur,clones
hybrid,poison,plant fatale,clones
hybrid,precious ring lore,goblin hybrid,clones
hybrid,prehistoric,dino hybrid,clones
hybrid,psychic,mr. clown,clones
hybrid,radiation,arachnid dude,clones
hybrid,rainbow,pastry cat,clones
hybrid,relic,ubaid lizardman,clones
hybrid,reptile,cockatrice,clones
hybrid,robot,cybernetic humans,clones
hybrid,rodent,chinchillalope,clones
hybrid,royal game,northern king,clones
hybrid,royalty,half-blood professor,clones
hybrid,sci-fi,cyborg,clones
hybrid,science,alien human hybrid,clones
hybrid,shrine,evomon,clones
hybrid,sidekick,enchanted snowman,clones
hybrid,sleep,sandman,clones
hybrid,snake,medusa,clones
hybrid,space,alien dino,clones
hybrid,speed,fused martial artists,clones
hybrid,spirit,firemaster rooku,clones
hybrid,strength,fused martial artists,clones
hybrid,sun,blood moon,clones
hybrid,superhero,arachnid dude,clones
hybrid,sweets,pastry cat,clones
hybrid,sword,hammer sword,clones
hybrid,the chosen one,swarm queen,clones
hybrid,time,pb & jelly time,clones
hybrid,toy,hangry meal,clones
hybrid,tree,plant dragon,clones
hybrid,trident,spork of doom,clones
hybrid,turkey day,robot turkey,clones
hybrid,turtle,dragon turtle,clones
hybrid,undead,werevamp,clones
hybrid,underground,minotaur,clones
hybrid,underwater,catfish,clones
hybrid,vampire,sunwalker vampire,clones
hybrid,vehicle,air ship,clones
hybrid,villain,evil symbiote,clones
hybrid,void,swarm queen,clones
hybrid,war,goblin hybrid,clones
hybrid,water,bear dog,clones
hybrid,water serpent,scylla,clones
hybrid,wealth,dragon turtle,clones
hybrid,weapon,hammer sword,clones
hybrid,werewolf,werevamp,clones
hybrid,wind,sharkstorm,clones
hybrid,wings,ziz,clones
hybrid,wintertide,chudolph the braindeer,clones
hybrid,wizard,half-blood professor,clones
hybrid,wizarding school,half-blood professor,clones
hybrid,wolf,nine tails ninja,clones
hydra,zeus,hercules,infinite-craft
hydrated lime,paint,fresco,clones
hydrochloric acid,sodium hydroxide solution,salt water,clones
hydrogen,no2,hno2,clones
hydrogen,oxygen,oxyhydrogen,clones
hypertext,internet,www,clones
ice,ice,avalanche,clones
ice,immortality,ice king,clones
ice,insect,tinselwebs,clones
ice,invention,ed handytool,clones
ice,juice,popsicle,little-alchemy
ice,jungle,water,clones
ice,knight,blue knight,clones
ice,knowledge,frost mage,clones
ice,leader,ice king,clones
ice,life,snowman,clones
ice,love,cold hearted,clones
ice,madness,ice king,clones
ice,magic,frost mage,clones
ice,martial arts,absolute zero,clones
ice,mechanism,freezer,clones
ice,medieval,ice zombie king,clones
ice,metal,ed handytool,clones
ice,metal,fridge,little-alchemy
ice,milk,ice cream,clones;little-alchemy
ice,milk + sugar,ice cream,clones
ice,mind control,ice king,clones
ice,miniature,snowflake,clones
ice,monkey,yeti,clones
ice,monster,yeti,clones
ice,motorcycle,snowmobile,little-alchemy
ice,mountain,glacier,little-alchemy
ice,mountain,iceberg,clones
ice,mountain range,glacier,little-alchemy
ice,multiples,snowflake,clones
ice,music,cute carolers,clones
ice,mutation,ice dude,clones
ice,myth,yeti,clones
ice,ocean,iceberg,little-alchemy
ice,pirate,cryo smuggler,clones
ice,plant,ice lotus,clones
ice,pocket pet,frostwing,clones
ice,poison,hypothermia,clones
ice,pool,rink,clones
ice,precious ring lore,wraith dagger,clones
ice,prehistoric,ice age,clones
ice,psychic,groundhog,clones
ice,radiation,aurora,clones
ice,rain,hail,little-alchemy
ice,rainbow,sno-cone,clones
ice,relic,lich blade,clones
ice,reptile,bubbles,clones
ice,reptiles,mammals,clones
ice,rodent,ice age,clones
ice,royal game,tale of hot & cold,clones
ice,royalty,ice queen,clones
ice,sci-fi,ice carrier,clones
ice,science,cryosleep,clones
ice,sea,iceberg,little-alchemy
ice,shrine,sno-cone,clones
ice,sidekick,santa's helper,clones
ice,sky,hail,little-alchemy
ice,sleep,hibernation,clones
ice,snake,cold hearted,clones
ice,space,ice carrier,clones
ice,speed,avalanche,clones
ice,spell,cone of cold,clones
ice,spirit,christmas spirits,clones
ice,sport,skating,clones
ice,statue,ice sculpture,little-alchemy
ice,steam,hail,little-alchemy
ice,steel,fridge,little-alchemy
ice,storm,hail,little-alchemy
ice,strength,yeti,clones
ice,sun,puddle,little-alchemy
ice,sun,water,clones
ice,superhero,ice dude,clones
ice,surfer,snowboard,little-alchemy
ice,sweets,sno-cone,clones
ice,sword,lich blade,clones
ice,tea,iced tea,little-alchemy
ice,the chosen one,watermaster cora,clones
ice,time,glacier,little-alchemy
ice,time,ice age,clones
ice,toy,ice dude,clones
ice,tree,christmas tree,clones
ice,turtle,bubbles,clones
ice,undead,lich blade,clones
ice,underground,hibernation,clones
ice,vehicle,ice carrier,clones
ice,villain,ice king,clones
ice,wagon,sleigh,little-alchemy
ice,war,winter assassin,clones
ice,water,ice,clones
ice,water,snow,infinite-craft
ice,water serpent,frost dragon,clones
ice,waterbirds,penguins,clones
ice,wealth,frost dragon,clones
ice,weapon,lich blade,clones
ice,werewolf,frost wolf,clones
ice,wild animal,penguin,little-alchemy
ice,wind,hail,little-alchemy
ice,wind,snowflake,clones
ice,wings,penguin,clones
ice,wintertide,tinselwebs,clones
ice,wizard,frost mage,clones
ice,wizarding school,honey beer,clones
ice,wolf,frost wolf,clones
ice,wood,snowboard,little-alchemy
ice,yogurt,frozen yogurt,little-alchemy
ice cream,milk,milk shake,little-alchemy
ice cream,moana,dwayne johnson,infinite-craft
ice cream,stick,eskimo pie,clones
ice cream,wagon,ice cream truck,little-alchemy
ice cream,water,milk shake,little-alchemy
ice cream,yogurt,milk shake,little-alchemy
ice cream truck,wall,garage,little-alchemy
iceberg,legend,titanic,little-alchemy
iceberg,ship,titanic,clones;infinite-craft
iceberg,steamboat,titanic,little-alchemy
idea,idea,invention,infinite-craft
idea,mold,penicillin,little-alchemy
idea,sex,kama sutra,clones
idea,sound,music,clones
idea,sound,music (zed's alchemy),clones
idea,water,liquid,little-alchemy
idea,wind,motion,little-alchemy
immortality,invention,dark soul vessels,clones
immortality,jungle,dryad,clones
immortality,knight,immortal,clones
immortality,knowledge,dr. radiation,clones
immortality,leader,eternal child,clones
immortality,life,fountain of youth,clones
immortality,love,aphrodite,clones
immortality,madness,mumbling kid,clones
immortality,magic,merlin,clones
immortality,martial arts,sarcastic hero,clones
immortality,medieval,holy grail,clones
immortality,metal,cybernetic humans,clones
immortality,mind control,ice king,clones
immortality,miniature,water bear,clones
immortality,monkey,monkey king,clones
immortality,monster,frankenstein,clones
immortality,moon,moon goddess,clones
immortality,multiples,cybernetic humans,clones
immortality,music,vampire queen,clones
immortality,mutation,decimation,clones
immortality,myth,zeus,clones
immortality,parasite,youthful sorceress,clones
immortality,pirate,davy jones,clones
immortality,plant,hesperide's tree,clones
immortality,poison,specter,clones
immortality,precious ring lore,elf king,clones
immortality,prehistoric,hesperide's tree,clones
immortality,radiation,dr. radiation,clones
immortality,relic,dark soul vessels,clones
immortality,reptile,ouroboros,clones
immortality,robot,cybernetic humans,clones
immortality,rodent,mumbling kid,clones
immortality,royalty,elf king,clones
immortality,sci-fi,cybernetic humans,clones
immortality,science,dr. radiation,clones
immortality,shrine,fountain of youth,clones
immortality,sidekick,mumbling kid,clones
immortality,sleep,nightmare stalker,clones
immortality,snake,ouroboros,clones
immortality,space,titan of death,clones
immortality,speed,hermes,clones
immortality,spirit,ring lord,clones
immortality,strength,bolo,clones
immortality,sun,apollo,clones
immortality,superhero,sarcastic hero,clones
immortality,sweets,candy princess,clones
immortality,sword,immortal one,clones
immortality,the chosen one,immortal one,clones
immortality,time,dr. what,clones
immortality,tree,hesperide's tree,clones
immortality,trident,poseidon,clones
immortality,turkey day,turkey zombie,clones
immortality,turtle,world turtle,clones
immortality,undead,masked killer,clones
immortality,underground,hades,clones
immortality,underwater,davy jones,clones
immortality,vampire,dracula,clones
immortality,vehicle,pegasus,clones
immortality,villain,ring lord,clones
immortality,void,ring lord,clones
immortality,war,ares,clones
immortality,water,davy jones,clones
immortality,water serpent,cthulhu,clones
immortality,wealth,dorian gray,clones
immortality,weapon,god hammer,clones
immortality,werewolf,lycan king,clones
immortality,wind,genie,clones
immortality,wings,crow revenant,clones
immortality,wintertide,christmas spirits,clones
immortality,wizard,merlin,clones
immortality,wizarding school,dark soul vessels,clones
immortality,wolf,lycan king,clones
imp,light,darkness,clones
imp,metal,gold,clones
imp,milk,bacteria,clones
imp,radiation,nuclear bomb,clones
imp,scorpion,poison,clones
imp,sea,swamp,clones
imp,stone,metal,clones
imp,stone,metal (doodle god),clones
imp,sulfur,gunpowder,clones
imp,sun,radiation,clones
imp,swamp,sulfur,clones
imp,tools,weapon,clones
imp,tools,weapon (doodle god),clones
imp,water,alcohol,clones
incomplete boiler,uranium,nuclear boiler,clones
incomplete boiler,znc battery,electric boiler,clones
incomplete building,powersaw bench,lumber mill,clones
incomplete building,safe,bank,clones
incomplete building,star chart,planetarium,clones
incomplete building,stove,house,clones
incomplete building,stove,house (alchemy classic),clones
incomplete building,telescope,observatory,clones
incomplete building,wheel,windmill,clones
incomplete building,wooden ladder,tower,clones
incomplete factory,loom,textile factory,clones
incomplete factory,oil pipeline,oil refinery,clones
incomplete factory,wood transporter,furniture factory,clones
incomplete mechanism,pressure,pump,clones
incomplete mechanism,steam,steam engine,clones
incomplete mechanism,wheel,gear,clones
incomplete mechanism,wood,wheel,clones
incomplete mechanism,wood,wheel (alchemy classic),clones
india,plant,tea,clones
india,whale,elephant,clones
indigo,water,paint,clones
indigofera,tools,indigo,clones
inferno,weapon,bfg 9000,clones
infinite,minecraft,infinite craft,infinite-craft
ink,pencil,felt tip pens,clones
insect,invention,insect man,clones
insect,jungle,mosquito,clones
insect,knight,army ant,clones
insect,knowledge,bookworm,clones
insect,leader,swarm queen,clones
insect,love,love bug,clones
insect,madness,mr. beetleson,clones
insect,martial arts,grasshopper,clones
insect,medieval,black death,clones
insect,metal,computer bug,clones
insect,mind control,swarm queen,clones
insect,miniature,insect man,clones
insect,monkey,flea,clones
insect,monster,space moth,clones
insect,moon,moon buggy,clones
insect,multiples,arachne,clones
insect,music,grasshopper,clones
insect,mutation,arachnid dude,clones
insect,myth,arachne,clones
insect,parasite,mosquito,clones
insect,pirate,giant anti-heroes,clones
insect,plant,leaf insect,clones
insect,pocket pet,margarfree,clones
insect,poison,wasp,clones
insect,precious ring lore,stinger,clones
insect,prehistoric,dragonfly,clones
insect,radiation,space moth,clones
insect,rainbow,butterfly,clones
insect,relic,golden scarab,clones
insect,robot,spider mine,clones
insect,rodent,black death,clones
insect,royalty,queen bee,clones
insect,sci-fi,space moth,clones
insect,science,computer bug,clones
insect,shrine,rhinocerous beetle,clones
insect,sidekick,the talking cricket,clones
insect,sleep,bed bug,clones
insect,snake,earthworm,clones
insect,space,wormhole,clones
insect,speed,dragonfly,clones
insect,spirit,mr. beetleson,clones
insect,strength,army ant,clones
insect,sun,firefly,clones
insect,superhero,arachnid dude,clones
insect,sweets,gummy worm,clones
insect,sword,wasp,clones
insect,the chosen one,swarm queen,clones
insect,time,wormhole,clones
insect,toy,bumblebee bat,clones
insect,tree,leaf insect,clones
insect,trident,sea monkey,clones
insect,turkey day,moocher,clones
insect,underground,earthworm,clones
insect,underwater,mantis shrimp,clones
insect,vampire,mosquito,clones
insect,vehicle,moon buggy,clones
insect,villain,space moth,clones
insect,void,wormhole,clones
insect,war,army ant,clones
insect,water,tongue parasite,clones
insect,water serpent,sea monkey,clones
insect,wealth,golden scarab,clones
insect,weapon,spider mine,clones
insect,werewolf,flea,clones
insect,wind,butterfly,clones
insect,wings,butterfly,clones
insect,wintertide,tinselwebs,clones
insect,wolf,flea,clones
insectivora,needle,hedgehog,clones
insects,mammals,insectivora,clones
insects,trees,stick insects,clones
insects,water,dragonflies,clones
internal combustion engine,sailplane,airplane,clones
internal combustion engine,saw,chain saw,clones
internet,letter,email,little-alchemy
internet,life,cyberspace,clones
internet,light,optical fiber,little-alchemy
internet,mold,meme,infinite-craft
internet,page,website,infinite-craft
internet,vampire,blog,infinite-craft
internet,wireless,wifi,infinite-craft
invention,jungle,pet plant,clones
invention,knight,mechanical knight,clones
invention,knowledge,macgryber,clones
invention,leader,macgryber,clones
invention,life,philosopher's stone,clones
invention,love,hug-o-tron,clones
invention,madness,flux inventor,clones
invention,magic,dark soul vessels,clones
invention,martial arts,turtle warrior,clones
invention,medieval,mechanical knight,clones
invention,metal,d-3000,clones
invention,mind control,mind control device,clones
invention,miniature,bonsai,clones
invention,monkey,momo x,clones
invention,monster,frankenstein,clones
invention,multiples,superpowered girls,clones
invention,mutation,dr. savage,clones
invention,myth,talos,clones
invention,parasite,parasitic bioweapon,clones
invention,pirate,nautilus 20k,clones
invention,plant,killer vegetables,clones
invention,pocket pet,psychic clone,clones
invention,poison,clown toxin,clones
invention,precious ring lore,precious ring,clones
invention,prehistoric,caveman inventor,clones
invention,psychic,psychic clone,clones
invention,radiation,x-ray,clones
invention,rainbow,laser,clones
invention,relic,dark soul vessels,clones
invention,reptile,general viper,clones
invention,robot,dr. eggdude,clones
invention,rodent,genius and insane,clones
invention,royal game,dragon fire,clones
invention,sci-fi,time machine,clones
invention,science,thomas edison,clones
invention,shrine,ancient technology,clones
invention,sidekick,astro droid,clones
invention,sleep,cryosleep,clones
invention,snake,general viper,clones
invention,space,death ray,clones
invention,speed,superpowered girls,clones
invention,spirit,ghost trapper,clones
invention,strength,superpowered girls,clones
invention,sun,death ray,clones
invention,superhero,steel hero,clones
invention,sweets,confectioner will,clones
invention,sword,ed handytool,clones
invention,the chosen one,dark space lord,clones
invention,time,flux inventor,clones
invention,toy,pinocchio,clones
invention,tree,wolf battering ram,clones
invention,trident,ed handytool,clones
invention,turkey day,robot turkey,clones
invention,turtle,turtle warrior,clones
invention,undead,frankenstein,clones
invention,underground,gnome gadgeteer,clones
invention,vampire,parasitic bioweapon,clones
invention,vehicle,time machine,clones
invention,villain,flying goblin,clones
invention,void,mind control device,clones
invention,war,ultimate soldier,clones
invention,water,alchemist,clones
invention,water serpent,hydrabot,clones
invention,wealth,belphegor,clones
invention,weapon,death ray,clones
invention,werewolf,dr. savage,clones
invention,wind,da vinci flyer,clones
invention,wind,kite,infinite-craft
invention,wings,da vinci flyer,clones
invention,wintertide,nutcracker,clones
invention,wizard,dark soul vessels,clones
invention,wizarding school,dark soul vessels,clones
invention,wolf,hungry coyote,clones
iron,iron,steel,infinite-craft
iron,life,robot,clones
iron,man,chuck norris,clones
iron,net,antenna dish,clones
iron,rope,wire,clones
iron,sound,bell,clones
iron,sport,iron weight,clones
iron,steam,steam engine,clones
iron,stick,hammer,clones
iron,stick,hammer (alchemy 1000),clones
iron,tools,knife,clones
iron,tools,knife (alchemy 1000),clones
iron,tree,wheel,clones
iron,tree,wheel (alchemy 1000),clones
iron,water,bucket,clones
iron,wood,ironwood,clones
iron (cast),table,ironing board,clones
island,island,archipelago,little-alchemy
island,island,continent,infinite-craft
island,man,flag,clones
island,map,treasure map,little-alchemy
island,minotaur,crete,clones
island,monster,kraken,infinite-craft
island,music,reggae,infinite-craft
island,ocean,archipelago,little-alchemy
island,ocean,atlantis,infinite-craft
island,plant,palm,clones
island,sea,archipelago,little-alchemy
island,soldier,pirate,clones
island,statue,easter island,clones
island,sun,beach,clones
island,swamp,loch ness,infinite-craft
island,tea,ceylon,clones
island,treasure map,treasure,little-alchemy
island,tree,palm,little-alchemy
island,volcano,australia,infinite-craft
island,volcano,hawaii,infinite-craft
island,water,ship,infinite-craft
isle,isle,archipelago,little-alchemy
isle,tree,palm,little-alchemy
jack sparrow,sirius black,johnny depp,infinite-craft
jack-o-lantern,plant,pumpkin,little-alchemy
jack-o-lantern,sack,scarecrow,little-alchemy
jack-o-lantern,vegetable,pumpkin,little-alchemy
jam,medicine chest,karlson,clones
jane,shrek,fiona,infinite-craft
japan,paper boat,origami,clones
japan,plant,rice,clones
japan,princess,geisha,clones
japan,soldier,samurai,clones
japan,tree,sakura,clones
japan,warrior,samurai,infinite-craft
jedi,lava,darth vader,little-alchemy
jedi,lightsaber,darth vader,infinite-craft
jedi,sith,lightsaber,infinite-craft
jedi,sith,star wars,clones
jedi,swamp,yoda,clones;little-alchemy
jedi,yoshi,yoda,clones
jeep,russia,uaz,clones
job,utility,tool,infinite-craft
juice,machine,jam,little-alchemy
juice,snow,popsicle,little-alchemy
juice,sugar,jam,little-alchemy
juice,sun,alcohol,clones
juice,time,alcohol,little-alchemy
juice,wheat,alcohol,little-alchemy
juice,wood,popsicle,little-alchemy
jump,steel,metal spring,clones
jump,timber,skateboard,clones
jungle,knight,last stand,clones
jungle,knowledge,three wise monkeys,clones
jungle,leader,zantar,clones
jungle,life,virus,clones
jungle,love,forbidden love,clones
jungle,madness,rabbit hole,clones
jungle,magic,vegas magicians,clones
jungle,martial arts,hungry panda hero,clones
jungle,medieval,basilisk,clones
jungle,metal,jungle welcoming,clones
jungle,mind control,cute charm,clones
jungle,miniature,shrunken head,clones
jungle,monkey,monkey planet,clones
jungle,monster,swamp monster,clones
jungle,multiples,maneaters,clones
jungle,music,jungle welcoming,clones
jungle,mutation,mutated rhino,clones
jungle,myth,zantar,clones
jungle,parasite,flea,clones
jungle,pirate,anaconda snack,clones
jungle,plant,zombie fungus,clones
jungle,pocket pet,plantasaur,clones
jungle,poison,poison oak,clones
jungle,precious ring lore,celestial trees,clones
jungle,prehistoric,ape lost city,clones
jungle,rainbow,forbidden love,clones
jungle,relic,shrunken head,clones
jungle,reptile,anaconda snack,clones
jungle,river,amazon,infinite-craft
jungle,robot,raptorbot,clones
jungle,rodent,flying squirrel,clones
jungle,royal game,forestfolk,clones
jungle,royalty,outlandish royalty,clones
jungle,sci-fi,dino park,clones
jungle,science,dr. savage,clones
jungle,shrine,doom temple,clones
jungle,sidekick,pantor,clones
jungle,sleep,hibernation,clones
jungle,snake,anaconda snack,clones
jungle,space,raccoon guardian,clones
jungle,speed,quicksand,clones
jungle,spirit,spirit bear,clones
jungle,strength,pantor,clones
jungle,sun,sun burn,clones
jungle,superhero,zantar,clones
jungle,sweets,cookie beast,clones
jungle,sword,last stand,clones
jungle,the chosen one,zantar,clones
jungle,time,fossil,clones
jungle,toy,my mini horse,clones
jungle,tree,the world tree,clones
jungle,turkey day,turkey,clones
jungle,turtle,dragon turtle,clones
jungle,undead,turkey zombie,clones
jungle,underground,the mole king,clones
jungle,underwater,kraken,clones
jungle,vehicle,pantor,clones
jungle,villain,poison oak,clones
jungle,war,amazon,clones
jungle,water serpent,anaconda snack,clones
jungle,wealth,fat cat,clones
jungle,weapon,last stand,clones
jungle,werewolf,spirit wolf,clones
jungle,wind,spirit wolf,clones
jungle,wings,dryad,clones
jungle,wizard,vegas magicians,clones
jungle,wizarding school,pixies,clones
jungle,wolf,dire wolf,clones
junk,monster,robot,infinite-craft
jupiter,life,alien,little-alchemy
jupiter,small,saturn,little-alchemy
jurassic park,story,jurassic world,infinite-craft
kama sutra,man,sex,clones
kama sutra,woman,sex,clones
kangaroo,lizard,frog,clones
katana,turtle,ninja turtle,little-alchemy
kefir,woman,diet,clones
kerogen,pressure,bitumen,clones
key,secret door,trap,clones
key,secret door,trap (doodle god),clones
keyboard,money,atm,clones
keyboard,sound,piano,clones
kimono,sport,karate,clones
king,party,quest,clones
king,ring,lord of the rings,infinite-craft
king,sea,neptune,clones
king,star wars,darth vader,clones
king kong,monkey,donkey kong,infinite-craft
king kong,mr. peanuts,donkey kong,infinite-craft
knife,mexico,machete,clones
knife,palm,sugar,clones
knife,pig,fat,clones
knife,pig,knife,clones
knife,pig,knife (zed's alchemy),clones
knife,pig,meat,clones
knife,pig,meat (zed's alchemy),clones
knife,pig,salo,clones
knife,plant,scythe,clones
knife,potatoes,chips,clones
knife,soldier,swiss army knife,clones
knife,switzerland,swiss army knife,clones
knife,tool,swiss army knife,clones
knife,tree,stick,clones
knife,wood,stake,clones
knight,knight,idea,little-alchemy
knight,knowledge,king,clones
knight,leader,king,clones
knight,life,paladin,clones
knight,light sword,force knight,little-alchemy
knight,lightsaber,jedi,little-alchemy
knight,love,prince charming,clones
knight,magic,battle mage,clones
knight,martial arts,super martial artist,clones
knight,mask,zorro,clones
knight,medieval,sir lancelot,clones
knight,mind control,winter assassin,clones
knight,miniature,action figure,clones
knight,monkey,monkey king,clones
knight,monster,jaeger,clones
knight,moon,super bat,clones
knight,multiples,cavalry,clones
knight,music,war drummer,clones
knight,myth,sir lancelot,clones
knight,norway,viking,clones
knight,parasite,vampire knight,clones
knight,pirate,treasure hunters,clones
knight,plant,plant fatale,clones
knight,poison,green knight,clones
knight,precious ring lore,the ranger,clones
knight,prehistoric,caveman,clones
knight,psychic,space guardian,clones
knight,radiation,radioactive avenger,clones
knight,rainbow,rainbow girl,clones
knight,relic,haunted armor,clones
knight,reptile,dragon rider,clones
knight,robot,ultimate soldier,clones
knight,rodent,chinchilla knight,clones
knight,royal game,king killer,clones
knight,royalty,king arthur,clones
knight,sci-fi,ultimate soldier,clones
knight,science,ultimate soldier,clones
knight,shrine,monk,clones
knight,sidekick,sir lancelot,clones
knight,sleep,hacker hero,clones
knight,space,space guardian,clones
knight,speed,vampire knight,clones
knight,spirit,haunted armor,clones
knight,stone,castle,little-alchemy
knight,story,fairy tale,little-alchemy
knight,strength,gladiator,clones
knight,sun,arch angel,clones
knight,superhero,sir lancelot,clones
knight,sweets,gingerbread warrior,clones
knight,sword,excalibur,clones
knight,the chosen one,king arthur,clones
knight,toy,action figure,clones
knight,tree,green knight,clones
knight,trident,gladiator,clones
knight,turkey day,pilgrim,clones
knight,turtle,turtle warrior,clones
knight,undead,undead knight,clones
knight,underground,super bat,clones
knight,underwater,ocean defender,clones
knight,vampire,sunwalker vampire,clones
knight,vehicle,horse,clones
knight,villain,undead knight,clones
knight,void,voidwalker,clones
knight,wall,castle,little-alchemy
knight,war,ultimate soldier,clones
knight,water,blue knight,clones
knight,water serpent,ocean defender,clones
knight,wealth,king,clones
knight,weapon,war god,clones
knight,windmill,don quixote,little-alchemy
knight,wings,arch angel,clones
knight,wintertide,gingerbread warrior,clones
knight,wizard,battle mage,clones
knight,wizarding school,courageous founder,clones
knit,wool,yarn,infinite-craft
knowledge,knowledge,scientist,clones
knowledge,leader,professor y,clones
knowledge,life,dna,clones
knowledge,life,human,clones
knowledge,love,aphrodite,clones
knowledge,madness,attractive brain,clones
knowledge,magic,spell,clones
knowledge,magic,wizard,clones
knowledge,martial arts,kung fu master,clones
knowledge,medieval,scholar,clones
knowledge,metal,blacksmith,clones
knowledge,metal,stainless steel,clones
knowledge,mind control,hypnotist,clones
knowledge,miniature,usb of 999 truths,clones
knowledge,monkey,momo x,clones
knowledge,moon,astronaut,clones
knowledge,multiples,muse,clones
knowledge,music,muse,clones
knowledge,mutation,professor y,clones
knowledge,myth,philosopher's stone,clones
knowledge,paper,book,clones
knowledge,parasite,mind slug,clones
knowledge,pirate,nautilus 20k,clones
knowledge,plant,poison oak,clones
knowledge,pocket pet,professor pine,clones
knowledge,poison,witch doctor,clones
knowledge,precious ring lore,treacherous wizard,clones
knowledge,prehistoric,fire,clones
knowledge,psychic,four eyed raven,clones
knowledge,radiation,bomb,clones
knowledge,rainbow,learning rainbow,clones
knowledge,relic,quadforce,clones
knowledge,reptile,the snake lord,clones
knowledge,robot,ai,clones
knowledge,rodent,genius and insane,clones
knowledge,royal game,head scholar,clones
knowledge,royalty,king,clones
knowledge,sci-fi,ai,clones
knowledge,science,einstein,clones
knowledge,sex,sublimation,clones
knowledge,shrine,ancient technology,clones
knowledge,sidekick,watson,clones
knowledge,sleep,mister sandman,clones
knowledge,sloth,robot,clones
knowledge,snake,the snake lord,clones
knowledge,space,dr. what,clones
knowledge,spirit,ghost trapper,clones
knowledge,strength,battle mage,clones
knowledge,sun,angel of wisdom,clones
knowledge,sun,enlightenment,infinite-craft
knowledge,superhero,professor y,clones
knowledge,sweets,confectioner will,clones
knowledge,sword,usb of 999 truths,clones
knowledge,the chosen one,immortal one,clones
knowledge,time,dr. what,clones
knowledge,time,theory of relativity,clones
knowledge,toy,chemistry set,clones
knowledge,tree,cursed apple,clones
knowledge,trident,farmer,clones
knowledge,turkey day,plymouth rock,clones
knowledge,turtle,kung fu master,clones
knowledge,undead,necromancer,clones
knowledge,underground,hades,clones
knowledge,underwater,hydromancer,clones
knowledge,vampire,dracula,clones
knowledge,vehicle,auto champion,clones
knowledge,villain,mama brain,clones
knowledge,virus,medicine,clones
knowledge,void,big bang theory,clones
knowledge,void,void shaman,clones
knowledge,war,ares,clones
knowledge,war,surveillance,clones
knowledge,water,hydromancer,clones
knowledge,water serpent,shapeshifter,clones
knowledge,wealth,king,clones
knowledge,weapon,mind control device,clones
knowledge,wind,aeromancer,clones
knowledge,wings,angel of wisdom,clones
knowledge,wintertide,christmas spirits,clones
knowledge,wisdom,philosophy,infinite-craft
knowledge,wizard,arch mage,clones
knowledge,wizarding school,nerdy wizard,clones
knowledge,wolf,shapeshifter,clones
knowledge/work,sex,diligence,clones
knowlege,magic,software,clones
kraken,water,squid,infinite-craft
ladder,skyscraper,lift,clones
lair,rogue,secret door,clones
lake,lake,ocean,infinite-craft
lake,lake,sea,little-alchemy
lake,legend,nessie,little-alchemy
lake,lightning,life,little-alchemy
lake,lizard,alligator,little-alchemy
lake,motion,river,little-alchemy
lake,mountain,fjord,infinite-craft
lake,mountain,waterfall,little-alchemy
lake,mountain range,waterfall,little-alchemy
lake,newspaper,paper boat,clones
lake,owl,duck,little-alchemy
lake,paper,map,little-alchemy
lake,pigeon,duck,little-alchemy
lake,plant,seaweed,little-alchemy
lake,rain,flood,little-alchemy
lake,reed,swamp,little-alchemy
lake,sand,beach,infinite-craft;little-alchemy
lake,scuba tank,diver,little-alchemy
lake,sickness,seasickness,little-alchemy
lake,sky,horizon,little-alchemy
lake,small,pond,little-alchemy
lake,stone,lighthouse,infinite-craft
lake,storm,wave,little-alchemy
lake,story,nessie,little-alchemy
lake,sunglasses,swim goggles,little-alchemy
lake,sword,excalibur,little-alchemy
lake,time,swamp,clones
lake,tree,swamp,little-alchemy
lake,water,ocean,infinite-craft
lake,water,sea,little-alchemy
lake,wind,wave,little-alchemy
lake,wood,boat,little-alchemy
lamp,lava,lava lamp,clones;little-alchemy
lamp,skyscraper,lighthouse,clones
lamp,tool,flashlight,little-alchemy
lamp,volcano,lava lamp,little-alchemy
lamp,wax,candle,little-alchemy
land,land,continent,little-alchemy
land,life,animal,little-alchemy
land,life,soil,little-alchemy
land,livestock,sheep,little-alchemy
land,music,band,infinite-craft
land,organic matter,soil,little-alchemy
land,paper,map,little-alchemy
land,plant,grass,little-alchemy
land,plow,field,little-alchemy
land,sand,desert,little-alchemy
land,seed,plant,little-alchemy
land,sky,horizon,little-alchemy
land,storm,lightning,little-alchemy
land,tool,field,little-alchemy
land,tree,forest,little-alchemy
laptop,small,tablet,little-alchemy
laser,melody,cd,clones
laser,sword,lightsaber,clones;infinite-craft
lava,life,lava golem,clones
lava,lizard,salamander,clones
lava,man,ash,clones
lava,man,ash (zed's alchemy),clones
lava,man,lava,clones
lava,mountain,volcano,little-alchemy
lava,ocean,primordial soup,little-alchemy
lava,petroleum,explosion,little-alchemy
lava,philosophy,heat,little-alchemy
lava,pressure,eruption,little-alchemy
lava,pressure,granite,little-alchemy
lava,pressure,volcano,clones
lava,science,magma,little-alchemy
lava,sea,primordial soup,little-alchemy
lava,snow,obsidian,infinite-craft
lava,stone,obsidian,infinite-craft
lava,water,obsidian,little-alchemy
lava,water,steam,clones;little-alchemy
lava,water,stone,clones;infinite-craft
lava,water,stone (doodle devil),clones
lava,water,stone (doodle god),clones
lava,water,stone (zed's alchemy),clones
lava,water,stone + steam,clones
lava,woman,ash,clones
lava,woman,ash (zed's alchemy),clones
lava,woman,lava,clones
lava golem,water,energy,clones
lava golem,water,steam,clones
lava golem,water,stone,clones
lava golem,water,stone (zed's alchemy),clones
law,soldier,policeman,clones
law,tools,mechanism,clones
lawn,plant,garden,little-alchemy
lawn,sandwich,picnic,little-alchemy
lead,mammals,poisoned animal,clones
lead,oxygen,lead oxide,clones
leader,life,decimation,clones
leader,love,prince charming,clones
leader,madness,the deranged king,clones
leader,magic,wizard headmaster,clones
leader,martial arts,sensei rat,clones
leader,medieval,king arthur,clones
leader,metal,steel hero,clones
leader,mind control,alpha dragon,clones
leader,monkey,monkey king,clones
leader,moon,moon heroine,clones
leader,multiples,hero league,clones
leader,music,gem,clones
leader,mutation,professor y,clones
leader,myth,zeus,clones
leader,parasite,dracula,clones
leader,pirate,treasure hunters,clones
leader,plant,poison oak,clones
leader,pocket pet,monster collector,clones
leader,precious ring lore,the ranger,clones
leader,prehistoric,indiana ford,clones
leader,psychic,professor y,clones
leader,radiation,sensei rat,clones
leader,rainbow,rainbow girl,clones
leader,relic,thor's hammer,clones
leader,reptile,general viper,clones
leader,robot,transformobot,clones
leader,rodent,sensei rat,clones
leader,royal game,ice zombie king,clones
leader,royalty,zeus,clones
leader,sci-fi,dr. what,clones
leader,science,einstein,clones
leader,shrine,shrinemasons,clones
leader,sidekick,dark space lord,clones
leader,sleep,the awakener,clones
leader,snake,the snake lord,clones
leader,space,dr. what,clones
leader,speed,hermes,clones
leader,spirit,hades,clones
leader,strength,zeus,clones
leader,sun,apollo,clones
leader,superhero,jack anger,clones
leader,sweets,candy princess,clones
leader,sword,king,clones
leader,the chosen one,swarm queen,clones
leader,time,persian royalty,clones
leader,toy,action figure,clones
leader,tree,the world tree,clones
leader,trident,poseidon,clones
leader,turkey day,pilgrim,clones
leader,turtle,turtle king,clones
leader,undead,lich,clones
leader,underground,hades,clones
leader,underwater,mermaid king,clones
leader,vampire,dracula,clones
leader,vehicle,transformobot,clones
leader,villain,magnet dude,clones
leader,void,shadow prelate,clones
leader,war,ares,clones
leader,water,poseidon,clones
leader,water serpent,naga queen,clones
leader,wealth,king midas,clones
leader,weapon,precious ring,clones
leader,werewolf,alpha,clones
leader,wind,windmaster eng,clones
leader,wings,ziz,clones
leader,wintertide,ice explorers,clones
leader,wizard,wizard headmaster,clones
leader,wizarding school,courageous founder,clones
leader,wolf,alpha,clones
leaf,life,caterpillar,clones
leaf,pokemon,bulbasaur,infinite-craft
leaf,rain,autumn,clones
leaf,stick,branch,clones
leaf,wall,hedge,little-alchemy
leaf,water,tea,little-alchemy
leather,magic,scroll,clones
leather,wood,drum,little-alchemy
leaves,spark,bonfire,clones
leaves,spark,bonfire (doodle god),clones
leaves,stick,shelter,clones
leaves,stick,shelter (doodle god),clones
leech,mosquito,moth,clones
legend,lizard,dragon,little-alchemy
legend,mountain,yeti,little-alchemy
legend,mountain goat,faun,little-alchemy
legend,mountain range,yeti,little-alchemy
legend,night,ghost,little-alchemy
legend,paper,book,little-alchemy
legend,snake,medusa,little-alchemy
legend,statue,golem,little-alchemy
legend,steamboat,titanic,little-alchemy
legend,sword,excalibur,little-alchemy
legend,windmill,don quixote,little-alchemy
lemon,paint,lime,clones
lemon,pressure,acid,clones
lemur,squirrel,monkey,clones
lenin,moscow,mausoleum,clones
lenin,time,stalin,clones
leningrad,museum,hermitage,clones
leningrad,ship,aurora,clones
lens,lens,glasses,little-alchemy
lens,tool,microscope,little-alchemy
leopard,lynx,panther,clones
leopard,moose,antelope,clones
letter,letter,newspaper,little-alchemy
letter,letter,post office,little-alchemy
letter,mailbox,mailman,little-alchemy
letter,mailman,post office,little-alchemy
letter,man,postman,clones
letter,metal,mailbox,little-alchemy
letter,picture,postage stamp,clones
letter,smoke,smoke signal,little-alchemy
letter,steel,mailbox,little-alchemy
letter,wall,post office,little-alchemy
letter,wood,mailbox,little-alchemy
letter,www,email,clones
lettuce,reptiles,tortoises,clones
liana,stone + wooden fragments,stone axe,clones
liana,stone + wooden fragments,stone axe (alchemy classic),clones
librarian,librarian,idea,little-alchemy
library,man,scientist,clones
library,man,student,clones
library,woman,scientist,clones
life,life,jumping hero,clones
life,light,angel,clones
life,love,cupid,clones
life,madness,unicorn blood,clones
life,magic,fairy,clones
life,mars,alien,little-alchemy
life,martial arts,sarcastic hero,clones
life,mechanism,modron,clones
life,medieval,holy grail,clones
life,mercury,alien,little-alchemy
life,metal,metal golem,clones
life,metal,robot,little-alchemy
life,metal,transformobot,clones
life,microscope,bacterium,clones
life,mind control,human battery,clones
life,miniature,nanopower,clones
life,monkey,sea monkey,clones
life,monster,frankenstein,clones
life,moon,moon golem,clones
life,mountain,animal,little-alchemy
life,mountain range,animal,little-alchemy
life,mud,bacteria,clones;little-alchemy
life,multiples,phoenix,clones
life,mushroom,1up,clones
life,music,golden harp,clones
life,mutation,decimation,clones
life,myth,fountain of youth,clones
life,nile,fish and reed,clones
life,ocean,fish,infinite-craft
life,ocean,plankton,little-alchemy
life,parasite,youthful sorceress,clones
life,photo,3d holography,clones
life,pirate,treasure hunters,clones
life,plant,treant,clones
life,pocket pet,luckymon,clones
life,poison,virus,clones
life,precious ring lore,elven power elixir,clones
life,prehistoric,dino park,clones
life,primordial soup,bacteria,little-alchemy
life,psychic,fortune teller,clones
life,rainbow,magic,little-alchemy
life,rainbow,unicorn,clones;little-alchemy
life,relic,philosopher's stone,clones
life,reptile,world turtle,clones
life,robot,transformobot,clones
life,rodent,ratatoskr,clones
life,royal game,blue witch,clones
life,royalty,rapunzel,clones
life,sand,scarab and sun,clones
life,sand,seed,clones
life,sand,seed (zed's alchemy),clones
life,sand,seeds,clones
life,sand,seeds (doodle god),clones
life,saturn,alien,little-alchemy
life,sci-fi,living algorithm,clones
life,science,doctor,clones
life,science,organic matter,little-alchemy
life,sea,plankton,little-alchemy
life,sea,shark,clones
life,seashell,snail,clones
life,sex,baby,clones
life,shrine,fountain of youth,clones
life,sky,bird,little-alchemy
life,sleep,cryosleep,clones
life,small,bacteria,little-alchemy
life,snake,ouroboros,clones
life,soil,plant,little-alchemy
life,solar system,alien,little-alchemy
life,space,alien,clones;little-alchemy
life,speed,the dash,clones
life,spirit,oozer,clones
life,spore,bacteria,clones
life,star,alien,clones
life,statue,golem,little-alchemy
life,steel,robot,little-alchemy
life,stone,egg,clones;little-alchemy
life,stone,egg (doodle god),clones
life,stone,egg (zed's alchemy),clones
life,strength,relentless friend,clones
life,sun,alien,clones
life,superhero,jumping hero,clones
life,swamp,bacteria,clones;little-alchemy
life,swamp,bacteria (repeat once for a total of 2 bacteria),clones
life,swamp,bacteria (repeat twice),clones
life,swamp,frog,clones
life,sweets,candy princess,clones
life,sword,plant fatale,clones
life,the chosen one,immortal one,clones
life,time,death,clones;little-alchemy
life,toy,doll,clones
life,tree,ent,clones
life,tree,treant,clones
life,trident,poseidon,clones
life,turkey day,turkey zombie,clones
life,turtle,world turtle,clones
life,ufo,extraterrestrial,clones
life,undead,lich,clones
life,underground,underground city,clones
life,underwater,food chain,clones
life,vampire,blood,clones
life,vampire,death,infinite-craft
life,vehicle,meteor,clones
life,venus,alien,little-alchemy
life,video game,virtual reality,clones
life,villain,decimation,clones
life,void,alien,clones
life,void,chaos,clones
life,void,order,clones
life,void,voidwalker,clones
life,war,immortal,clones
life,water,algae,clones
life,water,fish,clones
life,water,fish (alchemy 1000),clones
life,water,fish (doodle god),clones
life,water,ice golem,clones
life,water,plankton,little-alchemy
life,water,weeds,clones
life,wealth,golden egg goose,clones
life,weapon,virus,clones
life,werewolf,night children,clones
life,wind,air elemental,clones
life,wings,phoenix,clones
life,wintertide,enchanted snowman,clones
life,wizard,cleric,clones
life,wizarding school,death's gift,clones
life,wolf,nine tailed fox,clones
life,woman,baby,clones
life,woman,woman,clones
life,woman,woman (zed's alchemy),clones
life,wood,pinocchio,clones;little-alchemy
light,machine,spotlight,little-alchemy
light,man,eye,clones
light,metal,gold,little-alchemy
light,metal,spotlight,little-alchemy
light,microscope,atom,clones
light,moon,night,clones
light,ocean,lighthouse,little-alchemy
light,picture,photo,clones
light,planet,northern lights,clones
light,planet,sun,little-alchemy
light,plant,grapes,clones
light,prism,rainbow,little-alchemy
light,pumpkin,jack-o-lantern,little-alchemy
light,rain,rainbow,little-alchemy
light,road,traffic light,clones
light,rope,optical fiber,little-alchemy
light,sea,lighthouse,little-alchemy
light,sin,virtue,clones
light,sky,sun,little-alchemy
light,skyscraper,lighthouse,clones
light,solar cell,electricity,little-alchemy
light,steam,rainbow,clones
light,steel,gold,little-alchemy
light,steel,spotlight,little-alchemy
light,storm,rainbow,clones
light,sword,light sword,little-alchemy
light,sword,lightsaber,little-alchemy
light,tool,flashlight,little-alchemy
light,tool,solar cell,little-alchemy
light,tool,sundial,little-alchemy
light,tree,christmas tree,little-alchemy
light,vampire,ash,clones
light,vampire,ash (doodle god),clones
light,vampire,ash (zed's alchemy),clones
light,vegetable,pumpkin,little-alchemy
light,watch,sundial,little-alchemy
light,water,rainbow,clones;little-alchemy
light,wax,candle,little-alchemy
light,wheel,sundial,little-alchemy
light,wire,optical fiber,little-alchemy
light bulb,man,idea,clones
light bulb,metal,lamp,little-alchemy
light bulb,nerd,idea,little-alchemy
light bulb,radio wave,tv,clones
light bulb,science,idea,little-alchemy
light bulb,steel,lamp,little-alchemy
light bulb,tool,flashlight,little-alchemy
light bulb,tree,christmas tree,clones;little-alchemy
light sword,warrior,force knight,little-alchemy
lightbulb,radio wave,tv,clones
lightbulb,semiconductor,vacuum tube,clones
lightbulb,znc battery,flashlight,clones
lightning,metal,electricity,little-alchemy
lightning,metals,electricity,clones
lightning,music,electric guitar,infinite-craft
lightning,ocean,life,little-alchemy
lightning,primordial soup,life,little-alchemy
lightning,rain,thunderstorm,clones;infinite-craft
lightning,sand,fulgurite,clones
lightning,sand,glass,little-alchemy
lightning,sea,life,little-alchemy
lightning,sound,thunder,infinite-craft
lightning,steel,electricity,little-alchemy
lightning,swamp,amino acids,clones
lightning,trees,wooden fragments,clones
lightning,water,gas,clones
lightning,wire,electricity,clones
lightning,zombie,frankenstein's monster,little-alchemy
lightsaber,robot,c-3po,infinite-craft
lightsaber,star,star wars,infinite-craft
lightsaber,star wars,jedi,infinite-craft
lightsaber,warrior,jedi,clones
lily,vodka,gin,infinite-craft
lime,reed,sugar,clones
lime,sulfur,fire,clones
lime,sulfur,fire (zed's alchemy),clones
limestone,manure,saltpeter,clones
limestone,manure,saltpetre,clones
limestone,oil,crayons,clones
link,princess,zelda,infinite-craft
lion,metal,cage,little-alchemy
lion,paper,origami,little-alchemy
lion,statue,sphinx,little-alchemy
lion,steel,cage,little-alchemy
lion,stone,sphinx,little-alchemy
lion,tiger,leopard,infinite-craft
lion,wall,cage,little-alchemy
lipstick,woman,lips,clones
liquid,metal,quicksilver,little-alchemy
liquid,pencil,paint,little-alchemy
liquid,rainbow,paint,little-alchemy
liquid,rock,clay,little-alchemy
liquid,stone,clay,little-alchemy
livestock,man,man,clones
livestock,man,man (zed's alchemy),clones
livestock,man,meat,clones
livestock,man,meat (zed's alchemy),clones
livestock,man,milk,clones
livestock,man,milk (zed's alchemy),clones
livestock,man,wool,clones
livestock,mountain,goat,little-alchemy
livestock,mountain range,goat,little-alchemy
livestock,mud,pig,clones;little-alchemy
livestock,mud,pig (zed's alchemy),clones
livestock,saddle,horse,little-alchemy
livestock,sand,camel,little-alchemy
livestock,santa,reindeer,little-alchemy
livestock,sword,meat,little-alchemy
livestock,tool,meat,little-alchemy
livestock,wool,sheep,little-alchemy
lizard,lizard,egg,clones;little-alchemy
lizard,lizard,egg (doodle god),clones
lizard,lizard,lizard,clones
lizard,nile,crocodile,clones
lizard,rainbow,chameleon,little-alchemy
lizard,river,alligator,little-alchemy
lizard,rock,gecko,infinite-craft
lizard,sand,desert,little-alchemy
lizard,shark,crocodile,clones
lizard,shoes,salamander,clones
lizard,sky,dragon,little-alchemy
lizard,story,dragon,little-alchemy
lizard,swamp,alligator,little-alchemy
lizard,swamp,frog,clones
lizard,time,dinosaur,little-alchemy
longbow,love,cupid,clones
longbow,tale,elf,clones
loom,yarn,textile,clones
loop,repeat,infinite,infinite-craft
lord of the rings,mount doom,the one ring,infinite-craft
louvre,picture,mona lisa,clones
love,love,happily ever after,clones
love,madness,love potion,clones
love,magic,love potion,clones
love,medieval,prince charming,clones
love,metal,hug-o-tron,clones
love,metal,ring,little-alchemy
love,mind control,love potion,clones
love,miniature,thumbelina,clones
love,monkey,kongar,clones
love,monster,green eyed monster,clones
love,moon,moon heroine,clones
love,multiples,blood bros,clones
love,music,bard,clones
love,music,song,infinite-craft
love,myth,cupid,clones
love,parasite,moocher,clones
love,pirate,feisty figurehead,clones
love,plant,mistletoe,clones
love,plant,rose,little-alchemy
love,pocket pet,luckymon,clones
love,poison,green eyed monster,clones
love,precious ring lore,the ranger,clones
love,prehistoric,friendly dino,clones
love,psychic,fortune teller,clones
love,radiation,undead bride,clones
love,rainbow,rainbow girl,clones
love,relic,elemental stones,clones
love,reptile,snake charmer,clones
love,robot,hug-o-tron,clones
love,rodent,care chilla,clones
love,royal game,lady revenant,clones
love,royalty,prince charming,clones
love,sci-fi,love potion,clones
love,science,hug-o-tron,clones
love,shrine,magpyre maiden,clones
love,sidekick,jester sidekick,clones
love,sleep,sleeping princess,clones
love,snake,anaconda snack,clones
love,space,heavens,clones
love,speed,love potion,clones
love,spirit,nymph,clones
love,steel,ring,little-alchemy
love,strength,hug-o-tron,clones
love,sugar,sweethearts,little-alchemy
love,sun,sparkling vampire,clones
love,superhero,cupid,clones
love,sweets,candy hearts,clones
love,the chosen one,moon heroine,clones
love,time,diamond ring,clones
love,time,life,little-alchemy
love,toy,stuffed plushie,clones
love,tree,cupid's bow,clones
love,trident,cupid,clones
love,turkey day,turkey,clones
love,undead,zombie romeo,clones
love,underground,orpheus,clones
love,underwater,bastion,clones
love,vampire,sparkling vampire,clones
love,vehicle,love bug,clones
love,villain,green eyed monster,clones
love,void,cold hearted,clones
love,war,flower power,clones
love,water,love potion,clones
love,water serpent,siren,clones
love,wealth,diamond ring,clones
love,weapon,cupid's bow,clones
love,werewolf,monster & beauty,clones
love,wind,cupid,clones
love,wings,cupid,clones
love,wintertide,cold hearted,clones
love,wizard,cupid,clones
love,wizarding school,love potion,clones
love,wolf,monster & beauty,clones
luigi,mario,super mario,infinite-craft
luigi,super mario,mario bros,infinite-craft
lumberjack,lumberjack,idea,little-alchemy
lumberjack,machine,chainsaw,little-alchemy
lumberjack,medusa,statue,little-alchemy
lumberjack,robot,cyborg,little-alchemy
lumberjack,tool,axe,little-alchemy
lumberjack,tree,wood,little-alchemy
lynx,moose,deer,clones
machine,motorcycle,car,little-alchemy
machine,needle,sewing machine,little-alchemy
machine,owl,airplane,little-alchemy
machine,petroleum,combustion engine,little-alchemy
machine,pigeon,airplane,little-alchemy
machine,scythe,lawn mower,little-alchemy
machine,seagull,airplane,little-alchemy
machine,steam,steam engine,little-alchemy
machine,sun,solar cell,little-alchemy
machine,sundial,clock,little-alchemy
machine,thread,fabric,little-alchemy
machine,thread,sewing machine,little-alchemy
machine,time,clock,little-alchemy
machine,vulture,airplane,little-alchemy
machine,wheel,bicycle,little-alchemy
machine,windmill,wind turbine,little-alchemy
machine,wood,paper,little-alchemy
machine factory,metals + rubber,car,clones
madness,madness,rabbit hole,clones
madness,magic,the brown druid,clones
madness,martial arts,sarcastic hero,clones
madness,medieval,hamlet,clones
madness,metal,desert pirate,clones
madness,mind control,dull jack,clones
madness,monkey,momo x,clones
madness,monster,dr. jekyll,clones
madness,moon,blood moon,clones
madness,multiples,dr. jekyll,clones
madness,music,opera ghost,clones
madness,mutation,sarcastic hero,clones
madness,myth,mask of mischief,clones
madness,parasite,zombie fungus,clones
madness,pirate,pirate captain,clones
madness,plant,zombie fungus,clones
madness,poison,clown toxin,clones
madness,precious ring lore,precious ring bearer,clones
madness,psychic,delusional psychic,clones
madness,radiation,desert pirate,clones
madness,rainbow,psychotic clown,clones
madness,relic,ancient scrolls,clones
madness,reptile,general viper,clones
madness,robot,al 9001,clones
madness,rodent,genius and insane,clones
madness,royal game,the deranged king,clones
madness,royalty,hamlet,clones
madness,sci-fi,invisible dude,clones
madness,science,flying goblin,clones
madness,shrine,shrinemasons,clones
madness,sidekick,jester sidekick,clones
madness,sleep,clown toxin,clones
madness,snake,general viper,clones
madness,space,al 9001,clones
madness,speed,mask of mischief,clones
madness,spirit,posession,clones
madness,strength,mask of mischief,clones
madness,sun,the cursed chosen,clones
madness,superhero,sarcastic hero,clones
madness,sweets,confectioner will,clones
madness,sword,lich blade,clones
madness,the chosen one,zombie hunter,clones
madness,time,flux inventor,clones
madness,toy,puzzle master,clones
madness,tree,the brown druid,clones
madness,trident,inner demons,clones
madness,turkey day,black friday,clones
madness,undead,dr. frankenstein,clones
madness,underground,rabbit hole,clones
madness,vampire,bloodlust,clones
madness,vehicle,clown car,clones
madness,villain,psychotic clown,clones
madness,void,rabbit hole,clones
madness,war,bloodlust,clones
madness,water,pirate captain,clones
madness,wealth,dorian gray,clones
madness,weapon,lich blade,clones
madness,werewolf,insanity wolf,clones
madness,wind,flying goblin,clones
madness,wings,firebird force,clones
madness,wintertide,black friday,clones
madness,wizard,crazy eyed wizard,clones
madness,wizarding school,crazy eyed wizard,clones
madness,wolf,insanity wolf,clones
magic,man,wizard,clones
magic,man,worm,clones
magic,medieval,merlin,clones
magic,metal,magicianbot,clones
magic,mind control,entropic magic,clones
magic,miniature,leprechaun,clones
magic,monkey,monkey king,clones
magic,moon,lunar priest,clones
magic,mountain goat,faun,little-alchemy
magic,multiples,illusionist,clones
magic,music,bard,clones
magic,music,cursed flute,clones
magic,mutation,crimson witch,clones
magic,myth,philosopher's stone,clones
magic,paper,scroll,clones
magic,parasite,mana drainer,clones
magic,park,disney,infinite-craft
magic,pirate,big mojo,clones
magic,plant,druid,clones
magic,pocket pet,magicod,clones
magic,poison,witch doctor,clones
magic,precious ring lore,treacherous wizard,clones
magic,prehistoric,puff,clones
magic,priest,prayer,clones
magic,princess,fairy,infinite-craft
magic,psychic,prophecy wizard,clones
magic,quick silver,philosopher’s stone,clones
magic,rainbow,rainbow girl,clones
magic,relic,stinger,clones
magic,religion,priest,clones
magic,reptile,dragon fairy,clones
magic,ring,the one ring,little-alchemy
magic,robot,magicianbot,clones
magic,rodent,wiz's apprentice,clones
magic,royal game,forestfolk,clones
magic,royalty,ice queen,clones
magic,sci-fi,philosopher's stone,clones
magic,science,sci-fi,clones
magic,shrine,magpyre maiden,clones
magic,sidekick,jack the dog,clones
magic,sleep,mister sandman,clones
magic,snake,serpent cultist,clones
magic,snow globe,crystal ball,little-alchemy
magic,space,pastry cat,clones
magic,spirit,necromancer,clones
magic,stone,egg,clones
magic,stone,egg (doodle devil),clones
magic,strength,arcane golem,clones
magic,sun,phoenix,clones
magic,superhero,the magician,clones
magic,sweets,candy witch,clones
magic,swimmer,mermaid,little-alchemy
magic,sword,excalibur,clones
magic,the chosen one,the boy wizard,clones
magic,toy,my mini horse,clones
magic,tree,treant,clones
magic,trident,wizard staff,clones
magic,turkey day,honey beer,clones
magic,turtle,turtle sorcerer,clones
magic,undead,skeletal mage,clones
magic,underground,geomancer,clones
magic,underwater,sea witch,clones
magic,vampire,dracula,clones
magic,vehicle,broomstick,clones
magic,villain,the snake lord,clones
magic,void,darkness,clones
magic,void,light,clones
magic,void,void shaman,clones
magic,war,battle mage,clones
magic,water,holy water,clones
magic,water,potion,clones
magic,water serpent,lochness monster,clones
magic,wealth,king midas,clones
magic,weapon,wand,clones
magic,weapon,wizard staff,clones
magic,weapons,wand,clones
magic,werewolf,transmutation,clones
magic,wind,genie,clones
magic,wings,fairy,clones
magic,wintertide,stone hearth,clones
magic,wizard,arch mage,clones
magic,wizarding school,elf servant,clones
magic,wolf,werewolf,clones
magic,woman,witch,clones
magnet,tools,compass,clones
mailman,mailman,idea,little-alchemy
mailman,metal,mailbox,little-alchemy
mailman,steel,mailbox,little-alchemy
mailman,wall,post office,little-alchemy
mailman,wood,mailbox,little-alchemy
mammal,ocean,whale,infinite-craft
mammals,oat,horses,clones
mammals,reptiles,platypus,clones
mammals,tube,aardvark,clones
mammals,viruses,infected animal,clones
mammals,water,watermammals,clones
mammoth,pig,boar,clones
mammoth,raptor,dinosaur,clones
mammoth,zoo,ice age,infinite-craft
man,mcdonald's,fatty,clones
man,mcdonald's,obesity,clones
man,medicine,doctor,clones
man,metal,man,clones
man,metal,man (zed's alchemy),clones
man,metal,tool,clones
man,metal,tool (zed's alchemy),clones
man,metal,weapon,clones
man,metal,weapon (doodle devil),clones
man,microsoft,bill gates,clones
man,milk,woman,clones
man,milk,woman (zed's alchemy),clones
man,money,capitalist,clones
man,money,work,clones
man,mop,yardman,clones
man,nails,yogi,clones
man,night,sleep,clones
man,nike,ronaldo,clones
man,oxygen,carbon dioxide,clones
man,oxygen,man,clones
man,oxygen,man (zed's alchemy),clones
man,paper,alphabet,clones
man,paper,book,clones
man,picture,artist,clones
man,pig,fat,clones
man,pig,man,clones
man,pig,man (zed's alchemy),clones
man,pig,meat,clones
man,pig,meat (zed's alchemy),clones
man,pig,salo,clones
man,plume,indian,clones
man,poison,corpse,clones
man,poison gas,joker,clones
man,poisoned weapons,assassin,clones
man,radiation,mutant,clones
man,ribbon,mummy,clones
man,road,taxi,clones
man,sailboat,sailor,clones
man,sailing ship,sailor,clones
man,salad,caesar,clones
man,seed,farmer,clones
man,seed,farmer (zed's alchemy),clones
man,sex,baby,clones
man,sex,man,clones
man,sex,man (zed's alchemy),clones
man,sick,sick,clones
man,snow,snowman,clones
man,spider,spiderman,clones
man,sport,biceps,clones
man,sputnik,gagarin,clones
man,steam,sauna,clones
man,steel,eiffel tower,clones
man,stone,hut,clones
man,stone,hut (zed's alchemy),clones
man,sun,smile,clones
man,swine flu,sick,clones
man,tequila,alcoholic,clones
man,timber,hut,clones
man,timber,hut (alchemy 1000),clones
man,time,old man,clones
man,tobacco,cancer,clones
man,tobacco,diseases,clones
man,tools,engineer,clones
man,tree,tarzan,clones
man,utensil,cook,clones
man,vampire,vampire,clones
man,vicodin,house m.d,clones
man,vodka,alcoholic,clones
man,warrior,blood,clones
man,warrior,corpse,clones
man,warrior,warrior,clones
man,warrior,warrior (zed's alchemy),clones
man,water,diver,clones
man,weapon,and ghost,clones
man,weapon,blood,clones
man,weapon,corpse,clones
man,weapons,hunter,clones
man,weapons,hunter (doodle god),clones
man,wing,icarus,clones
man,wolf,dog,clones
man,wolf,dog (zed's alchemy),clones
man,woman,child,clones
man,woman,life,clones
man,woman,life (doodle devil),clones
man,woman,sex,clones
man,wrath,warrior,clones
man,wrath,warrior (doodle devil),clones
man,yogurt,diet,clones
man,zombie,zombie,clones
manatee,tree,sloth,little-alchemy
map,pirate,treasure island,clones
map,pirate,treasure map,little-alchemy
map,pirate ship,treasure map,little-alchemy
map,sputnik,gps,clones
map,star,star chart,clones
map,treasure,treasure map,little-alchemy
mario,napoleon complex,bowser,infinite-craft
mario,princess,peach,infinite-craft
mario,yoshi,mario kart,infinite-craft
martial arts,metal,robo ninja,clones
martial arts,mind control,blue iron,clones
martial arts,miniature,grasshopper,clones
martial arts,monkey,monkey king,clones
martial arts,monster,static beast,clones
martial arts,multiples,fighting champion,clones
martial arts,mutation,psychic assassin,clones
martial arts,myth,monkey king,clones
martial arts,pirate,demon puncher,clones
martial arts,pocket pet,ninja doge,clones
martial arts,poison,reptilian ninja,clones
martial arts,psychic,gunfu cleric,clones
martial arts,radiation,reptilian ninja,clones
martial arts,reptile,reptilian ninja,clones
martial arts,robot,robo ninja,clones
martial arts,rodent,sensei rat,clones
martial arts,royal game,poisonous prince,clones
martial arts,royalty,samurai hero,clones
martial arts,sci-fi,hacker hero,clones
martial arts,science,sarcastic hero,clones
martial arts,shrine,monk,clones
martial arts,sleep,the awakener,clones
martial arts,snake,reptilian ninja,clones
martial arts,space,super martial artist,clones
martial arts,speed,samurai hero,clones
martial arts,spirit,spectre ninja,clones
martial arts,strength,super martial artist,clones
martial arts,sun,sunwalker vampire,clones
martial arts,superhero,windmaster eng,clones
martial arts,sweets,gingerbread warrior,clones
martial arts,sword,samurai hero,clones
martial arts,the chosen one,super martial artist,clones
martial arts,time,samurai hero,clones
martial arts,trident,sai,clones
martial arts,turkey day,family reunion,clones
martial arts,turtle,turtle warrior,clones
martial arts,undead,kung fu zombie,clones
martial arts,underground,turtle warrior,clones
martial arts,vampire,sunwalker vampire,clones
martial arts,vehicle,chiroptercar,clones
martial arts,villain,the grater,clones
martial arts,void,psychic assassin,clones
martial arts,water,absolute zero,clones
martial arts,water serpent,reptilian ninja,clones
martial arts,wealth,super bat,clones
martial arts,weapon,sai,clones
martial arts,werewolf,nine tails ninja,clones
martial arts,wind,windmaster eng,clones
martial arts,wings,chiropterang,clones
martial arts,wintertide,absolute zero,clones
martial arts,wizard,windmaster eng,clones
martial arts,wolf,nine tails ninja,clones
maze,party,experience + gold + princess,clones
mcdonald's,woman,obesity,clones
meat,newspaper,recipe,little-alchemy
meat,palm,coconut,little-alchemy
meat,paper,recipe,little-alchemy
meat,salt,jerky,clones;little-alchemy
meat,smoke,ham,little-alchemy
meat,sun,jerky,little-alchemy
meat,tool,knife,clones
meat,tool,knife (zed's alchemy),clones
meat,vulture,bone,little-alchemy
meat,wolf,bone,little-alchemy
mechanical clock,star,astrolabe,clones
mechanical clock,tower,clock tower,clones
mechanical clock,znc battery,electronic clock,clones
mechanism,medicine,artificial heart,clones
mechanism,money,bank,clones
mechanism,oil,car,clones
mechanism,sex,censored,clones
mechanism,time,clock,clones
mechanism,work,robot,clones
mechanism/time,photo,polaroid,clones
medicine,playboy,viagra,clones
medicine,powder,medicament,clones
medicine,radiation,x-ray,clones
medicine,snake,poison,clones
medieval,metal,knight,clones
medieval,mind control,pied piper,clones
medieval,miniature,merry john,clones
medieval,monkey,ape lost city,clones
medieval,monster,vampire knight,clones
medieval,multiples,angry mob,clones
medieval,music,bard,clones
medieval,mutation,ogre princess,clones
medieval,myth,excalibur,clones
medieval,parasite,black death,clones
medieval,pirate,robin hood,clones
medieval,poison,basilisk,clones
medieval,precious ring lore,the ranger,clones
medieval,psychic,four eyed raven,clones
medieval,radiation,basilisk,clones
medieval,rainbow,court jester,clones
medieval,relic,holy grail,clones
medieval,reptile,basilisk,clones
medieval,robot,mechanical knight,clones
medieval,rodent,chinchilla knight,clones
medieval,royal game,cranky knight,clones
medieval,royalty,king arthur,clones
medieval,science,plague doctor,clones
medieval,shrine,castle,clones
medieval,sidekick,sir lancelot,clones
medieval,sleep,sleeping princess,clones
medieval,snake,basilisk,clones
medieval,space,space guardian,clones
medieval,speed,vampire knight,clones
medieval,spirit,haunted armor,clones
medieval,strength,king,clones
medieval,sun,crusader,clones
medieval,superhero,robin hood,clones
medieval,sweets,bouncy bears,clones
medieval,sword,excalibur,clones
medieval,the chosen one,king arthur,clones
medieval,tree,catapult,clones
medieval,trident,devil,clones
medieval,turkey day,bird flu,clones
medieval,undead,undead knight,clones
medieval,underwater,lady of the lake,clones
medieval,vampire,vampire knight,clones
medieval,vehicle,dragon rider,clones
medieval,villain,morgana,clones
medieval,void,black death,clones
medieval,war,cavalry,clones
medieval,water,lady of the lake,clones
medieval,wealth,king,clones
medieval,weapon,excalibur,clones
medieval,werewolf,gargoyle,clones
medieval,wind,griffin,clones
medieval,wings,seraphim,clones
medieval,wintertide,northern king,clones
medieval,wizard,merlin,clones
medieval,wizarding school,courageous founder,clones
medieval,wolf,gargoyle,clones
medusa,mirror,statue,little-alchemy
medusa,pilot,statue,little-alchemy
medusa,sailor,statue,little-alchemy
medusa,surfer,statue,little-alchemy
melody,tools,musical instruments,clones
melody,wire,headphones,clones
melody,woman,dance,clones
meme,photoshop,internet,infinite-craft
meme,trash,dank,infinite-craft
mercury,silver,amalgam,clones
metal,mind control,tinfoil hat,clones
metal,mineral,steel,little-alchemy
metal,miniature,nanobots,clones
metal,money,coin,clones
metal,money,safe,little-alchemy
metal,monkey,mecha monkey,clones
metal,monster,jaeger,clones
metal,moon,moon buggy,clones
metal,moon,silver,clones
metal,motion,wheel,little-alchemy
metal,mud,coin,infinite-craft
metal,multiples,hydrabot,clones
metal,music,death metal,clones
metal,mutation,magnet dude,clones
metal,myth,hephaestus,clones
metal,owl,airplane,little-alchemy
metal,oxygen,rust,clones;little-alchemy
metal,parasite,human battery,clones
metal,philo,gold,clones
metal,philosopher's stone,gold,clones
metal,philosophers stone,gold,clones
metal,pigeon,airplane,little-alchemy
metal,pirate,cyber corsair,clones
metal,pocket pet,dinaggro,clones
metal,poison,poison dagger,clones
metal,pottery,cauldron,little-alchemy
metal,precious ring lore,shattered sword,clones
metal,prehistoric,armored dragon,clones
metal,pressure,boiler,little-alchemy
metal,psychic,lich blade,clones
metal,radiation,bomb,clones
metal,radiation,plutonium,clones
metal,rainbow,gold,little-alchemy
metal,relic,fire sigil,clones
metal,reptile,general viper,clones
metal,river,bridge,little-alchemy
metal,robot,d-3000,clones
metal,rock,blade,little-alchemy
metal,rodent,bionic chinchilla,clones
metal,rope,chain,little-alchemy
metal,rope,wire,little-alchemy
metal,royal game,king killer,clones
metal,royalty,robot king,clones
metal,sand,gold,little-alchemy
metal,sci-fi,jaeger,clones
metal,science,d-3000,clones
metal,seagull,airplane,little-alchemy
metal,shrine,ancient technology,clones
metal,sidekick,astro droid,clones
metal,silicon,transistor,clones
metal,sound,bell,little-alchemy
metal,space,spaceship,clones;little-alchemy
metal,speed,spaceship,clones
metal,spirit,haunted armor,clones
metal,star,shuriken,little-alchemy
metal,steam,boiler,clones;little-alchemy
metal,steam engine,train,little-alchemy
metal,stone,blade,little-alchemy
metal,stream,bridge,little-alchemy
metal,strength,immovable object,clones
metal,sun,gold,little-alchemy
metal,superhero,steel hero,clones
metal,sweets,ez cake oven,clones
metal,sword,giant sword,clones
metal,the chosen one,transformobot,clones
metal,thread,needle,little-alchemy
metal,thunderstorm,lightning rod,clones
metal,time,d-3000,clones
metal,tnt,bomb,clones
metal,tool,armor,little-alchemy
metal,tool,arms,clones
metal,tool,hammer,little-alchemy
metal,tool,tool,clones
metal,tool,tool (zed's alchemy),clones
metal,tools,weapon,clones
metal,tools,weapon (doodle god),clones
metal,tools,weapons,clones
metal,tools,weapons (doodle god),clones
metal,toy,robotic toy,clones
metal,tree,catapult,clones
metal,trident,robot devil,clones
metal,turkey day,carver of doom,clones
metal,turtle,snapping turtle,clones
metal,underground,miner,clones
metal,underwater,laser shark,clones
metal,vampire,vampiric gargoyle,clones
metal,vehicle,tank,clones
metal,venus,copper,clones
metal,venus,copper (zed's alchemy),clones
metal,villain,magnet dude,clones
metal,void,spaceship,clones
metal,vulture,airplane,little-alchemy
metal,war,tank,clones
metal,warrior,armor,clones
metal,water,quicksilver,clones
metal,water,rust,clones
metal,water,submarine,clones
metal,wealth,golden construct,clones
metal,weapon,unstoppable force,clones
metal,werewolf,death,clones
metal,wheel,car,little-alchemy
metal,wind,jet fighter,clones
metal,wind,sound,clones
metal,wings,jet fighter,clones
metal,wintertide,gelt,clones
metal,wire,chain,little-alchemy
metal,witch,cauldron,little-alchemy
metal,wizard,magicianbot,clones
metal,wizarding school,goblin banker,clones
metal,wolf,cage,little-alchemy
metal,woman,tools,clones
metal,woman,tools (doodle devil),clones
metal,wood,hammer,little-alchemy
metal,wood,tool,little-alchemy
metal,wool,steel wool,little-alchemy
metal,work,mechanism,clones
metals,mutating plant,vegetable waste,clones
metals,noria,assembly line,clones
metals,orchids,vegetable waste,clones
metals,palms,vegetable waste,clones
metals,radioactivity,uranium,clones
metals,radioactivity + radioactivity,plutonium,clones
metals,sedimentary rock,gold,clones
metals,sedimentary rock,silver,clones
metals,shrub,vegetable waste,clones
metals,stone,magnet,clones
metals,sugar cane,sugar,clones
metals,sugar cane,vegetable waste,clones
metals,tools + wood,incomplete mechanism,clones
metals,trees,wood,clones
metals,trees,wood (alchemy classic),clones
metals,water,rust,clones
metals,wood,tools,clones
metals,wood,tools (alchemy classic),clones
meteor,ocean,tsunami,little-alchemy
meteor,planet,crater,clones
meteor,rain,shooting stars,clones
meteor,sea,tsunami,little-alchemy
meteoroid,night,meteor,little-alchemy
meteoroid,sky,meteor,little-alchemy
mexico,seed,cocoa,clones
mickey,mouse,disney,infinite-craft
mickey mouse,netflix,disney+,infinite-craft
microchip,music,mp3 player,clones
microchip,scientist,computer,clones
microchip,software,microprocessor,clones
military,tread,tank,infinite-craft
milk,milk,cheese,infinite-craft
milk,mold,cheese,clones
milk,motion,butter,little-alchemy
milk,pressure,butter,little-alchemy
milk,pressure,cheese,clones
milk,santa,gift,little-alchemy
milk,snow,ice cream,little-alchemy
milk,soured milk,soured milk,clones
milk,space,milky way,little-alchemy
milk,sugar,chocolate,little-alchemy
milk,time,cheese,little-alchemy
milk,tool,butter,little-alchemy
milk,tool,cheese,little-alchemy
milk,tools,butter,clones
milk,vodka,white russian,clones
milk,wheat,cereal,little-alchemy
milk,wild animal,cat,little-alchemy
milk,yogurt,soured milk,clones
mill,plant,flour,clones
mill,plant,flour (alchemy 1000),clones
mind control,miniature,conscience,clones
mind control,monkey,momo x,clones
mind control,monster,dr. jekyll,clones
mind control,moon,werewolf,clones
mind control,multiples,viral agent,clones
mind control,music,pied piper,clones
mind control,mutation,decimation,clones
mind control,myth,siren,clones
mind control,parasite,mind slug,clones
mind control,pirate,siren,clones
mind control,plant,poison oak,clones
mind control,pocket pet,psychic clone,clones
mind control,poison,entropic magic,clones
mind control,precious ring lore,precious ring,clones
mind control,psychic,four eyed raven,clones
mind control,relic,mind jewel,clones
mind control,reptile,hypnotic python,clones
mind control,robot,computer bug,clones
mind control,rodent,pied piper,clones
mind control,royal game,four eyed raven,clones
mind control,royalty,the bone king,clones
mind control,sci-fi,viral agent,clones
mind control,science,computer bug,clones
mind control,shrine,shrinemasons,clones
mind control,sidekick,winter assassin,clones
mind control,sleep,hypnotist,clones
mind control,snake,hypnotic python,clones
mind control,space,dark space lord,clones
mind control,spirit,dull jack,clones
mind control,strength,alpha dragon,clones
mind control,superhero,evil symbiote,clones
mind control,sweets,sugar demon,clones
mind control,sword,lich blade,clones
mind control,the chosen one,the ring courier,clones
mind control,time,hypnotist,clones
mind control,toy,other caroline,clones
mind control,tree,cursed flute,clones
mind control,trident,mind jewel,clones
mind control,turkey day,black friday,clones
mind control,turtle,hypnoturtle,clones
mind control,undead,wight,clones
mind control,underground,precious ring bearer,clones
mind control,underwater,siren,clones
mind control,vampire,bloodlust,clones
mind control,villain,dark space lord,clones
mind control,void,other caroline,clones
mind control,war,winter assassin,clones
mind control,water,love potion,clones
mind control,water serpent,siren,clones
mind control,wealth,precious ring,clones
mind control,weapon,mind control device,clones
mind control,wind,cursed flute,clones
mind control,wings,angelic mutant,clones
mind control,wintertide,ice explorers,clones
mind control,wizard,cursed will,clones
mind control,wizarding school,cursed will,clones
mind control,wolf,werewolf,clones
minecraft,monster,creeper,infinite-craft
mineral,ocean,salt,little-alchemy
mineral,rock,clay,little-alchemy
mineral,sand,clay,little-alchemy
mineral,sea,salt,little-alchemy
mineral,stone,clay,little-alchemy
minerals,volcano,graphite,clones
minerals,water,mineral water,clones
miniature,monkey,sea monkey,clones
miniature,monster,ember,clones
miniature,moon,white dwarf,clones
miniature,multiples,villain groupies,clones
miniature,music,merry john,clones
miniature,myth,time fairy,clones
miniature,parasite,flea,clones
miniature,pirate,treasure hunters,clones
miniature,plant,thumbelina,clones
miniature,pocket pet,ember,clones
miniature,poison,virus,clones
miniature,precious ring lore,white dwarf,clones
miniature,prehistoric,microraptor,clones
miniature,psychic,fickle eight ball,clones
miniature,rainbow,clown car,clones
miniature,relic,stinger,clones
miniature,reptile,microraptor,clones
miniature,robot,nanobots,clones
miniature,rodent,pygmy jerboa,clones
miniature,royal game,forestfolk,clones
miniature,royalty,asteroid prince,clones
miniature,sci-fi,nanobots,clones
miniature,science,mini clone,clones
miniature,shrine,wishing mallet,clones
miniature,sidekick,villain groupies,clones
miniature,sleep,power nap,clones
miniature,snake,cobramon,clones
miniature,space,white dwarf,clones
miniature,speed,spider mite,clones
miniature,strength,power nap,clones
miniature,sun,white dwarf,clones
miniature,superhero,insect man,clones
miniature,sweets,musical workers,clones
miniature,sword,usb of 999 truths,clones
miniature,time,power nap,clones
miniature,toy,my mini horse,clones
miniature,tree,bonsai,clones
miniature,trident,sea monkey,clones
miniature,turtle,bubbles,clones
miniature,underground,spider mite,clones
miniature,underwater,flapjack octopus,clones
miniature,vampire,bumblebee bat,clones
miniature,vehicle,clown car,clones
miniature,villain,mini clone,clones
miniature,void,dark matter,clones
miniature,war,army ant,clones
miniature,water,water bear,clones
miniature,water serpent,sea monkey,clones
miniature,wealth,merry john,clones
miniature,weapon,virus,clones
miniature,werewolf,night children,clones
miniature,wind,puff hero,clones
miniature,wings,bumblebee bat,clones
miniature,wintertide,ornamental pickle,clones
miniature,wolf,night children,clones
mirror,mountain,echo,infinite-craft
mirror,stone,medusa,infinite-craft
mirror,sun,moon,clones
missile,poison gas,chemical weapon,clones
missile,spore,biological weapon,clones
missile,weapon,bazooka,clones
mist,sky,cloud,little-alchemy
moat,rope ladder,wooden bridge,clones
mold,ozone,ozone,clones
mold,science,penicillin,little-alchemy
mold,scientist,penicillin,clones
molluscs,sand,mussels,clones
molluscs,swamp,slugs,clones
molluscs,water,cephalopods,clones
monarch,monarch,idea,little-alchemy
monarch,story,fairy tale,little-alchemy
monarch,sword,excalibur,little-alchemy
monarch,wall,castle,little-alchemy
money,money,money,clones
money,pick,gold,clones
money,pig,piggy bank,little-alchemy
money,pirate,hangover,clones
money,pirate,treasures,clones
money,politician,corruption,clones
money,scientist,knowledge,clones
money,sex,sin,clones
money,shopping,bar code,clones
money,sin,greed,clones
money,sin,theft,clones
money,skyscraper,bank,clones;little-alchemy
money,steel,safe,little-alchemy
monkey,monkey,ape,infinite-craft
monkey,monster,kongar,clones
monkey,moon,great wereape,clones
monkey,multiples,three wise monkeys,clones
monkey,music,cymbal monkey,clones
monkey,mutation,teleporting acrobat,clones
monkey,myth,monkey king,clones
monkey,ox,gorilla,clones
monkey,panda,kung fu,infinite-craft
monkey,parasite,flea,clones
monkey,penguin,dolphin,clones
monkey,pirate,larcenous pets,clones
monkey,plant,pet plant,clones
monkey,precious ring lore,precious ring bearer,clones
monkey,prehistoric,big foot,clones
monkey,psychic,animal whisperer,clones
monkey,radiation,kongar,clones
monkey,rainbow,cave monkeys,clones
monkey,relic,cursed monkey paw,clones
monkey,robot,mecha monkey,clones
monkey,rodent,ratatoskr,clones
monkey,royal game,monkey king,clones
monkey,royalty,monkey king,clones
monkey,sci-fi,monkey planet,clones
monkey,science,momo x,clones
monkey,shrine,monkey shaman,clones
monkey,sidekick,barrel gorilla jr,clones
monkey,sleep,tranquilizer dart,clones
monkey,snake,cute carolers,clones
monkey,space,great wereape,clones
monkey,speed,great wereape,clones
monkey,spirit,monkey shaman,clones
monkey,strength,great wereape,clones
monkey,sun,great wereape,clones
monkey,superhero,barrel gorilla,clones
monkey,sword,sea monkey,clones
monkey,the chosen one,super martial artist,clones
monkey,time,human,little-alchemy
monkey,time,monkey king,clones
monkey,tool,human,little-alchemy
monkey,toy,cymbal monkey,clones
monkey,tree,ratatoskr,clones
monkey,trident,sea monkey,clones
monkey,undead,cymbal monkey,clones
monkey,underground,cave monkeys,clones
monkey,underwater,sea monkey,clones
monkey,vampire,flea,clones
monkey,vehicle,tree,clones
monkey,villain,momo x,clones
monkey,void,monkey planet,clones
monkey,war,monkey planet,clones
monkey,water,sea monkey,clones
monkey,water serpent,sea monkey,clones
monkey,wealth,monkey king,clones
monkey,weapon,monkey king,clones
monkey,werewolf,great wereape,clones
monkey,wind,flying monkey,clones
monkey,wings,flying monkey,clones
monkey,wintertide,cute carolers,clones
monkey,wizard,monkey shaman,clones
monkey,wizarding school,monkey shaman,clones
monkey,wolf,great wereape,clones
monkey,wrench,monkey wrench,infinite-craft
monster,moon,bogeyman,clones
monster,multiples,dr. jekyll,clones
monster,music,siren,clones
monster,mutation,sewer mutants,clones
monster,myth,cyclops,clones
monster,parasite,xenomorph,clones
monster,pirate,off the map,clones
monster,plant,swamp monster,clones
monster,pocket pet,snoring monster,clones
monster,poison,smog horror,clones
monster,precious ring lore,tentacled beast,clones
monster,prehistoric,megalodon,clones
monster,psychic,vengeful spirit,clones
monster,radiation,gorezilla,clones
monster,rainbow,clown,clones
monster,relic,mummy,clones
monster,reptile,basilisk,clones
monster,robot,cyborg,infinite-craft
monster,robot,jaeger,clones
monster,rodent,chinzilla,clones
monster,royal game,wight,clones
monster,royalty,monster & beauty,clones
monster,sci-fi,xenomorph,clones
monster,science,frankenstein,clones
monster,shrine,veined castle,clones
monster,sidekick,igor,clones
monster,sleep,snoring monster,clones
monster,snake,medusa,clones
monster,space,xenomorph,clones
monster,speed,wraith,clones
monster,spirit,wraith,clones
monster,strength,troll,clones
monster,sun,amaterasu,clones
monster,superhero,demonite,clones
monster,swamp,loch ness monster,infinite-craft
monster,sweets,cookie beast,clones
monster,sword,monster slayer,clones
monster,the chosen one,monster collector,clones
monster,tree,killer plant,clones
monster,turkey day,turkeyzilla,clones
monster,turtle,primeval turtle,clones
monster,undead,mummy,clones
monster,underground,tarrasque,clones
monster,underwater,charybdis,clones
monster,vehicle,monster truck,clones
monster,void,void horror,clones
monster,war,commander of sin,clones
monster,water,sea monster,infinite-craft
monster,water,yeti,clones
monster,water serpent,lochness monster,clones
monster,wealth,greed,clones
monster,weapon,monster slayer,clones
monster,werewolf,insanity wolf,clones
monster,wind,wraith,clones
monster,wings,ziz,clones
monster,wintertide,krampus,clones
monster,wizarding school,wraith,clones
monster,wolf,werewolf,clones
moon,mud,cheese,infinite-craft
moon,multiples,moon jellyfish,clones
moon,music,night children,clones
moon,myth,moon goddess,clones
moon,ocean,tide,little-alchemy
moon,parasite,bed bug,clones
moon,pilot,astronaut,clones
moon,pirate,vampirate,clones
moon,plant,nightshade,clones
moon,pocket pet,bone chin,clones
moon,poison,nightshade,clones
moon,precious ring lore,celestial trees,clones
moon,psychic,lunara,clones
moon,radiation,moonflare,clones
moon,relic,celestial trees,clones
moon,robot,moon buggy,clones
moon,rodent,ninchilla,clones
moon,royal game,ice zombie king,clones
moon,royalty,moon heroine,clones
moon,sci-fi,death ray,clones
moon,science,moon buggy,clones
moon,sea,tide,little-alchemy
moon,shrine,veined castle,clones
moon,sidekick,meteor,clones
moon,sky,night,little-alchemy
moon,sleep,bogeyman,clones
moon,space,white dwarf,clones
moon,speed,surfer dude,clones
moon,spirit,bogeyman,clones
moon,star,space,little-alchemy
moon,strength,great wereape,clones
moon,sun,blood moon,clones
moon,sun,eclipse,clones;little-alchemy
moon,sun,sky,little-alchemy
moon,superhero,moon heroine,clones
moon,sweets,lunar pie,clones
moon,sword,space guardian,clones
moon,the chosen one,moon heroine,clones
moon,time,high tide,clones
moon,time,night,little-alchemy
moon,toy,space shoes,clones
moon,tree,spooky tree,clones
moon,trident,high tide,clones
moon,turkey day,lunar pie,clones
moon,undead,space zombie,clones
moon,underground,moon golem,clones
moon,underwater,moon jellyfish,clones
moon,vampire,blood moon,clones
moon,vehicle,moon buggy,clones
moon,villain,bogeyman,clones
moon,water,high tide,clones
moon,water serpent,moon jellyfish,clones
moon,weapon,moonflare,clones
moon,werewolf,night children,clones
moon,werewolf,wolf,clones
moon,werewolf,wolf (zed's alchemy),clones
moon,wild animal,wolf,little-alchemy
moon,wind,paradox,clones
moon,wings,night dragon,clones
moon,wintertide,fairy light festival,clones
moon,wizard,lunar priest,clones
moon,wizarding school,professor werewolf,clones
moon,wolf,werewolf,clones;infinite-craft
mop,tooth,toothbrush,clones
morse code,ship,sos,clones
mosquito,mouse,grasshopper,clones
mosquito,sparrow,hummingbird,clones
moss,swamp,fern,clones
moth,moth,egg,little-alchemy
motion,ocean,current,little-alchemy
motion,pond,stream,little-alchemy
motion,puddle,rivulet,little-alchemy
motion,sand,sandstorm,little-alchemy
motion,scythe,lawn mower,little-alchemy
motion,sea,current,little-alchemy
motion,steel,wheel,little-alchemy
motion,stone,wheel,little-alchemy
motion,storm,tornado,little-alchemy
motion,tool,wheel,little-alchemy
motion,wind,tornado,little-alchemy
motion,wind turbine,electricity,little-alchemy
motorcycle,motorcycle,car,little-alchemy
motorcycle,ski jump,extreme,clones
motorcycle,snow,snowmobile,little-alchemy
motorcycle,wall,garage,little-alchemy
motorcycle,wheel,car,little-alchemy
mountain,mountain,mountain range,infinite-craft;little-alchemy
mountain,olympiad,zeus,clones
mountain,organic matter,mineral,little-alchemy
mountain,paper,map,little-alchemy
mountain,pressure,stone,clones
mountain,pressure,stone (alchemy 1000),clones
mountain,pressure,volcano,little-alchemy
mountain,rain,river,little-alchemy
mountain,rain,snow,little-alchemy
mountain,river,waterfall,little-alchemy
mountain,rope,cable car,little-alchemy
mountain,seaweed,sushi,infinite-craft
mountain,sheep,alpaca,little-alchemy
mountain,small,hill,little-alchemy
mountain,snow,glacier,little-alchemy
mountain,sound,avalanche,little-alchemy
mountain,sport,alpinist,clones
mountain,steam,geyser,little-alchemy
mountain,story,yeti,little-alchemy
mountain,sun,sunset,clones
mountain,surfer,snowboard,little-alchemy
mountain,tools,pick,clones
mountain,train,roller coaster,little-alchemy
mountain,train,tunnel,little-alchemy
mountain,tree,forest,infinite-craft
mountain,tunnel,cave,clones
mountain,water,river,clones;little-alchemy
mountain,wave,avalanche,little-alchemy
mountain,wind,avalanche,infinite-craft
mountain,wire,cable car,little-alchemy
mountain,zeus,olympus,infinite-craft
mountain goat,scissors,cashmere,little-alchemy
mountain goat,sheep,alpaca,little-alchemy
mountain goat,thread,cashmere,little-alchemy
mountain goat,tool,cashmere,little-alchemy
mountain goat,wizard,faun,little-alchemy
mountain goat,wool,cashmere,little-alchemy
mountain range,mountain range,continent,little-alchemy
mountain range,paper,map,little-alchemy
mountain range,rain,snow,little-alchemy
mountain range,river,waterfall,little-alchemy
mountain range,rope,cable car,little-alchemy
mountain range,sheep,alpaca,little-alchemy
mountain range,snow,glacier,little-alchemy
mountain range,story,yeti,little-alchemy
mountain range,surfer,snowboard,little-alchemy
mountain range,train,tunnel,little-alchemy
mountain range,wave,avalanche,little-alchemy
mountain range,wire,cable car,little-alchemy
mouse,mouse,cat,clones
mouse,mouse,rat,clones
mouse,needle,hedgehog,little-alchemy
mouse,nuts,squirrel,little-alchemy
mouse,pirate ship,rat,little-alchemy
mouse,plant,squirrel,little-alchemy
mouse,rat,hamster,clones
mouse,sailboat,rat,little-alchemy
mouse,sky,bat,little-alchemy
mouse,skyscraper,rat,little-alchemy
mouse,squirrel,chinchilla,clones
mouse,tale,jerry,clones
mouse,tree,squirrel,little-alchemy
mouse,village,rat,little-alchemy
mouse,wheel,hamster,little-alchemy
mouse,worm,ant,clones
movie,multiverse,everything everywhere all at once,infinite-craft
movie,music,musical,infinite-craft
movie,netflix,chill,infinite-craft
movie,universe,marvel,infinite-craft
ms-dos,software,windows,clones
mud,mud,clay,infinite-craft
mud,mushroom,mold,clones
mud,music,blues,infinite-craft
mud,plant,swamp,little-alchemy
mud,rainbow,pig,infinite-craft
mud,rainforest,chocolate,infinite-craft
mud,reed,swamp,little-alchemy
mud,sand,clay,little-alchemy
mud,seed,flower,clones
mud,stone,clay,little-alchemy
mud,sun,brick,little-alchemy
mud,swamp,quagmire,infinite-craft
mud,sword,excalibur,infinite-craft
mud,tree,swamp,little-alchemy
mud,venus,adam,infinite-craft
multiples,music,night children,clones
multiples,mutation,hero league,clones
multiples,myth,scylla,clones
multiples,parasite,bed bug,clones
multiples,pirate,demon puncher,clones
multiples,plant,plant clones,clones
multiples,pocket pet,psychic clone,clones
multiples,poison,black widow,clones
multiples,precious ring lore,wraith,clones
multiples,prehistoric,dino hybrid,clones
multiples,psychic,illusionist,clones
multiples,radiation,mutated fish,clones
multiples,rainbow,double rainbow,clones
multiples,relic,worship stones,clones
multiples,reptile,medusa,clones
multiples,robot,droid commander,clones
multiples,rodent,genius and insane,clones
multiples,royal game,many faced man,clones
multiples,royalty,asteroid prince,clones
multiples,sci-fi,droid commander,clones
multiples,science,hydrabot,clones
multiples,shrine,three fates,clones
multiples,sidekick,villain groupies,clones
multiples,sleep,multi dream,clones
multiples,snake,medusa,clones
multiples,space,multiverse,clones
multiples,speed,sleipnir,clones
multiples,spirit,spirit wolf,clones
multiples,strength,fighting champion,clones
multiples,sun,doomsday omen,clones
multiples,superhero,hero league,clones
multiples,sweets,cavities,clones
multiples,sword,droid commander,clones
multiples,the chosen one,hacker hero,clones
multiples,time,multiverse,clones
multiples,trident,angry mob,clones
multiples,turkey day,harvest,clones
multiples,turtle,turtle warrior,clones
multiples,undead,zombie outbreak,clones
multiples,underground,turtle warrior,clones
multiples,underwater,hydra,clones
multiples,vampire,vampire coven,clones
multiples,vehicle,catron,clones
multiples,villain,villain groupies,clones
multiples,void,shoggoth,clones
multiples,war,terracotta army,clones
multiples,water,octopus,clones
multiples,water serpent,hydra,clones
multiples,weapon,gunslinger,clones
multiples,werewolf,wolfpack,clones
multiples,wings,seraphim,clones
multiples,wintertide,gifted birds,clones
multiples,wizard,illusionist,clones
multiples,wizarding school,dark soul vessels,clones
multiples,wolf,wolfpack,clones
multiverse,time travel,paradox,infinite-craft
mummy,tomb,curse,infinite-craft
murder,religion,sacrifice,clones
mushroom,poison,amanita,clones
mushroom,seeds,spore,clones
mushroom,tool,poison,clones
mushroom,tools,poison,clones
mushrooms,pigs,truffles,clones
music,music,stereo,clones
music,myth,siren,clones
music,newspaper,radio,infinite-craft
music,ocean,whale,infinite-craft
music,oil,vinyl,infinite-craft
music,paper,sheet music,little-alchemy
music,party,dance,infinite-craft
music,pirate,the fortune's cookie,clones
music,plant,singing raisins,clones
music,pocket pet,hypnotic singer,clones
music,precious ring lore,war drummer,clones
music,prehistoric,friendly dino,clones
music,psychic,pan,clones
music,radiation,bone xylophone,clones
music,radio,song,infinite-craft
music,radiowave,fm radio,clones
music,rainbow,court jester,clones
music,relic,red violin,clones
music,reptile,snake charmer,clones
music,rodent,mozart chin,clones
music,royal game,tale of hot & cold,clones
music,royalty,the musical symbol,clones
music,sex,rock-n-roll,clones
music,sidekick,musical workers,clones
music,sleep,hypnotic singer,clones
music,snake,snake charmer,clones
music,speed,death metal,clones
music,spirit,opera ghost,clones
music,spirit,rock-n-roll,clones
music,star,rockstar,infinite-craft
music,strength,war drummer,clones
music,sun,singing raisins,clones
music,superhero,gem,clones
music,swamp,jazz,infinite-craft
music,sweets,pb & jelly time,clones
music,the chosen one,time adventurers,clones
music,time,hammer time,clones
music,toy,cymbal monkey,clones
music,tree,cursed flute,clones
music,tree,piano,infinite-craft
music,trident,bastion,clones
music,turkey day,singing raisins,clones
music,turtle,turtle drummer,clones
music,undead,thrilling zombie,clones
music,underground,orpheus,clones
music,underwater,bastion,clones
music,universe,harmony,infinite-craft
music,vampire,vampire queen,clones
music,vinyl,record player,infinite-craft
music,violin,melody,clones
music,vodka,rock-n-roll,clones
music,void,pied piper,clones
music,war,war drummer,clones
music,water,conch shell of doom,clones
music,water serpent,siren,clones
music,wave,sound,infinite-craft
music,wealth,golden harp,clones
music,weapon,cursed flute,clones
music,wedding,band,infinite-craft
music,werewolf,night children,clones
music,wind,cursed flute,clones
music,wind,flute,infinite-craft
music,wings,siren,clones
music,wintertide,cute carolers,clones
music,wire,harp,little-alchemy
music,wizard,pied piper,clones
music,wolf,night children,clones
music,wood,drum,little-alchemy
music,wood,guitar,clones
musical instruments,tube + tube,organ,clones
musician,pan flute,music,little-alchemy
musician,sheet music,music,little-alchemy
mutation,mutation,hero league,clones
mutation,myth,firebird force,clones
mutation,parasite,siphoning belle,clones
mutation,pirate,demon puncher,clones
mutation,plant,poison oak,clones
mutation,pocket pet,psychic clone,clones
mutation,poison,radioactive avenger,clones
mutation,precious ring lore,goblin hybrid,clones
mutation,prehistoric,dino hybrid,clones
mutation,psychic,firebird force,clones
mutation,radiation,mutant man,clones
mutation,reptile,turtle warrior,clones
mutation,robot,mutant destroyer,clones
mutation,rodent,sensei rat,clones
mutation,royal game,stonescale,clones
mutation,royalty,frog prince,clones
mutation,sci-fi,cyborg alien mutant,clones
mutation,science,dr. savage,clones
mutation,shrine,evomon,clones
mutation,sidekick,shifting mutant,clones
mutation,space,titan of death,clones
mutation,speed,the dash,clones
mutation,spirit,shade kitten,clones
mutation,strength,steamroller,clones
mutation,sun,optic mutant,clones
mutation,superhero,hero league,clones
mutation,sweets,candy princess,clones
mutation,sword,psychic assassin,clones
mutation,the chosen one,swarm queen,clones
mutation,tree,poison oak,clones
mutation,trident,mutated rhino,clones
mutation,turkey day,turkeyzilla,clones
mutation,turtle,turtle warrior,clones
mutation,undead,zombie outbreak,clones
mutation,underground,sewer mutants,clones
mutation,underwater,mutated fish,clones
mutation,vehicle,cyborg alien mutant,clones
mutation,villain,magnet dude,clones
mutation,void,teleporting acrobat,clones
mutation,war,mutant destroyer,clones
mutation,water,ice dude,clones
mutation,wealth,diamond queen,clones
mutation,weapon,mutant destroyer,clones
mutation,werewolf,dr. savage,clones
mutation,wind,tempest,clones
mutation,wings,angelic mutant,clones
mutation,wintertide,chudolph the braindeer,clones
mutation,wizard,crimson witch,clones
mutation,wizarding school,transmutation,clones
mutation,wolf,dr. savage,clones
myth,parasite,dracula,clones
myth,pirate,off the map,clones
myth,plant,hesperide's tree,clones
myth,pocket pet,time fairy,clones
myth,poison,arachne,clones
myth,precious ring lore,precious ring,clones
myth,prehistoric,nephilim,clones
myth,psychic,time fairy,clones
myth,rainbow,leprechaun,clones
myth,relic,pandora's box,clones
myth,reptile,medusa,clones
myth,rodent,ratatoskr,clones
myth,royal game,wight,clones
myth,royalty,zeus,clones
myth,shrine,three fates,clones
myth,sidekick,pegasus,clones
myth,sleep,the awakener,clones
myth,snake,medusa,clones
myth,space,alien,clones
myth,speed,hermes,clones
myth,spirit,hades,clones
myth,strength,hercules,clones
myth,sun,apollo,clones
myth,superhero,hercules,clones
myth,sweets,candy nation,clones
myth,sword,excalibur,clones
myth,the chosen one,king arthur,clones
myth,time,fountain of youth,clones
myth,toy,santa claus,clones
myth,tree,hesperide's tree,clones
myth,trident,poseidon,clones
myth,turtle,world turtle,clones
myth,undead,headless rider,clones
myth,underground,hades,clones
myth,underwater,atlantis,clones
myth,vampire,dracula,clones
myth,villain,war god,clones
myth,void,pandora's box,clones
myth,war,ares,clones
myth,water,poseidon,clones
myth,water serpent,kraken,clones
myth,wealth,hesperide's tree,clones
myth,weapon,excalibur,clones
myth,werewolf,cerberus,clones
myth,wind,harpy,clones
myth,wings,pegasus,clones
myth,wintertide,krampus,clones
myth,wizard,merlin,clones
myth,wizarding school,death's gift,clones
myth,wolf,cerberus,clones
nails,stick,rake,clones
nails,timber,table,clones
natural gas,tubing,gas pipeline,clones
needle,pencil,scribe-compass,clones
needle,rat,hedgehog,little-alchemy
needle,robot,sewing machine,little-alchemy
needle,rodent,porcupines,clones
needle,sound,gramophone,clones
needle,timber,darts,clones
needle,tool,syringe,little-alchemy
needle,tree,spruce,clones
needle,trees,conifers,clones
needle and thread,skin,canvas,clones
nerd,sugar,nerds,little-alchemy
nerd,tool,computer,little-alchemy
nerd,wire,computer,little-alchemy
net,old man,goldfish,clones
net,piranha,meat,little-alchemy
net,shark,meat,little-alchemy
net,spider,web,clones;little-alchemy
net,swordfish,meat,little-alchemy
new york city,superhero,spiderman,infinite-craft
newspaper,newspaper,book,little-alchemy
newspaper,vegetable,recipe,little-alchemy
night,planet,moon,little-alchemy
night,plant,carbon dioxide,little-alchemy
night,pumpkin,jack-o-lantern,little-alchemy
night,sky,darkness,little-alchemy
night,sky,star,little-alchemy
night,solar system,space,little-alchemy
night,space,star,little-alchemy
night,stone,moon,little-alchemy
night,story,ghost,little-alchemy
night,sun,day,little-alchemy
night,telescope,star,little-alchemy
night,time,dawn,little-alchemy
night,time,day,little-alchemy
night,tree,carbon dioxide,little-alchemy
night,vegetable,jack-o-lantern,little-alchemy
nile,sand,swamp,clones
ninja,samurai,ronin,infinite-craft
ninja,sword,katana,little-alchemy
ninja,turtle,ninja turtle,little-alchemy
nitric acid,sodium hydroxide,fertilizer,clones
no2,water,hno3,clones
no2,water,hydrogen,clones
nonruminants,nuts,wild boars,clones
nonruminants,water,hippopotamus,clones
notebook,paint,blot,clones
nuclear boiler,steam turbine,nuclear power station,clones
nuclear boiler,submarine,atomic submarine,clones
nuts,palm,coconut,little-alchemy
nuts,palms,coconut,clones
nuts,pressure,peanut butter,little-alchemy
obsidian,stone,blade,infinite-craft
ocean,ocean,pressure,little-alchemy
ocean,paper,map,little-alchemy
ocean,pigeon,seagull,little-alchemy
ocean,planet,primordial soup,little-alchemy
ocean,plant,algae,little-alchemy
ocean,plant,seaweed,little-alchemy
ocean,rat,seagull,little-alchemy
ocean,river,sea,infinite-craft
ocean,sand,beach,little-alchemy
ocean,science,current,little-alchemy
ocean,scuba tank,diver,little-alchemy
ocean,sickness,seasickness,little-alchemy
ocean,sky,horizon,little-alchemy
ocean,small,sea,little-alchemy
ocean,spotlight,lighthouse,little-alchemy
ocean,star,starfish,little-alchemy
ocean,steam engine,steamboat,little-alchemy
ocean,stone,island,infinite-craft
ocean,storm,hurricane,little-alchemy
ocean,storm,wave,little-alchemy
ocean,sun,salt,little-alchemy
ocean,sunglasses,swim goggles,little-alchemy
ocean,time,tide,little-alchemy
ocean,tornado,hurricane,little-alchemy
ocean,tree,coral,little-alchemy
ocean,unicorn,narwhal,little-alchemy
ocean,volcano,island,little-alchemy
ocean,volcano,isle,little-alchemy
ocean,wild animal,shark,little-alchemy
ocean,wind,wave,little-alchemy
ocean,wolf,shark,little-alchemy
ocean,wood,boat,little-alchemy
ogre,troll,goblin,infinite-craft
oil,oil refinery,benzine,clones
oil,potato,french fries,little-alchemy
oil,pressure,petrol,clones
oil,sugar,chocolate,little-alchemy
oil,toast,butter,infinite-craft
oil,tubing,oil pipeline,clones
oil,vegetable,french fries,little-alchemy
oil,wax,soap,little-alchemy
oil field,pump,jack pump,clones
old man,space,yoda,clones
old man,stick,walking cane,clones
olympiad,russia,sochi,clones
orange,pressure,juice,clones
orchard,wind,leaf,little-alchemy
order,personal computer,usb,clones
order,vodka,abstention,clones
order,war,army,clones
order,work,assembly line,clones
order/priest,sex,chastity,clones
ore,tool,metal,little-alchemy
organic matter,pressure,coal,little-alchemy
organic matter,rock,mineral,little-alchemy
organic matter,stone,mineral,little-alchemy
ostrich,ostrich,egg,little-alchemy
owl,owl,egg,little-alchemy
owl,palm,toucan,little-alchemy
owl,paper,origami,little-alchemy
owl,pegasus,harry potter,infinite-craft
owl,pond,duck,little-alchemy
owl,scarecrow,crow,little-alchemy
owl,smoke,wisdom,infinite-craft
owl,steam engine,airplane,little-alchemy
owl,steel,airplane,little-alchemy
owl,water,duck,little-alchemy
oxygen,oxygen,ozone,little-alchemy
oxygen,philosophy,small,little-alchemy
oxygen,rock,metal,infinite-craft
oxygen,steel,rust,little-alchemy
oxygen,sulfur,sulfur dioxide,clones
oxygen,sulfur dioxide,sulfur trioxide,clones
oxygen,water,liquid oxygen,clones
oxygen,wine,vinegar,little-alchemy
oxygen container,water,scuba,clones
ozone,philosophy,small,little-alchemy
paint,paper,newspaper,clones
paint,pencil,crayon,little-alchemy
paint,pencil,pen,clones
paint,plant,watermelon,clones
paint,sugar,sprinkles,little-alchemy
paint,wall,graffiti,clones
paint,water,ink,clones
paint,wax,crayon,little-alchemy
paint,woman,lipstick,clones
paladin,wizard,party,clones
palm,pigeon,toucan,little-alchemy
palm,seagull,toucan,little-alchemy
palm,sun,banana,clones
palm,vegetable,coconut,little-alchemy
palm,wind,coconut,clones
palms,rain,tropics,clones
panda,plant,bamboo,clones
panther,zebra,tiger,clones
pants,scissors,shorts,clones
panzer,soldier,trooper,clones
panzer,ussr,t-34,clones
paper,paper,book,infinite-craft
paper,paper,newspaper,little-alchemy
paper,pen,letter,clones
paper,pencil,drawing,infinite-craft
paper,pencil,letter,little-alchemy
paper,penguin,origami,little-alchemy
paper,phone,fax machine,clones
paper,photo,photocopier,clones
paper,pigeon,origami,little-alchemy
paper,river,map,little-alchemy
paper,sand,sandpaper,little-alchemy
paper,santa,wrapping paper,little-alchemy
paper,school,notebook,clones
paper,scissors,box,clones
paper,scissors,confetti,little-alchemy
paper,sea,map,little-alchemy
paper,seagull,origami,little-alchemy
paper,sky,kite,little-alchemy
paper,sound,note,clones
paper,sound,paper,clones
paper,stamp,documents,clones
paper,story,book,little-alchemy
paper,story,newspaper,little-alchemy
paper,sugar,candy,clones
paper,sword,scissors,little-alchemy
paper,theater,poster,clones
paper,time,calendar,clones
paper,tobacco,cigarette,clones;little-alchemy
paper,tobacco,cigarettes,clones
paper,tool,scissors,clones
paper,vegetable,recipe,little-alchemy
paper,village,map,little-alchemy
paper,vulture,origami,little-alchemy
paper,wall,wallpaper,clones
paper,water,liquid paper,clones
paper,weeds,censored,clones
paper,wind,kite,little-alchemy
paper,wood,book,little-alchemy
paper,zombie,mummy,clones
paper airplane,robot,drone,little-alchemy
paper cup,thread,string phone,little-alchemy
paper cup,wire,string phone,little-alchemy
parasite,pirate,vampirate,clones
parasite,plant,plant clones,clones
parasite,pocket pet,sonic bat,clones
parasite,poison,wasp,clones
parasite,precious ring lore,precious ring,clones
parasite,prehistoric,mosquito,clones
parasite,radiation,parasitic bioweapon,clones
parasite,robot,human battery,clones
parasite,rodent,black death,clones
parasite,royalty,fungi king,clones
parasite,sci-fi,space zombie,clones
parasite,science,human battery,clones
parasite,shrine,shrinemasons,clones
parasite,sidekick,arm parasite,clones
parasite,sleep,bed bug,clones
parasite,snake,leech,clones
parasite,space,space zombie,clones
parasite,speed,crying angel,clones
parasite,spirit,wraith,clones
parasite,strength,arm parasite,clones
parasite,sun,sparkling vampire,clones
parasite,superhero,parasite hunter,clones
parasite,sweets,cavities,clones
parasite,sword,arm parasite,clones
parasite,the chosen one,parasite hunter,clones
parasite,time,moocher,clones
parasite,tree,mistletoe,clones
parasite,trident,cavities,clones
parasite,turkey day,moocher,clones
parasite,undead,zombie fungus,clones
parasite,underwater,tongue parasite,clones
parasite,vehicle,mosquito,clones
parasite,villain,evil symbiote,clones
parasite,void,soul stealer,clones
parasite,water,tongue parasite,clones
parasite,water serpent,xenomorph,clones
parasite,wealth,moocher,clones
parasite,weapon,parasitic bioweapon,clones
parasite,werewolf,werevamp,clones
parasite,wind,wraith,clones
parasite,wings,cuckoo,clones
parasite,wintertide,ice explorers,clones
parasite,wizard,youthful sorceress,clones
parasite,wizarding school,wraith,clones
parasite,wolf,werevamp,clones
park,penguin,zoo,infinite-craft
park,river,embankment,clones
park,train,roller coaster,little-alchemy
park,wagon,roller coaster,little-alchemy
park,wheel,ferris wheel,clones
parrot,parrot,egg,little-alchemy
pasta,rope,spaghetti,little-alchemy
pasta,thread,spaghetti,little-alchemy
pasta,wire,spaghetti,little-alchemy
peacock,peacock,egg,little-alchemy
peacock,rooster,ostrich,clones
peat,pressure,coal,little-alchemy
peat,rock,coal,little-alchemy
peat,stone,coal,little-alchemy
peat,time,coal,little-alchemy
pebble,pebble,rock,little-alchemy
pebble,philosophy,small,little-alchemy
pebble,small,sand,little-alchemy
pebble,wind,sand,little-alchemy
pencil,rainbow,crayon,little-alchemy
pencil,sword,pencil sharpener,little-alchemy
pencil,water,paint,little-alchemy
pencil,wizard,wand,little-alchemy
pencil,wood,ruler,little-alchemy
penguin,penguin,egg,little-alchemy
penicillin,sick,man,clones
penicillin,sick,man (zed's alchemy),clones
personal computer,software,ms-dos,clones
peter pan,tarzan,robin hood,infinite-craft
petrol,steam engine,engine,clones
petroleum,pressure,explosion,little-alchemy
petroleum,pressure,gasoline,clones
petroleum,steam engine,combustion engine,little-alchemy
petroleum,volcano,explosion,little-alchemy
petroleum,wheel,combustion engine,little-alchemy
pharaoh,stone,statue,clones
pharaoh,sun,ra,clones
philosoper’s stone,water,beer,clones
philosopher stone,water,beer (fender’s gift),clones
philosopher's stone,silver,gold,clones
philosophers stone,poison,water,clones
philosophers stone,vampire,human,clones
philosophers stone,vampire,human (doodle god),clones
philosophers stone,water,beer,clones
philosophers stone,werewolf,human,clones
philosophers stone,werewolf,human (doodle god),clones
philosophers stone,wood,tree,clones
philosophers stone,zombie,corpse,clones
philosophy,philosophy,idea,little-alchemy
philosophy,planet,big,little-alchemy
philosophy,pottery,container,little-alchemy
philosophy,river,motion,little-alchemy
philosophy,rivulet,small,little-alchemy
philosophy,safe,container,little-alchemy
philosophy,science,idea,little-alchemy
philosophy,scorpion,small,little-alchemy
philosophy,seahorse,small,little-alchemy
philosophy,skeleton,death,little-alchemy
philosophy,solar system,big,little-alchemy
philosophy,spider,small,little-alchemy
philosophy,stone,philosopher's stone,clones
philosophy,stream,motion,little-alchemy
philosophy,sun,big,little-alchemy
philosophy,tornado,motion,little-alchemy
philosophy,universe,big,little-alchemy
philosophy,wind,motion,little-alchemy
phoenix,phoenix,egg,little-alchemy
phone,radiowave,cellphone,clones
photo,tools,camera,clones
pick,tale,gnome,clones
pie,sex,censored,clones
pig,pirate,captain hook,infinite-craft
pig,pottery,piggy bank,little-alchemy
pig,rope,lasso,little-alchemy
pig,smoke,ham,little-alchemy
pig,sword,leather,little-alchemy
pig,sword,meat,little-alchemy
pig,tool,leather,little-alchemy
pig,tool,meat,little-alchemy
pig,wild animal,wild boar,little-alchemy
pigeon,pigeon,egg,little-alchemy
pigeon,pirate,parrot,little-alchemy
pigeon,pirate ship,parrot,little-alchemy
pigeon,pond,duck,little-alchemy
pigeon,rat,crow,clones
pigeon,scarecrow,crow,little-alchemy
pigeon,sea,seagull,little-alchemy
pigeon,seal,catfish,clones
pigeon,squirrel,flying squirrel,little-alchemy
pigeon,steel,airplane,little-alchemy
pigeon,unicorn,pegasus,clones
pigeon,water,duck,little-alchemy
pike,piranha,shark,clones
pillow,timber,bed,clones
pilot,pilot,idea,little-alchemy
pilot,robot,cyborg,little-alchemy
pilot,umbrella,parachute,little-alchemy
pipe,space,telescope,clones
pipe,water,water pipe,little-alchemy
piranha,piranha,egg,little-alchemy
piranha,thread,fishing rod,little-alchemy
piranha,tool,fishing rod,little-alchemy
piranha,wire,fishing rod,little-alchemy
piranha,wood,fishing rod,little-alchemy
pirate,plant,jack and beanstalk,clones
pirate,pocket pet,larcenous pets,clones
pirate,poison,dread pirate,clones
pirate,precious ring lore,precious ring bearer,clones
pirate,psychic,big mojo,clones
pirate,radiation,cyber corsair,clones
pirate,rainbow,giant anti-heroes,clones
pirate,relic,pirate booty,clones
pirate,reptile,larcenous pets,clones
pirate,robot,cyber corsair,clones
pirate,rodent,larcenous pets,clones
pirate,royal game,crazy pirate king,clones
pirate,royalty,nautilus 20k,clones
pirate,sailboat,pirate ship,little-alchemy
pirate,sci-fi,giant anti-heroes,clones
pirate,science,nautilus 20k,clones
pirate,sea serpent,kraken,infinite-craft
pirate,sidekick,larcenous pets,clones
pirate,snake,anaconda snack,clones
pirate,space,giant anti-heroes,clones
pirate,speed,demon puncher,clones
pirate,spirit,ghost pirate,clones
pirate,spirit,rum,clones
pirate,steam engine,pirate ship,little-alchemy
pirate,strength,demon puncher,clones
pirate,sun,talos,clones
pirate,sunflower,jack sparrow,infinite-craft
pirate,superhero,demon puncher,clones
pirate,sweets,the fortune's cookie,clones
pirate,sword,dread pirate,clones
pirate,the chosen one,demon puncher,clones
pirate,time,hungry crocodile,clones
pirate,toy,treasure hunters,clones
pirate,treasure,chest,infinite-craft
pirate,treasure map,treasure,little-alchemy
pirate,tree,feisty figurehead,clones
pirate,trident,the fortune's cookie,clones
pirate,turkey day,the fortune's cookie,clones
pirate,turtle,larcenous pets,clones
pirate,undead,vampirate,clones
pirate,underwater,nautilus 20k,clones
pirate,vampire,vampirate,clones
pirate,vehicle,nautilus 20k,clones
pirate,villain,dread pirate,clones
pirate,vodka,rum,clones
pirate,void,off the map,clones
pirate,war,barrage,clones
pirate,water,nautilus 20k,clones
pirate,water serpent,off the map,clones
pirate,wealth,greed,clones
pirate,weapon,barrage,clones
pirate,werewolf,hairy smuggler,clones
pirate,wind,off the map,clones
pirate,wings,air ship,clones
pirate,wintertide,pinch,clones
pirate,wizard,big mojo,clones
pirate,wizarding school,big mojo,clones
pirate,wolf,stockbroker wolf,clones
pirate ship,sailor,pirate,little-alchemy
pirate ship,space,spaceship,little-alchemy
pirate ship,steam engine,steamboat,little-alchemy
pirate ship,tool,rope,little-alchemy
pirate ship,treasure map,treasure,little-alchemy
pirate ship,wild animal,rat,little-alchemy
pit,soldier,trench,clones
pit,water,well,clones
pitcher,wizard,genie,clones
pitchfork,small,fork,little-alchemy
plane,plane,jet,infinite-craft
planet,planet,solar system,little-alchemy
planet,planet,star,infinite-craft
planet,ring,saturn,clones;little-alchemy
planet,rust,mars,little-alchemy
planet,sandbox,minecraft,infinite-craft
planet,sea,primordial soup,little-alchemy
planet,sex,venus,clones
planet,sky,moon,little-alchemy
planet,small,mercury,little-alchemy
planet,smog,venus,little-alchemy
planet,sphinx,egypt,infinite-craft
planet,star wars,death star,infinite-craft
planet,steam,steampunk,infinite-craft
planet,stone,moon,little-alchemy
planet,storm,jupiter,little-alchemy
planet,sun,solar system,little-alchemy
planet,volcano,venus,little-alchemy
planet,war,mars,clones
planet,woman,venus,clones
plankton,sand,starfish,clones
plankton,stone,corals,clones
plankton,stone,shell,clones
plankton,stone,shells,clones
plankton,swamp,molluscs,clones
plankton,water,jellyfish,clones
plant,plant,garden,little-alchemy
plant,plant,tree,infinite-craft
plant,pocket pet,plantasaur,clones
plant,poison,nightshade,clones
plant,pollen,seed,little-alchemy
plant,pond,reed,little-alchemy
plant,pottery,vase,little-alchemy
plant,precious ring lore,the brown druid,clones
plant,pressure,coal,little-alchemy
plant,psychic,koo koo nuts,clones
plant,puddle,reed,little-alchemy
plant,radiation,killer vegetables,clones
plant,rainbow,flower,little-alchemy
plant,relic,spooky tree,clones
plant,reptile,plant dragon,clones
plant,river,reed,little-alchemy
plant,rock,moss,little-alchemy
plant,royal game,forestfolk,clones
plant,salad,cabbage,clones
plant,sand,cactus,little-alchemy
plant,sci-fi,plant clones,clones
plant,science,killer vegetables,clones
plant,sea,algae,little-alchemy
plant,sea,seaweed,little-alchemy
plant,sheep,cotton,little-alchemy
plant,shrine,bonsai,clones
plant,sidekick,ali-ent,clones
plant,sleep,cursed apple,clones
plant,smoke,tobacco,little-alchemy
plant,snake,cursed apple,clones
plant,space,plant clones,clones
plant,spirit,spooky tree,clones
plant,stone,fossil,infinite-craft
plant,stone,moss,little-alchemy
plant,strength,swamp monster,clones
plant,sun,energy,little-alchemy
plant,sun,flower,clones
plant,sun,oxygen,little-alchemy
plant,sun,sunflower,clones;little-alchemy
plant,superhero,swamp monster,clones
plant,swamp,peat,little-alchemy
plant,swamp,reed,little-alchemy
plant,sword,plant fatale,clones
plant,thread,cotton,little-alchemy
plant,time,hay,clones
plant,time,the world tree,clones
plant,time,tree,little-alchemy
plant,tools,cloth,clones
plant,tools,cloth (alchemy 1000),clones
plant,toy,dress up spud,clones
plant,tree,forest,little-alchemy
plant,tree,the world tree,clones
plant,turkey day,harvest,clones
plant,turtle,world turtle,clones
plant,undead,zombie fungus,clones
plant,underground,persephone,clones
plant,underwater,cursed garden,clones
plant,vampire,nosferatu duck,clones
plant,vehicle,pumpkin carriage,clones
plant,villain,poison oak,clones
plant,void,nightshade,clones
plant,wall,hedge,little-alchemy
plant,wall,ivy,little-alchemy
plant,war,flower power,clones
plant,water,algae,little-alchemy
plant,water,ice lotus,clones
plant,water,seaweed,clones
plant,water serpent,plant dragon,clones
plant,wave,seaweed,infinite-craft
plant,wealth,hesperide's tree,clones
plant,weapon,plant fatale,clones
plant,wind,butterfly,clones
plant,wind,dandelion,infinite-craft
plant,wind,pollen,little-alchemy
plant,wings,plant dragon,clones
plant,wintertide,ice lotus,clones
plant,wizard,druid,clones
plant,wizarding school,mandrake,clones
plant,wood,tree,little-alchemy
plant,wool,cotton,little-alchemy
plasma,tv,plasma tv,clones
plasma,void,sun,clones
plasma,weapon,plasmagun,clones
platypus,snail,turtle,clones
plesiosaurs,viruses,infected animal,clones
plow,soil,field,little-alchemy
plume,woman,fan,clones
plutonium,plutonium/weapon,nuclear bomb,clones
plutonium,weapon,nuclear bomb,clones
pocket pet,pocket pet,monster collector,clones
pocket pet,poison,cobramon,clones
pocket pet,prehistoric,dinaggro,clones
pocket pet,psychic,koo koo nuts,clones
pocket pet,radiation,gorezilla,clones
pocket pet,rainbow,margarfree,clones
pocket pet,reptile,ember,clones
pocket pet,rodent,pikamon,clones
pocket pet,royal game,ember,clones
pocket pet,sci-fi,psychic clone,clones
pocket pet,science,professor pine,clones
pocket pet,shrine,evomon,clones
pocket pet,sidekick,pikamon,clones
pocket pet,sleep,snoring monster,clones
pocket pet,snake,cobramon,clones
pocket pet,space,psychic clone,clones
pocket pet,speed,pikamon,clones
pocket pet,spirit,specter,clones
pocket pet,strength,geode,clones
pocket pet,sun,emberzard,clones
pocket pet,superhero,monster collector,clones
pocket pet,sword,ninja doge,clones
pocket pet,the chosen one,monster collector,clones
pocket pet,time,time fairy,clones
pocket pet,tree,plantasaur,clones
pocket pet,trident,geode,clones
pocket pet,turtle,bubbles,clones
pocket pet,undead,specter,clones
pocket pet,underground,geode,clones
pocket pet,underwater,water dragon,clones
pocket pet,vampire,sonic bat,clones
pocket pet,villain,astro gang,clones
pocket pet,void,ninja doge,clones
pocket pet,war,astro gang,clones
pocket pet,water,bubbles,clones
pocket pet,water serpent,water dragon,clones
pocket pet,wealth,meowmon,clones
pocket pet,weapon,bone chin,clones
pocket pet,werewolf,ninja doge,clones
pocket pet,wind,frostwing,clones
pocket pet,wings,frostwing,clones
pocket pet,wintertide,frostwing,clones
pocket pet,wizard,magicod,clones
pocket pet,wolf,ninja doge,clones
point,weapon,spear,infinite-craft
poison,precious ring lore,wraith dagger,clones
poison,prehistoric,nightshade,clones
poison,psychic,delusional psychic,clones
poison,radiation,radiation sickness,clones
poison,relic,silver bullet,clones
poison,reptile,basilisk,clones
poison,robot,robo ninja,clones
poison,rodent,poisonous porcupine,clones
poison,royal game,dragon fire,clones
poison,royalty,evil queen,clones
poison,sci-fi,the ooze,clones
poison,shrine,sakura spirits,clones
poison,sidekick,specter,clones
poison,sleep,tranquilizer dart,clones
poison,smoke,cigarette,clones
poison,snake,cobra,clones
poison,space,the ooze,clones
poison,speed,black mamba,clones
poison,spirit,specter,clones
poison,strength,nightshade,clones
poison,sun,radiation,clones
poison,superhero,radioactive avenger,clones
poison,sweets,sugar demon,clones
poison,sword,poison dagger,clones
poison,the chosen one,specter,clones
poison,time,death,clones
poison,tree,killer plant,clones
poison,turkey day,fruit cake,clones
poison,turtle,hypnoturtle,clones
poison,underground,bomb shelter,clones
poison,underwater,blowfish,clones
poison,vampire,holy water,clones
poison,villain,poison oak,clones
poison,void,nightshade,clones
poison,war,gas mask soldier,clones
poison,water,blowfish,clones
poison,wealth,greed,clones
poison,weapon,poison dagger,clones
poison,weapon,poisoned weapon,clones
poison,wind,radiation,clones
poison,wings,wasp,clones
poison,wintertide,mistletoe,clones
poison,wizard,witch doctor,clones
poison,wizarding school,basilisk,clones
poison,woman,corpse,clones
pokemon,rain,pikachu,infinite-craft
pokemon,space,mewtwo,infinite-craft
pokemon,stone,eevee,infinite-craft
pokemon,water,squirtle,infinite-craft
politician,politician,democracy,clones
politician,pride,war,clones
pond,pond,lake,little-alchemy
pond,reed,swamp,little-alchemy
pond,small,puddle,little-alchemy
pond,water,lake,little-alchemy
pond,wild animal,frog,little-alchemy
pool,sport,swimming,clones
post office,skyscraper,city,little-alchemy
pot of gold,warrior,leprechaun,infinite-craft
pottery,rainbow,paint,little-alchemy
pottery,rose,vase,little-alchemy
pottery,steel,cauldron,little-alchemy
pottery,tree,bonsai tree,little-alchemy
pottery,vase,ceramic,infinite-craft
prayer,priest,healing,clones
precious ring lore,prehistoric,celestial trees,clones
precious ring lore,psychic,treacherous wizard,clones
precious ring lore,radiation,vial of stars,clones
precious ring lore,rainbow,treacherous wizard,clones
precious ring lore,relic,stinger,clones
precious ring lore,reptile,smug,clones
precious ring lore,robot,dr. eggdude,clones
precious ring lore,rodent,forest chinchillas,clones
precious ring lore,royal game,ancient dragon,clones
precious ring lore,royalty,the ranger,clones
precious ring lore,sci-fi,dr. eggdude,clones
precious ring lore,science,goblin hybrid,clones
precious ring lore,sidekick,lord of horses,clones
precious ring lore,sleep,fiery shadow demon,clones
precious ring lore,snake,ring lord,clones
precious ring lore,space,vial of stars,clones
precious ring lore,speed,lord of horses,clones
precious ring lore,spirit,ghost army,clones
precious ring lore,strength,shapeshifting chief,clones
precious ring lore,sun,celestial trees,clones
precious ring lore,superhero,arch mage,clones
precious ring lore,sweets,elven power elixir,clones
precious ring lore,sword,shattered sword,clones
precious ring lore,the chosen one,the ring courier,clones
precious ring lore,time,ancient dragon,clones
precious ring lore,toy,precious ring,clones
precious ring lore,tree,celestial trees,clones
precious ring lore,trident,wraith dagger,clones
precious ring lore,undead,ghost army,clones
precious ring lore,underground,goblin hybrid,clones
precious ring lore,underwater,tentacled beast,clones
precious ring lore,vampire,ring lord,clones
precious ring lore,vehicle,forest chinchillas,clones
precious ring lore,villain,ring lord,clones
precious ring lore,void,fiery shadow demon,clones
precious ring lore,war,goblin hybrid,clones
precious ring lore,water,vial of stars,clones
precious ring lore,water serpent,tentacled beast,clones
precious ring lore,wealth,smug,clones
precious ring lore,weapon,wraith dagger,clones
precious ring lore,werewolf,ring lord,clones
precious ring lore,wind,lord of horses,clones
precious ring lore,wings,eagle rider,clones
precious ring lore,wintertide,stone hearth,clones
precious ring lore,wizard,treacherous wizard,clones
precious ring lore,wizarding school,nerdy wizard,clones
precious ring lore,wolf,wolf battering ram,clones
prehistoric,psychic,dragon turtle,clones
prehistoric,radiation,gorezilla,clones
prehistoric,rainbow,friendly dino,clones
prehistoric,relic,fossil,clones
prehistoric,reptile,gorezilla,clones
prehistoric,robot,raptorbot,clones
prehistoric,rodent,saberchilla,clones
prehistoric,royal game,forestfolk,clones
prehistoric,sci-fi,dino park,clones
prehistoric,science,indiana ford,clones
prehistoric,shrine,ancient technology,clones
prehistoric,sidekick,dino companion,clones
prehistoric,snake,anaconda,clones
prehistoric,space,meteor,clones
prehistoric,speed,terror bird,clones
prehistoric,strength,megalodon,clones
prehistoric,sun,super nova,clones
prehistoric,superhero,arch angel,clones
prehistoric,sword,claws,clones
prehistoric,time,fossil,clones
prehistoric,toy,club,clones
prehistoric,tree,brontosaurus,clones
prehistoric,trident,triceratops,clones
prehistoric,turkey day,pterodactyl,clones
prehistoric,turtle,primeval turtle,clones
prehistoric,undead,zombiesaur,clones
prehistoric,underground,fossil,clones
prehistoric,underwater,megalodon,clones
prehistoric,vampire,mosquito,clones
prehistoric,vehicle,stonemobile,clones
prehistoric,villain,dino hybrid,clones
prehistoric,void,black hole,clones
prehistoric,water,megalodon,clones
prehistoric,water serpent,lochness monster,clones
prehistoric,weapon,club,clones
prehistoric,werewolf,dire wolf,clones
prehistoric,wind,pterodactyl,clones
prehistoric,wings,pterodactyl,clones
prehistoric,wintertide,ice age,clones
prehistoric,wizard,arch mage,clones
prehistoric,wizarding school,austrian spiketrail,clones
prehistoric,wolf,dire wolf,clones
pressure,rock,granite,little-alchemy
pressure,rope,ribbon,clones
pressure,sand,silicon,clones
pressure,silver,coin,clones
pressure,sky,atmosphere,little-alchemy
pressure,star,black hole,little-alchemy
pressure,steam,geyser,little-alchemy
pressure,steel,tools,clones
pressure,steel,tools (alchemy 1000),clones
pressure,stone,granite,little-alchemy
pressure,stone,powder,clones
pressure,sun,black hole,little-alchemy
pressure,sunflower,oil,little-alchemy
pressure,swamp,peat,clones;little-alchemy
pressure,tool,boiler,little-alchemy
pressure,tools,scales,clones
pressure,tree,paper,clones
pressure,vegetable,juice,little-alchemy
pressure,volcano,ash,clones
pressure,volcano,ash (zed's alchemy),clones
pressure,volcano,eruption,little-alchemy
pressure,volcano,explosion,little-alchemy
pressure,volcano,lava,clones
pressure,volcano,volcano,clones
pressure,water,ice,clones
pressure,wood,paper,clones;little-alchemy
pride,virtue,modesty,clones
priest,sex,chastity,clones
priest,warrior,paladin,clones
priest,weapon,mace,clones
priest,zombie,corpse,clones
primordial soup,storm,life,little-alchemy
primordial soup,time,life,little-alchemy
primordial soup,volcano,life,little-alchemy
princess,ruin,rapunzel,infinite-craft
prism,sun,rainbow,little-alchemy
psychic,psychic,psychic clone,clones
psychic,radiation,delusional psychic,clones
psychic,rainbow,mr. clown,clones
psychic,relic,ancient scrolls,clones
psychic,reptile,dragon turtle,clones
psychic,robot,magicianbot,clones
psychic,rodent,groundhog,clones
psychic,royal game,four eyed raven,clones
psychic,royalty,rebel space princess,clones
psychic,sci-fi,master y,clones
psychic,science,gunfu cleric,clones
psychic,shrine,three fates,clones
psychic,sidekick,dark space lord,clones
psychic,sleep,hypnotist,clones
psychic,snake,animal whisperer,clones
psychic,space,swarm queen,clones
psychic,speed,gunfu cleric,clones
psychic,spirit,ghost communicator,clones
psychic,strength,alpha dragon,clones
psychic,superhero,firebird force,clones
psychic,sword,lich blade,clones
psychic,the chosen one,dark space lord,clones
psychic,time,four eyed raven,clones
psychic,toy,fickle eight ball,clones
psychic,tree,koo koo nuts,clones
psychic,turtle,dragon turtle,clones
psychic,undead,vengeful spirit,clones
psychic,underground,groundhog,clones
psychic,underwater,siren,clones
psychic,vampire,lunara,clones
psychic,villain,insidious emperor,clones
psychic,void,specter,clones
psychic,war,swarm queen,clones
psychic,water,psychic elementalist,clones
psychic,water serpent,siren,clones
psychic,wealth,stockbroker wolf,clones
psychic,weapon,psychic assassin,clones
psychic,werewolf,stockbroker wolf,clones
psychic,wind,psychic elementalist,clones
psychic,wings,swarm queen,clones
psychic,wintertide,christmas spirits,clones
psychic,wizard,prophecy wizard,clones
psychic,wizarding school,prophecy wizard,clones
psychic,wolf,stockbroker wolf,clones
pterodactyl,pterodactyl,egg,little-alchemy
pterodactyl,pterodactyl,pteranodon,infinite-craft
pterodactyl,time,bird,little-alchemy
puddle,puddle,pond,little-alchemy
puddle,solid,ice,little-alchemy
puddle,water,pond,little-alchemy
pumpkin,sack,scarecrow,little-alchemy
pumpkin,skeleton,jack-o-lantern,little-alchemy
pumpkin,torch,jack-o-lantern,clones
pyramid,sphinx,egypt,infinite-craft
pyramid,statue,sphinx,little-alchemy
pyramid,ussr,lenin,clones
quicksilver,tool,thermometer,little-alchemy
r2-d2,robot,c-3po,clones
rabbit,rabbit,rabbit,little-alchemy
raccoon,squirrel,porcupine,clones
radar,radiowave + void or knowledge,radio telescope,clones
radar,rocket,air defense,clones
radiation,reptile,gorezilla,clones
radiation,robot,alphatron,clones
radiation,rodent,sensei rat,clones
radiation,royal game,dragon fire,clones
radiation,sci-fi,the ooze,clones
radiation,science,bomb,clones
radiation,shrine,bomb shelter,clones
radiation,snake,anaconda,clones
radiation,space,the ooze,clones
radiation,spirit,oozer,clones
radiation,strength,mutant man,clones
radiation,sun,sun burn,clones
radiation,superhero,mutant man,clones
radiation,sweets,fluff puff,clones
radiation,sword,the badger,clones
radiation,time,half-life,clones
radiation,toy,ez cake oven,clones
radiation,tree,killer plant,clones
radiation,turkey day,turkeyzilla,clones
radiation,turtle,primeval turtle,clones
radiation,underground,bomb shelter,clones
radiation,underwater,mutated fish,clones
radiation,vampire,parasitic bioweapon,clones
radiation,vehicle,monster truck,clones
radiation,villain,the ooze,clones
radiation,war,bomb shelter,clones
radiation,water serpent,kraken,clones
radiation,weapon,bomb,clones
radiation,wind,radiation sickness,clones
radiation,wintertide,ornamental pickle,clones
radiation,wolf,dire wolf,clones
radio,telephone,mobile phone,clones
radio,tv,media,clones
radio wave,radio wave,radiation,clones
radiowave,radiowave,radiation,clones
radiowave/knoweldge,satellite,gps,clones
raft,river,rafting,clones
raft,sail,sailing raft,clones
raft,sea,storm,clones
rain,rain,flood,little-alchemy
rain,river,flood,little-alchemy
rain,rock,cave,infinite-craft
rain,sickness,acid rain,little-alchemy
rain,smog,acid rain,little-alchemy
rain,smoke,acid rain,little-alchemy
rain,soil,plant,little-alchemy
rain,sun,rainbow,clones;little-alchemy
rain,time,flood,little-alchemy
rain,time,rainbow,clones
rain,tool,umbrella,little-alchemy
rain,wind,storm,infinite-craft;little-alchemy
rainbow,rainbow,double rainbow,clones
rainbow,rainbow,double rainbow!,little-alchemy
rainbow,reptile,chameleon,clones
rainbow,river,waterfall,clones
rainbow,robot,bionic unicorn,clones
rainbow,rodent,care chilla,clones
rainbow,royalty,pony princess,clones
rainbow,sci-fi,laser sword,clones
rainbow,science,laser,clones
rainbow,shrine,fireworks,clones
rainbow,sidekick,jester sidekick,clones
rainbow,sleep,clown toxin,clones
rainbow,snake,chameleon,little-alchemy
rainbow,space,pastry cat,clones
rainbow,speed,lightspeed,clones
rainbow,spirit,chomp dude spirits,clones
rainbow,steel,gold,little-alchemy
rainbow,strength,laser,clones
rainbow,sugar,skittles,little-alchemy
rainbow,sugar,sprinkles,little-alchemy
rainbow,sun,lightspeed,clones
rainbow,superhero,rainbow girl,clones
rainbow,sweets,rainbow candy,clones
rainbow,sword,laser sword,clones
rainbow,the chosen one,pony princess,clones
rainbow,tool,paint,little-alchemy
rainbow,toy,rainbow girl,clones
rainbow,treasure,pot of gold,infinite-craft
rainbow,turkey day,harvest,clones
rainbow,turtle,chameleon,little-alchemy
rainbow,turtle,cloud rider,clones
rainbow,underground,cave monkeys,clones
rainbow,underwater,mantis shrimp,clones
rainbow,vehicle,clown car,clones
rainbow,villain,clown,clones
rainbow,war,flower power,clones
rainbow,water,paint,little-alchemy
rainbow,water,sno-cone,clones
rainbow,wax,crayon,little-alchemy
rainbow,wealth,leprechaun,clones
rainbow,weapon,laser sword,clones
rainbow,wind,clown toxin,clones
rainbow,wings,butterfly,clones
rainbow,wintertide,fairy light festival,clones
rainbow,wizard,rainbow girl,clones
rainbow,wizarding school,unicorn blood,clones
rainforest,rope,vine,little-alchemy
rainforest,thread,vine,little-alchemy
rainforest,wire,vine,little-alchemy
rat,sea,seagull,little-alchemy
rat,wheel,hamster,little-alchemy
recipe,recipe,cookbook,little-alchemy
reed,scientist,beetroot,clones
reed,tool,paper,clones
reed,tools,paper,clones
reindeer,sugar,candy cane,little-alchemy
reindeer,wool,christmas stocking,little-alchemy
reindeers,sledge,holiday reindeers,clones
relic,reptile,ubaid lizardman,clones
relic,robot,omni igniter,clones
relic,robot,terminator,infinite-craft
relic,sci-fi,elemental stones,clones
relic,science,great wall,clones
relic,shrine,ancient technology,clones
relic,snake,ouroboros,clones
relic,space,omni igniter,clones
relic,speed,mask of mischief,clones
relic,spirit,ancient ark,clones
relic,strength,quadforce,clones
relic,sun,celestial trees,clones
relic,superhero,thor,clones
relic,sweets,sugar skull,clones
relic,sword,lich blade,clones
relic,the chosen one,horn of man,clones
relic,time,ancient scrolls,clones
relic,toy,ball companion,clones
relic,tree,hesperide's tree,clones
relic,trident,mind jewel,clones
relic,turkey day,plymouth rock,clones
relic,turtle,world turtle,clones
relic,undead,necrocomicon,clones
relic,underground,worship stones,clones
relic,underwater,conch shell of doom,clones
relic,vampire,vampire killer,clones
relic,vehicle,omni igniter,clones
relic,void,the magic dresser,clones
relic,war,the magic dresser,clones
relic,water,elemental stones,clones
relic,wealth,pirate booty,clones
relic,weapon,vampire killer,clones
relic,werewolf,silver bullet,clones
relic,wind,elemental stones,clones
relic,wings,da vinci flyer,clones
relic,wintertide,ice explorers,clones
relic,wizard,death's gift,clones
relic,wizarding school,death's gift,clones
relic,wolf,silver bullet,clones
religion,sin,heresy,clones
religion,wizard,priest,clones
repeat,repeat,loop,infinite-craft
reptile,reptile,dino park,clones
reptile,robot,general viper,clones
reptile,royal game,dragon mother,clones
reptile,royalty,turtle king,clones
reptile,sci-fi,dino park,clones
reptile,science,general viper,clones
reptile,shrine,shrinemasons,clones
reptile,sidekick,dino companion,clones
reptile,snake,serpent cultist,clones
reptile,space,alien reptile,clones
reptile,speed,black mamba,clones
reptile,spirit,spectral dragon,clones
reptile,strength,gorezilla,clones
reptile,sun,ember,clones
reptile,superhero,turtle warrior,clones
reptile,sweets,gummy worm,clones
reptile,sword,turtle warrior,clones
reptile,the chosen one,ember,clones
reptile,time,hungry crocodile,clones
reptile,toy,snakes in a can,clones
reptile,tree,chameleon,clones
reptile,trident,naga queen,clones
reptile,turkey day,turkeyzilla,clones
reptile,undead,zombiesaur,clones
reptile,underground,tarrasque,clones
reptile,underwater,turtle,clones
reptile,vampire,serpent cultist,clones
reptile,vehicle,lizard rider,clones
reptile,villain,alien reptile,clones
reptile,void,death adder shadow,clones
reptile,war,war turtle,clones
reptile,water,bubbles,clones
reptile,water serpent,naga queen,clones
reptile,wealth,smug,clones
reptile,weapon,turtle warrior,clones
reptile,wind,death adder shadow,clones
reptile,wings,snakes on a jet,clones
reptile,wintertide,cute carolers,clones
reptile,wizard,the snake lord,clones
reptile,wizarding school,basilisk,clones
reptiles,sand,dinosaurs,clones
reptiles,swamp,snakes,clones
reptiles,viruses,infected animal,clones
reptiles,water,crocodiles,clones
resin,straw,torch,clones
resin,straw,torch (alchemy classic),clones
resin,water,amber,clones
ribbon,war,saint george's ribbon,clones
ribbon,woman,bow,clones
ribbon,woman,bow (alchemy 1000),clones
riddle,word,crossword,clones
ring,sport,olympiad,clones
ring,volcano,the one ring,little-alchemy
riot,software,league of legends,infinite-craft
river,science,motion,little-alchemy
river,scythe,grim reaper,little-alchemy
river,small,stream,little-alchemy
river,steel,bridge,little-alchemy
river,sunglasses,swim goggles,little-alchemy
river,tool,wheel,little-alchemy
river,wall,dam,little-alchemy
river,willy wonka,chocolate,little-alchemy
river,wood,boat,little-alchemy
river,wood,bridge,little-alchemy
road,skin,shoes,clones
road,train,railroad,clones
road,treasures,maze,clones
road,water,bridge,clones
robot,rodent,bionic chinchilla,clones
robot,royalty,robot king,clones
robot,sailor,cyborg,little-alchemy
robot,sci-fi,transformobot,clones
robot,science,cyborg,clones
robot,seaplane,drone,little-alchemy
robot,shrine,ancient technology,clones
robot,sidekick,astro droid,clones
robot,snake,general viper,clones
robot,space,transformobot,clones
robot,speed,robo ninja,clones
robot,star wars,r2-d2,clones
robot,star wars,r2d2,clones
robot,strength,metal golem,clones
robot,sun,death ray,clones
robot,superhero,transformobot,clones
robot,swiss army knife,r2-d2,clones
robot,sword,robo ninja,clones
robot,telephone,android os,clones
robot,the chosen one,transformobot,clones
robot,thread,sewing machine,little-alchemy
robot,time,d-3000,clones
robot,toy,robotic toy,clones
robot,trident,robot devil,clones
robot,turkey day,robot turkey,clones
robot,turtle,snapping turtle,clones
robot,underground,golden construct,clones
robot,underwater,laser shark,clones
robot,vacuum cleaner,robot vacuum,little-alchemy
robot,vacuum cleaner,roomba,little-alchemy
robot,vehicle,transformobot,clones
robot,villain,alphatron,clones
robot,war,d-3000,clones
robot,water,hydrabot,clones
robot,water serpent,hydrabot,clones
robot,wealth,golden construct,clones
robot,weapon,jaeger,clones
robot,werewolf,k-9000,clones
robot,wings,robot turkey,clones
robot,wintertide,ornamental pickle,clones
robot,wizard,magicianbot,clones
robot,wolf,cyberwolf,clones
robot,yardman,wall-e,clones
robot/rocket,void,satellite,clones
rock,rock,boulder,little-alchemy
rock,roll,music,infinite-craft
rock,sand,sandstone,little-alchemy
rock,skeleton,fossil,little-alchemy
rock,small,pebble,little-alchemy
rock,snow,snowball,little-alchemy
rock,solar system,meteoroid,little-alchemy
rock,space,meteoroid,little-alchemy
rock,steel,blade,little-alchemy
rock,stone,boulder,little-alchemy
rock,sun,meteoroid,little-alchemy
rock,super mario,bowser,infinite-craft
rock,tool,hammer,little-alchemy
rock,vegetable,juice,little-alchemy
rock,wheat,flour,little-alchemy
rock,wind,sand,little-alchemy
rock,wood,tool,little-alchemy
rocket,void,satellite,clones
rocket,wall,hangar,little-alchemy
rocket,water,sea launch,clones
rocket,weapon,missile,clones
rodent,royalty,candy king chin,clones
rodent,sci-fi,chin trooper,clones
rodent,science,genius and insane,clones
rodent,shrine,evomon,clones
rodent,sidekick,rat chef,clones
rodent,space,chin trooper,clones
rodent,speed,swift the chin,clones
rodent,spirit,rat reaper,clones
rodent,stone,marmots,clones
rodent,strength,mouse hero,clones
rodent,sun,the mole king,clones
rodent,superhero,mouse hero,clones
rodent,sweets,candy king chin,clones
rodent,sword,ninchilla,clones
rodent,the chosen one,pikamon,clones
rodent,time,groundhog,clones
rodent,toy,stuffed plushie,clones
rodent,tree,beaver,clones
rodent,trees,squirrels,clones
rodent,trident,poisonous porcupine,clones
rodent,turkey day,pilgrim chin,clones
rodent,turtle,sensei rat,clones
rodent,undead,zombie chipmunk,clones
rodent,underground,groundhog,clones
rodent,underwater,chin cousteau,clones
rodent,vampire,vampchilla,clones
rodent,villain,genius and insane,clones
rodent,viruses,infected animal,clones
rodent,void,pied piper,clones
rodent,war,chinchilla knight,clones
rodent,water,beaver,clones
rodent,water serpent,beaver,clones
rodent,weapon,poisonous porcupine,clones
rodent,wind,flying squirrel,clones
rodent,wings,flying squirrel,clones
rodent,wintertide,chudolph the braindeer,clones
rodent,wizard,wiz's apprentice,clones
rodent,wizarding school,transmutation,clones
rodent,wood,beavers,clones
roe,salt,caviar,little-alchemy
roof,rooster,windvane,clones
rooster,sparrow,woodpecker,clones
rooster,turkey,goose,clones
rope,sea,net,clones
rope,sea,net (alchemy 1000),clones
rope,sheep,lasso,little-alchemy
rope,steel,chain,little-alchemy
rope,steel,wire,little-alchemy
rope,stick,bow,clones
rope,stick,bow (doodle god),clones
rope,stick,bow and fishing rod,clones
rope,swordfish,net,little-alchemy
rope,timber,seesaw,clones
rope,vegetable oil,wick,clones
rope,water,hose,clones
rope,wild boar,lasso,little-alchemy
rope,wood,bow,little-alchemy
rope,wood,raft,clones
rope,wood,raft (doodle god),clones
rope,wood,rope ladder,clones
rope ladder,wood,wooden ladder,clones
rose,steam,perfume,little-alchemy
rose,water,perfume,little-alchemy
royal game,royalty,northern king,clones
royal game,science,head scholar,clones
royal game,shrine,the deranged king,clones
royal game,sidekick,king killer,clones
royal game,sleep,ice zombie king,clones
royal game,snake,poisonous prince,clones
royal game,space,meteorite sword,clones
royal game,speed,poisonous prince,clones
royal game,strength,cranky knight,clones
royal game,sun,meteorite sword,clones
royal game,sword,meteorite sword,clones
royal game,the chosen one,northern king,clones
royal game,time,four eyed raven,clones
royal game,tree,forestfolk,clones
royal game,trident,ice zombie king,clones
royal game,turkey day,harvest,clones
royal game,undead,wight,clones
royal game,underground,dragon fire,clones
royal game,underwater,crazy pirate king,clones
royal game,vehicle,dragon mother,clones
royal game,villain,ice zombie king,clones
royal game,void,ice zombie king,clones
royal game,war,fat king,clones
royal game,water,lady revenant,clones
royal game,water serpent,crazy pirate king,clones
royal game,wealth,king killer,clones
royal game,weapon,meteorite sword,clones
royal game,werewolf,wolf battering ram,clones
royal game,wind,ice zombie king,clones
royal game,wings,dragon mother,clones
royal game,wintertide,horn of winter,clones
royal game,wizard,blue witch,clones
royal game,wizarding school,head scholar,clones
royal game,wolf,dire wolf,clones
royalty,royalty,outlandish royalty,clones
royalty,sci-fi,rebel space princess,clones
royalty,science,robot king,clones
royalty,shrine,majestic miko,clones
royalty,sleep,sleeping princess,clones
royalty,snake,poisonous prince,clones
royalty,space,rebel space princess,clones
royalty,strength,thor,clones
royalty,sun,rapunzel,clones
royalty,superhero,panther hero,clones
royalty,sweets,candy princess,clones
royalty,sword,excalibur,clones
royalty,the chosen one,swarm queen,clones
royalty,time,persian royalty,clones
royalty,toy,princess,clones
royalty,trident,mermaid king,clones
royalty,turkey day,turkey,clones
royalty,turtle,turtle king,clones
royalty,undead,the bone king,clones
royalty,underground,the mole king,clones
royalty,underwater,mermaid king,clones
royalty,vampire,vampire queen,clones
royalty,vehicle,pumpkin carriage,clones
royalty,villain,evil queen,clones
royalty,void,swarm queen,clones
royalty,war,the bone king,clones
royalty,water,mermaid king,clones
royalty,water serpent,dragon princess,clones
royalty,wealth,king midas,clones
royalty,weapon,sword prince,clones
royalty,werewolf,lycan king,clones
royalty,wind,wraith,clones
royalty,wings,queen bee,clones
royalty,wintertide,ice king,clones
royalty,wizard,ice king,clones
royalty,wizarding school,half-blood professor,clones
royalty,wolf,northern king,clones
rubber,tube,hose,clones
rubber,wheel,tire,infinite-craft
ruins,science,archeologist,little-alchemy
ruminants,trees,giraffes,clones
russia,war,ussr,clones
rust,rust,iron,infinite-craft
rv,wall,garage,little-alchemy
safe,skyscraper,bank,little-alchemy
safe,tool,toolbox,little-alchemy
safe,wheat,silo,little-alchemy
safe,word,code,clones
sail,wind,sailboat,infinite-craft
sailboat,sickness,seasickness,little-alchemy
sailboat,steam engine,steamboat,little-alchemy
sailboat,tool,rope,little-alchemy
sailboat,wild animal,rat,little-alchemy
sailing raft,sea,calm,clones
sailor,sailor,idea,little-alchemy
sailor,sword,pirate,little-alchemy
sailor,treasure map,treasure,little-alchemy
salad,stick,canapé,clones
salt,water,salt water,clones
saltpeter,sulfur,gunpowder,clones
saltpetre,sulfur,gun powder,clones
saltpetre,sulfur,gunpowder,clones
sand,sand,desert,clones;infinite-craft;little-alchemy
sand,sea,beach,little-alchemy
sand,shells,pearl,clones
sand,shrimps,crabs,clones
sand,spider,scorpion,little-alchemy
sand,spiders,scorpions,clones
sand,steel,gold,little-alchemy
sand,stone,sandstone,little-alchemy
sand,storm,sand storm,clones
sand,storm,sandstorm,little-alchemy
sand,sugar,fun dip,little-alchemy
sand,sun,beach,clones
sand,swamp,clay,clones
sand,swamp,clay (alchemy classic),clones
sand,swamp,clay (doodle god),clones
sand,swamp,clay (zed's alchemy),clones
sand,swamp,quicksand,little-alchemy
sand,time,hourglass,little-alchemy
sand,tornado,sandstorm,little-alchemy
sand,tree,cactus,little-alchemy
sand,tree,palm,clones;little-alchemy
sand,tree,palm tree,clones
sand,tree,palmtree,clones
sand,vulture,desert,little-alchemy
sand,water,beach,clones;infinite-craft;little-alchemy
sand,water,clay,clones
sand,water,clay (doodle god),clones
sand,wave,beach,little-alchemy
sand,wild animal,scorpion,little-alchemy
sand,wind,dune,little-alchemy
sand,wind,sand storm,clones
sand,worm,snake,clones
sand,worms,sandworms,clones
sandglass,sundial,time,clones
sandstorm,wind turbine,electricity,little-alchemy
santa,sugar,candy cane,little-alchemy
santa,wild animal,reindeer,little-alchemy
santa,wool,christmas stocking,little-alchemy
santa,wrapping paper,gift,little-alchemy
sap,sugar,maple syrup,little-alchemy
sauna,tree,broom,clones
sauna,water,pool,clones
sci-fi,sci-fi,sharkstorm,clones
sci-fi,science,dark matter,clones
sci-fi,shrine,ancient technology,clones
sci-fi,sidekick,hairy smuggler,clones
sci-fi,sleep,hacker hero,clones
sci-fi,snake,grabbers,clones
sci-fi,space,alien,clones
sci-fi,speed,hacker hero,clones
sci-fi,spirit,invisible dude,clones
sci-fi,strength,death ray,clones
sci-fi,sun,death ray,clones
sci-fi,superhero,hacker hero,clones
sci-fi,sweets,fluff puff,clones
sci-fi,sword,laser sword,clones
sci-fi,the chosen one,hacker hero,clones
sci-fi,time,time machine,clones
sci-fi,toy,robotic toy,clones
sci-fi,tree,killer plant,clones
sci-fi,trident,robot devil,clones
sci-fi,turkey day,robot turkey,clones
sci-fi,turtle,primeval turtle,clones
sci-fi,undead,space zombie,clones
sci-fi,underground,grabbers,clones
sci-fi,underwater,atlantis,clones
sci-fi,vampire,crying angel,clones
sci-fi,vehicle,time machine,clones
sci-fi,villain,dark space lord,clones
sci-fi,void,wormhole,clones
sci-fi,war,battle prodigy,clones
sci-fi,water,the ooze,clones
sci-fi,water serpent,xenomorph,clones
sci-fi,wealth,alien mob boss,clones
sci-fi,weapon,death ray,clones
sci-fi,werewolf,dr. savage,clones
sci-fi,wind,sharkstorm,clones
sci-fi,wings,space moth,clones
sci-fi,wintertide,ornamental pickle,clones
sci-fi,wizard,dr. what,clones
sci-fi,wolf,werewolf,clones
science,science,idea,little-alchemy
science,sea,current,little-alchemy
science,shrine,chemistry set,clones
science,sidekick,flux inventor,clones
science,sleep,cryosleep,clones
science,snake,general viper,clones
science,space,einstein,clones
science,speed,lightspeed,clones
science,spirit,ghost trapper,clones
science,star,plasma,little-alchemy
science,storm,electricity,little-alchemy
science,stream,motion,little-alchemy
science,strength,dr. savage,clones
science,sun,death ray,clones
science,sun,plasma,little-alchemy
science,superhero,lieutenant usa,clones
science,sweets,confectioner will,clones
science,sword,laser sword,clones
science,the chosen one,ultimate soldier,clones
science,time,d-3000,clones
science,tornado,motion,little-alchemy
science,toy,chemistry set,clones
science,trident,spork of doom,clones
science,turkey day,robot turkey,clones
science,turtle,racing tortoise,clones
science,undead,frankenstein,clones
science,underground,bomb shelter,clones
science,underwater,chin cousteau,clones
science,vampire,bloodlust,clones
science,vehicle,time machine,clones
science,villain,alphatron,clones
science,void,dark matter,clones
science,volcano,magma,little-alchemy
science,war,ultimate soldier,clones
science,water,chin cousteau,clones
science,water,liquid,little-alchemy
science,water serpent,hydrabot,clones
science,wealth,steel hero,clones
science,weapon,mind control device,clones
science,werewolf,dr. savage,clones
science,wind,motion,little-alchemy
science,wings,jet fighter,clones
science,wintertide,ornamental pickle,clones
science,wizard,dr. what,clones
science,wolf,dire wolf,clones
scientist,sick,doctor,clones
scientist,silicon,transistor,clones
scientist,sun,star,clones
scientist/wizard,sex,continence,clones
scissors,sheep,wool,little-alchemy
scissors,tree,bonsai tree,little-alchemy
scorpion,scorpion,egg,little-alchemy
scorpion,shrip,crab,clones
scorpion,spider,tarantula,clones
scorpion,tool,poison,clones
scorpion,tools,poison,clones
scorpion,water,lobster,clones
scuba tank,sea,diver,little-alchemy
scuba tank,swimmer,diver,little-alchemy
scythe,tool,lawn mower,little-alchemy
scythe,windmill,lawn mower,little-alchemy
scythe,zombie,grim reaper,little-alchemy
sea,sea,ocean,little-alchemy
sea,sickness,seasickness,little-alchemy
sea,sky,horizon,little-alchemy
sea,small,lake,little-alchemy
sea,spear,fish,clones
sea,spear,fish (doodle god),clones
sea,sport,yacht,clones
sea,spotlight,lighthouse,little-alchemy
sea,star,starfish,little-alchemy
sea,steam engine,steamboat,little-alchemy
sea,storm,hurricane,little-alchemy
sea,storm,wave,little-alchemy
sea,sun,life,clones
sea,sun,life (alchemy 1000),clones
sea,sun,salt,clones;little-alchemy
sea,sun,salt (doodle god),clones
sea,sunglasses,swim goggles,little-alchemy
sea,time,tide,little-alchemy
sea,tornado,hurricane,little-alchemy
sea,tourist,cruise,clones
sea,tree,coral,little-alchemy
sea,unicorn,narwhal,little-alchemy
sea,volcano,island,clones;little-alchemy
sea,volcano,isle,little-alchemy
sea,water,ocean,little-alchemy
sea,wild animal,shark,little-alchemy
sea,wind,wave,clones;little-alchemy
sea,wolf,shark,little-alchemy
sea,wood,boat,little-alchemy
sea cucumber,shrimp,lobster,clones
sea serpent,sea serpent,leviathan,infinite-craft
seagull,seagull,egg,little-alchemy
seagull,squirrel,flying squirrel,little-alchemy
seagull,steel,airplane,little-alchemy
seaplane,squirrel,flying squirrel,little-alchemy
seaplane,wall,hangar,little-alchemy
seaplane,wind turbine,helicopter,little-alchemy
seaplane,windmill,helicopter,little-alchemy
searchlight,tower,lighthouse,clones
seaweed,sushi,roll,infinite-craft
seed,soil,plant,little-alchemy
seed,sugar,beetroot,clones
seed,sugar,chocolate,little-alchemy
seed,water,flower,clones
seed,water,plant,little-alchemy
serial killer,vomit,chuck norris,infinite-craft
sex,sex,censored,clones
sex,sin,lust,clones
sex,vodka,censored,clones
sex,wizard/scientist,continence,clones
sex,woman,baby,clones
sex,woman,woman,clones
sex,woman,woman (zed's alchemy),clones
shark,sword,meat,little-alchemy
shark,sword,swordfish,clones;little-alchemy
shark,tool,meat,little-alchemy
shark,unicorn,narwhal,little-alchemy
shark,whale,megalodon,infinite-craft
shark,whale,moby dick,clones
sharks,tools,hammerhead shark,clones
sheep,sword,leather,little-alchemy
sheep,tool,leather,little-alchemy
sheep,tool,wool,little-alchemy
sheep,yarn,wool,infinite-craft
shell,stone,limestone,clones
shells,stone,limestone,clones
shells,worm,snail,clones
shelter,walls,hut,clones
shelter,walls,hut (doodle god),clones
ship,steam engine,steamship,clones
ship,steam-engine,steamship,clones
ship,tank,battleship,infinite-craft
ship,wind,sail,infinite-craft
shoes,soldier,boots,clones
shoes,wheel,roller skates,clones
shoes,winter,felt boots,clones
shoes,woman,handbag,clones
shovel,small,spoon,little-alchemy
shrimp,turtle,sea cucumber,clones
shrine,sidekick,evomon,clones
shrine,sleep,cryosleep,clones
shrine,snake,doom temple,clones
shrine,space,stone effigy,clones
shrine,spirit,sakura spirits,clones
shrine,strength,monk,clones
shrine,sun,amaterasu,clones
shrine,superhero,majestic miko,clones
shrine,sweets,festival feast,clones
shrine,sword,excalibur,clones
shrine,the chosen one,majestic miko,clones
shrine,time,three fates,clones
shrine,toy,wishing mallet,clones
shrine,tree,bonsai,clones
shrine,trident,three fates,clones
shrine,turkey day,festival feast,clones
shrine,turtle,kappa,clones
shrine,undead,veined castle,clones
shrine,underground,egyptian tomb,clones
shrine,underwater,atlantis,clones
shrine,vampire,veined castle,clones
shrine,villain,veined castle,clones
shrine,war,terracotta army,clones
shrine,water,atlantis,clones
shrine,water serpent,doom temple,clones
shrine,wealth,shrinemasons,clones
shrine,weapon,monk,clones
shrine,werewolf,amaterasu,clones
shrine,wind,majestic miko,clones
shrine,wings,majestic miko,clones
shrine,wintertide,stone hearth,clones
shrine,wizard,magpyre maiden,clones
shrine,wizarding school,magpyre maiden,clones
shrine,wolf,amaterasu,clones
shrub,tropics,indigofera,clones
shuriken,spy,ninja,clones
shuriken,sword,katana,little-alchemy
shuriken,turtle,ninja turtle,little-alchemy
shuttle,space,iss,clones
sick,woman,man,clones
sick,woman,man (zed's alchemy),clones
sick,woman,woman,clones
sick,woman,woman (zed's alchemy),clones
sickness,steamboat,seasickness,little-alchemy
sickness,wall,hospital,little-alchemy
sidekick,sidekick,villain groupies,clones
sidekick,sleep,winter assassin,clones
sidekick,snake,water dragon,clones
sidekick,space,hairy smuggler,clones
sidekick,speed,surfer dude,clones
sidekick,spirit,oozer,clones
sidekick,strength,merry john,clones
sidekick,sun,planet,clones
sidekick,superhero,barrel gorilla jr,clones
sidekick,sweets,musical workers,clones
sidekick,sword,sir lancelot,clones
sidekick,the chosen one,dark space lord,clones
sidekick,time,flux inventor,clones
sidekick,toy,ball companion,clones
sidekick,tree,ali-ent,clones
sidekick,turkey day,black friday,clones
sidekick,turtle,bubbles,clones
sidekick,undead,igor,clones
sidekick,underwater,bastion,clones
sidekick,vehicle,night dragon,clones
sidekick,villain,jester sidekick,clones
sidekick,void,night dragon,clones
sidekick,war,winter assassin,clones
sidekick,water,bubbles,clones
sidekick,water serpent,water dragon,clones
sidekick,wealth,merry john,clones
sidekick,weapon,winter assassin,clones
sidekick,wind,genie,clones
sidekick,wings,flight deck fairy,clones
sidekick,wintertide,ice explorers,clones
sidekick,wizard,wiz's apprentice,clones
sidekick,wizarding school,nerdy wizard,clones
sidekick,wolf,northern king,clones
silence,theater,mime,clones
silicon,tools,microchip,clones
silicon,transistor,microchip,clones
silk,spider,web,infinite-craft
silk,textile factory,silk clothes,clones
silver,vampire,ash,clones
silver,vampire,ash (doodle god),clones
sin,sin,pride,clones
sin,weapon,wrath,clones
sin,work,sloth,clones
sinew,sinew,rope,clones
sinew,sinew,rope (doodle god),clones
sith,yoda,star wars,clones
skateboard,snow,snowboard,clones
skateboard,wave,surfing,clones
skeleton,stone,fossil,little-alchemy
skeleton,time,fossil,little-alchemy
skeleton,tools,skull,clones
skeleton,vegetable,jack-o-lantern,little-alchemy
ski goggles,wheel,skateboard,little-alchemy
skier,skier,idea,little-alchemy
skier,sunglasses,ski goggles,little-alchemy
skier,wheel,skateboard,little-alchemy
skin,tree,brush,clones
skis,snowdrift,ski jump,clones
skull,stick,spooky staff,clones
skull,torch,scary skull,clones
sky,solar system,space,little-alchemy
sky,space,star,little-alchemy
sky,squirrel,flying squirrel,little-alchemy
sky,star,space,little-alchemy
sky,stone,moon,little-alchemy
sky,sun,day,little-alchemy
sky,time,moon,little-alchemy
sky,twilight,darkness,little-alchemy
sky,umbrella,parachute,little-alchemy
sky,unicorn,pegasus,little-alchemy
sky,village,skyscraper,little-alchemy
sky,water,cloud,little-alchemy
sky,water,rain,clones
skyscraper,skyscraper,city,little-alchemy
skyscraper,time,ruins,little-alchemy
skyscraper,venus,eiffel tower,infinite-craft
skyscraper,village,city,little-alchemy
slayer,vampire,buffy,infinite-craft
sleep,space,cryosleep,clones
sleep,speed,cat nap,clones
sleep,spirit,bogeyman,clones
sleep,strength,snoring monster,clones
sleep,sun,moon,clones
sleep,superhero,hacker hero,clones
sleep,sweets,sugar demon,clones
sleep,sword,nightmare stalker,clones
sleep,tale,sleeping beauty,clones
sleep,the chosen one,hacker hero,clones
sleep,time,rip van winkle,clones
sleep,toy,stuffed plushie,clones
sleep,tree,koala,clones
sleep,turkey day,turkey,clones
sleep,undead,sleepwalker,clones
sleep,underground,death,clones
sleep,underwater,cthulhu,clones
sleep,vampire,demon queen,clones
sleep,villain,nightmare stalker,clones
sleep,void,shadow people,clones
sleep,war,winter assassin,clones
sleep,water serpent,cthulhu,clones
sleep,wealth,smug,clones
sleep,weapon,tranquilizer dart,clones
sleep,wind,hypnotic singer,clones
sleep,wings,smug,clones
sleep,wintertide,hibernation,clones
sleep,wizard,mister sandman,clones
sleigh,wall,garage,little-alchemy
small,stone,pebble,little-alchemy
small,stream,rivulet,little-alchemy
small,swimming pool,aquarium,little-alchemy
small,tablet,smartphone,little-alchemy
small,tree,bonsai tree,little-alchemy
small,tree,plant,little-alchemy
small,wind,gust,little-alchemy
smoke,stone,chimney,little-alchemy
smoke,water,fog,infinite-craft
smoke,white sail,merchants,clones
smoking pipe,water,hookah,clones
snake,snake,egg,clones;little-alchemy
snake,snake,egg (doodle god),clones
snake,snake,hydra,infinite-craft
snake,snake,snake,clones
snake,space,snakes on a jet,clones
snake,speed,black mamba,clones
snake,spirit,death adder shadow,clones
snake,story,medusa,little-alchemy
snake,strength,anaconda,clones
snake,sweets,gummy worm,clones
snake,time,ouroboros,clones
snake,tool,poison,clones
snake,tools,poison,clones
snake,toy,snakes in a can,clones
snake,tree,cursed apple,clones
snake,turkey day,anaconda snack,clones
snake,turtle,dragon turtle,clones
snake,underground,furies,clones
snake,underwater,electric eel,clones
snake,vehicle,general viper,clones
snake,villain,general viper,clones
snake,void,death adder shadow,clones
snake,water,fish,clones
snake,water,fish (doodle god),clones
snake,water,fish (zed's alchemy),clones
snake,water,water serpent,clones
snake,wealth,snake oil salesman,clones
snake,weapon,general viper,clones
snake,wind,snakes on a jet,clones
snake,wings,snakes on a jet,clones
snake,wintertide,cute carolers,clones
snake,wizard,the snake lord,clones
snake,wizarding school,the snake lord,clones
snake,worm,lizard,clones
snow,snow,blizzard,little-alchemy
snow,snow,ice,infinite-craft
snow,stone,snowball,little-alchemy
snow,storm,blizzard,little-alchemy
snow,sugar,ice cream,clones
snow,sunglasses,ski goggles,little-alchemy
snow,surfer,snowboard,little-alchemy
snow,timber,skis,clones
snow,tornado,blizzard,little-alchemy
snow,tree,christmas tree,clones
snow,tree,snowdrift,clones
snow,wagon,sledge,little-alchemy
snow,wagon,sleigh,little-alchemy
snow,water,ice,infinite-craft
snow,wind,blizzard,infinite-craft;little-alchemy
snow,wood,snowboard,little-alchemy
snow globe,witch,crystal ball,little-alchemy
snow globe,wizard,crystal ball,little-alchemy
snowball,snowball,snowman,little-alchemy
snowboard,wheel,skateboard,little-alchemy
snowman,sun,carrot,little-alchemy
snowman,sun,coal,little-alchemy
snowman,sun,puddle,little-alchemy
snowman,vegetable,carrot,little-alchemy
snowmobile,wall,garage,little-alchemy
social media,tweet,twitter,infinite-craft
soda water,wine,champagne,clones
sodium,water,hydrogen,clones
sodium,water,sodium hydroxide,clones
sodium hydroxide,water,sodium hydroxide solution,clones
software,transistor/vacuum tube,first computer,clones
soil,soil,land,little-alchemy
soil,tool,field,little-alchemy
soil,water,mud,little-alchemy
solar cell,star,electricity,little-alchemy
solar cell,sun,electricity,little-alchemy
solar cell,wagon,electric car,little-alchemy
solar system,solar system,galaxy,little-alchemy
solar system,space,galaxy,little-alchemy
solar system,star,galaxy,little-alchemy
solar system,stone,meteoroid,little-alchemy
soldier,steel,sword,clones
soldier,target,sniper,clones
soldier,void,space marine,clones
soldier,war,veteran,clones
soldier,weapon,warrior,infinite-craft
solid,water,ice,little-alchemy
sound,steel,bell,little-alchemy
sound,sun,alarm clock,clones
sound,timber,guitar,clones
sound,tool,stethoscope,little-alchemy
sound,watch,alarm clock,little-alchemy
sound,wire,phone,clones
sound,wire,telephone,clones
sound,wood,bell,little-alchemy
space,space,galaxy,little-alchemy
space,space,wormhole,clones
space,speed,surfer dude,clones
space,spirit,space ghosts,clones
space,star,galaxy,little-alchemy
space,steamboat,spaceship,little-alchemy
space,steel,spaceship,little-alchemy
space,stone,meteoroid,little-alchemy
space,strength,titan of death,clones
space,sun,star,little-alchemy
space,sun,white dwarf,clones
space,superhero,raccoon guardian,clones
space,sweets,lunar pie,clones
space,sword,laser sword,clones
space,sword,light sword,little-alchemy
space,telescope,star,little-alchemy
space,the chosen one,battle prodigy,clones
space,thermometer,cold,little-alchemy
space,time,dr. what,clones
space,time,tardis,little-alchemy
space,toy,spaceship,clones
space,tree,the world tree,clones
space,turtle,world turtle,clones
space,undead,space zombie,clones
space,underground,burrowling,clones
space,vehicle,spaceship,clones
space,village,space station,little-alchemy
space,villain,titan of death,clones
space,void,black hole,clones
space,wall,space station,little-alchemy
space,war,ultimate soldier,clones
space,water,doc lobster,clones
space,water serpent,xenomorph,clones
space,wealth,alien mob boss,clones
space,weapon,death ray,clones
space,werewolf,hairy smuggler,clones
space,wings,spaceship,clones
space,wintertide,ornamental pickle,clones
space,wizard,dr. what,clones
space ship,steam,time machine,infinite-craft
space station,space station/satellite,modular space station,clones
spaceship,wall,hangar,little-alchemy
sparrow,sparrow,pigeon,clones
speed,speed,lightspeed,clones
speed,spirit,wraith,clones
speed,strength,ultra dude,clones
speed,sun,lightspeed,clones
speed,superhero,the dash,clones
speed,sweets,sugar demon,clones
speed,sword,masked swordsman,clones
speed,the chosen one,super martial artist,clones
speed,time,time machine,clones
speed,toy,sleigh,clones
speed,tree,broomstick,clones
speed,turkey day,fast food,clones
speed,turtle,racing tortoise,clones
speed,undead,demonic bike,clones
speed,underground,hermes,clones
speed,underwater,charybdis,clones
speed,vampire,chiropterang,clones
speed,vehicle,chiroptercar,clones
speed,void,black hole,clones
speed,war,jet fighter,clones
speed,water,maelstrom,clones
speed,water serpent,sharkstorm,clones
speed,wealth,ceryneian hind,clones
speed,weapon,masked swordsman,clones
speed,wind,cyclone,clones
speed,wings,jet fighter,clones
speed,wintertide,holiday blockbuster,clones
speed,wizard,eagle rider,clones
speed,wizarding school,magical soccer,clones
speed,wolf,cyberwolf,clones
spell,tree,witch,infinite-craft
spell,wizard,magic,infinite-craft
spider,spider,egg,little-alchemy
spider,thread,web,little-alchemy
spinning wheel,wool,yarn,clones
spinning wheel,yarn,thread,clones
spinning wheel,yarn,thread (zed's alchemy),clones
spirit,spirit,ghost army,clones
spirit,sun,phoenix,clones
spirit,superhero,ghost trapper,clones
spirit,sweets,fluff puff,clones
spirit,sword,soul harvester,clones
spirit,the chosen one,zombie hunter,clones
spirit,toy,chomp dude spirits,clones
spirit,tree,spooky tree,clones
spirit,turkey day,turkey zombie,clones
spirit,undead,tomb keeper,clones
spirit,underground,opera ghost,clones
spirit,underwater,ghost pirate,clones
spirit,vampire,soul stealer,clones
spirit,vehicle,trapper-1,clones
spirit,villain,soul harvester,clones
spirit,void,specter,clones
spirit,war,ghost army,clones
spirit,water,ghost pirate,clones
spirit,water,vodka,clones
spirit,water serpent,spectral dragon,clones
spirit,wealth,genie,clones
spirit,weapon,ancient ark,clones
spirit,werewolf,spirit wolf,clones
spirit,wheat,beer,clones
spirit,wind,air elemental,clones
spirit,wings,spectral dragon,clones
spirit,wintertide,christmas spirits,clones
spirit,wizard,necromancer,clones
spirit,wizarding school,nearly limbless larry,clones
spirit,wolf,spirit wolf,clones
spirit,worm,tequila,clones
sport,whistle,referee,clones
spy,usa,cia,clones
spyglass,star,telescope,clones
spyglass,tower,watch tower,clones
squid,tourist,squidward,infinite-craft
squirrel,tree,nut,clones
squirrel,wind,flying squirrel,little-alchemy
squirrels,wheel,toy for rodents,clones
stake,vampire,corpse,clones
star,star,constellation,little-alchemy
star,star,galaxy,infinite-craft;little-alchemy
star,steel,shuriken,little-alchemy
star,sun,space,little-alchemy
star,sword,shuriken,little-alchemy
star,tree,christmas tree,little-alchemy
star,war,star wars,clones
star,wizard,astrologer,clones
stark,tony,iron man,infinite-craft
statue,story,golem,little-alchemy
statue,stream,fountain,little-alchemy
statue,usa,statue of liberty,clones
statue,water,fountain,little-alchemy
steak,sun,jerky,little-alchemy
steam,steam engine,pressure,clones
steam,sun,rainbow,clones
steam,sunflower,perfume,little-alchemy
steam,timber,sauna,clones
steam,tool,boiler,little-alchemy
steam,tools,iron (cast),clones
steam,venus,life,infinite-craft
steam,vodka,cocktail,infinite-craft
steam,wheel,steam engine,little-alchemy
steam,wind,cloud,infinite-craft
steam,woman,sauna,clones
steam engine,steel,train,little-alchemy
steam engine,wagon,train,little-alchemy
steam engine,water,steamboat,little-alchemy
steam engine,wheel,locomotive,clones
steam engine,wheel,train,little-alchemy
steam engine,wooden ship,steamer,clones
steamboat,wind,sailboat,little-alchemy
steampunk,stone,stonehenge,infinite-craft
steel,stone,blade,little-alchemy
steel,stream,bridge,little-alchemy
steel,sun,gold,little-alchemy
steel,thread,needle,little-alchemy
steel,tool,armor,little-alchemy
steel,tool,hammer,little-alchemy
steel,tools,anvil,clones
steel,tooth,saw,clones
steel,tree,hatchet,clones
steel,vulture,airplane,little-alchemy
steel,wheel,car,little-alchemy
steel,wire,chain,little-alchemy
steel,witch,cauldron,little-alchemy
steel,wolf,cage,little-alchemy
steel,wood,tool,little-alchemy
steel,wool,steel wool,little-alchemy
steering wheel,yacht,helm boat,clones
stick,stone,hammer,clones
stick,stone,hammer (doodle god),clones
stick,sun,sundial,clones
stick,thorn,arrow,clones
stick,thorn,arrow (alchemy 1000),clones
stick,wizard,wand,clones
stone,stone,boulder,infinite-craft
stone,stone,fire,clones
stone,stone,fire (doodle god),clones
stone,stone,fire + stone + stone,clones
stone,stone,fire and stone and stone,clones
stone,stone,spark,clones
stone,stone,stone,clones
stone,stone,stone (doodle god),clones
stone,stone,wall,infinite-craft;little-alchemy
stone,stone + stone,stonehenge,clones
stone,sun,meteoroid,little-alchemy
stone,sunflower,oil,little-alchemy
stone,sword,excalibur,little-alchemy
stone,thanos,infinity gauntlet,infinite-craft
stone,tool,hammer,little-alchemy
stone,tool,statue,clones;little-alchemy
stone,tools,statue,clones
stone,tractor,stonehenge,infinite-craft
stone,vegetable,juice,little-alchemy
stone,vegetable waste,vegetable oil,clones
stone,warrior,castle,little-alchemy
stone,water,earth,clones
stone,water,rock,infinite-craft
stone,water,salt water,clones
stone,water,sand,clones
stone,what,flour,clones
stone,what,flour (doodle devil),clones
stone,wheat,flour,clones;little-alchemy
stone,wheat,flour (doodle god),clones
stone,wheat,flour (zed's alchemy),clones
stone,wind,sand,clones;infinite-craft;little-alchemy
stone,wood,axe,little-alchemy
stone,wood,tool,little-alchemy
stonehenge,ufo,crop circle,infinite-craft
storm,storm,tornado,little-alchemy
storm,tool,umbrella,little-alchemy
storm,water,typhoon,clones
storm,wind,tornado,little-alchemy
storm,wind turbine,electricity,little-alchemy
story,story,legend,little-alchemy
story,sword,excalibur,little-alchemy
story,time,legend,little-alchemy
story,unicorn,fairy tale,little-alchemy
story,windmill,don quixote,little-alchemy
story,wood,pinocchio,little-alchemy
stove,utensil,pan,clones
stream,tool,wheel,little-alchemy
stream,wall,dam,little-alchemy
stream,wood,bridge,little-alchemy
strength,sun,death ray,clones
strength,superhero,hercules,clones
strength,sweets,gingerbread warrior,clones
strength,sword,barbarian,clones
strength,the chosen one,super martial artist,clones
strength,toy,action figure,clones
strength,tree,immovable object,clones
strength,trident,triceratops,clones
strength,turkey day,turkeyzilla,clones
strength,turtle,primeval turtle,clones
strength,undead,zombie tank,clones
strength,underground,tarrasque,clones
strength,underwater,mantis shrimp,clones
strength,vampire,werevamp,clones
strength,vehicle,tank,clones
strength,villain,steamroller,clones
strength,void,void beast,clones
strength,war,amazon,clones
strength,water,maelstrom,clones
strength,water serpent,kraken,clones
strength,weapon,unstoppable force,clones
strength,werewolf,alpha,clones
strength,wind,cyclone,clones
strength,wings,blue bull,clones
strength,wintertide,holiday blockbuster,clones
strength,wizard,battle mage,clones
strength,wizarding school,professor werewolf,clones
strength,wolf,dire wolf,clones
submarine,telescope,periscope,clones
suffering,suffering,torture,clones
sugar,thread,cotton candy,little-alchemy
sugar,vegetables,beet,clones
sugar,water,sugar water,clones
sugar,wild animal,ant,little-alchemy
sugar,wire,red vines,little-alchemy
sulfur,water,acid,clones
sulfur trioxide,water,sulfuric acid,clones
sulfuric acid,water + wood,cellulose,clones
sun,sun,super nova,clones
sun,superhero,ultra dude,clones
sun,sweets,ez cake oven,clones
sun,sword,laser sword,clones
sun,the chosen one,dragon incarnate,clones
sun,time,black hole,clones
sun,time,day,little-alchemy
sun,tool,solar cell,little-alchemy
sun,tool,sundial,little-alchemy
sun,tornado,contrast,clones
sun,toy,ez cake oven,clones
sun,tree,fruit,infinite-craft;little-alchemy
sun,tree,orange,clones
sun,tree,oxygen,little-alchemy
sun,tree,the world tree,clones
sun,turkey day,harvest,clones
sun,turtle,parched skeleton,clones
sun,undead,parched skeleton,clones
sun,underground,hibernation,clones
sun,underwater,anglerfish,clones
sun,vampire,ash,clones;little-alchemy
sun,vampire,ash (doodle god),clones
sun,vampire,ash (zed's alchemy),clones
sun,vampire,dust,little-alchemy
sun,vampire,fire,clones
sun,vampire,sun,clones
sun,vehicle,death ray,clones
sun,villain,death ray,clones
sun,void,black hole,clones
sun,war,death ray,clones
sun,watch,sundial,little-alchemy
sun,water,rainbow,clones;little-alchemy
sun,water,salt,clones
sun,water,salt (doodle god),clones
sun,wealth,persian royalty,clones
sun,weapon,death ray,clones
sun,werewolf,human,clones
sun,wheel,sundial,little-alchemy
sun,wind,radiation,clones
sun,wine,champagne,clones
sun,wings,firefly,clones
sun,wintertide,aurora,clones
sun,wizard,arch mage,clones
sun,wizarding school,austrian spiketrail,clones
sun,znc battery,solar panel,clones
sundial,tool,clock,little-alchemy
sundial,wheel,clock,little-alchemy
sunflower,tools,sunflower seeds,clones
sunflower,water,perfume,little-alchemy
sunflower,wheel,oil,little-alchemy
sunflower,windmill,oil,little-alchemy
sunglasses,water,swim goggles,little-alchemy
superhero,sweets,gingerbread warrior,clones
superhero,sword,the badger,clones
superhero,the chosen one,vampire assassin,clones
superhero,time,persian royalty,clones
superhero,toy,action figure,clones
superhero,tree,vampire hunter,clones
superhero,trident,poseidon,clones
superhero,turtle,turtle warrior,clones
superhero,undead,the reaper,clones
superhero,underground,super bat,clones
superhero,underwater,ocean defender,clones
superhero,vampire,vampire hunter,clones
superhero,vehicle,transformobot,clones
superhero,villain,discipliner,clones
superhero,void,shadow prelate,clones
superhero,war,lieutenant usa,clones
superhero,water,ocean defender,clones
superhero,water serpent,ocean defender,clones
superhero,wealth,super bat,clones
superhero,weapon,vampire hunter,clones
superhero,wind,windmaster eng,clones
superhero,wings,raging bird,clones
superhero,wintertide,ice dude,clones
superhero,wizard,arch mage,clones
superhero,wizarding school,the boy wizard,clones
superhero,wolf,the badger,clones
surfer,surfer,idea,little-alchemy
surfer,wind,windsurfer,little-alchemy
swamp,swamp,bog,infinite-craft
swamp,tale,merman,clones
swamp,time,peat,little-alchemy
swamp,tractor,monster truck,infinite-craft
swamp,tree,peat,clones
swamp,weeds,moss,clones
swamp,worm,snake,clones
swamp,zombie,golem,infinite-craft
sweets,sweets,candy nation,clones
sweets,sword,gingerbread warrior,clones
sweets,time,pb & jelly time,clones
sweets,toy,ez cake oven,clones
sweets,tree,candy nation,clones
sweets,trident,cavities,clones
sweets,turkey day,fruit cake,clones
sweets,turtle,cloud rider,clones
sweets,undead,sugar skull,clones
sweets,underground,gummy worm,clones
sweets,vampire,vamp crunch,clones
sweets,villain,candy witch,clones
sweets,void,sugar demon,clones
sweets,war,gingerbread warrior,clones
sweets,water,sno-cone,clones
sweets,water serpent,gummy worm,clones
sweets,wealth,confectioner will,clones
sweets,weapon,pinata,clones
sweets,werewolf,lunar pie,clones
sweets,wings,pixie sugar,clones
sweets,wintertide,gelt,clones
sweets,wizard,candy witch,clones
sweets,wizarding school,chocolate lizards,clones
swimmer,swimmer,idea,little-alchemy
swimming,usa,phelps,clones
swine flu,woman,sick,clones
sword,sword,giant sword,clones
sword,sword,longsword,infinite-craft
sword,sword,scissors,little-alchemy
sword,the chosen one,excalibur,clones
sword,time,samurai hero,clones
sword,toy,usb of 999 truths,clones
sword,tree,wood,little-alchemy
sword,trident,sai,clones
sword,turkey day,carver of doom,clones
sword,turtle,turtle warrior,clones
sword,undead,bone sword,clones
sword,underground,miner,clones
sword,underwater,swordfish,clones
sword,vampire,sunwalker vampire,clones
sword,villain,the grater,clones
sword,void,chaos champion,clones
sword,war,usb of 999 truths,clones
sword,warrior,blood,little-alchemy
sword,water,trident,clones
sword,water serpent,naga queen,clones
sword,wealth,diamond sword,clones
sword,weapon,excalibur,clones
sword,werewolf,claws,clones
sword,wheat,scythe,little-alchemy
sword,wintertide,lich blade,clones
sword,wizard,battle mage,clones
sword,wizard,wand,little-alchemy
sword,wizarding school,courageous founder,clones
sword,wolf,claws,clones
swordfish,thread,fishing rod,little-alchemy
swordfish,tool,fishing rod,little-alchemy
swordfish,tool,meat,little-alchemy
swordfish,unicorn,narwhal,little-alchemy
swordfish,wire,fishing rod,little-alchemy
swordfish,wood,fishing rod,little-alchemy
tarantula,worm,cobra,clones
tardis,time travel,doctor who,infinite-craft
tea,utensil,kettle,clones
tea plant,tools,tea leaves,clones
telescope,telescope,binoculars,little-alchemy
terminator,weed,arnold schwarzenegger,infinite-craft
tesla,tuxedo,elon musk,infinite-craft
textile,textile factory,clothes,clones
textile,textile factory,clothes (alchemy classic),clones
textile,wind,sail,clones
textile,wind,sail (alchemy classic),clones
the chosen one,time,time adventurers,clones
the chosen one,toy,master dueler,clones
the chosen one,tree,the world tree,clones
the chosen one,turkey day,turkey,clones
the chosen one,turtle,bubbles,clones
the chosen one,undead,zombie hunter,clones
the chosen one,underwater,magicod,clones
the chosen one,vampire,vampire assassin,clones
the chosen one,vehicle,broomstick,clones
the chosen one,villain,dark space lord,clones
the chosen one,void,specter,clones
the chosen one,war,battle prodigy,clones
the chosen one,water,watermaster cora,clones
the chosen one,weapon,the ring courier,clones
the chosen one,werewolf,alpha,clones
the chosen one,wind,windmaster eng,clones
the chosen one,wings,swarm queen,clones
the chosen one,wintertide,chudolph the braindeer,clones
the chosen one,wizard,the boy wizard,clones
the chosen one,wizarding school,the boy wizard,clones
the chosen one,wolf,nine tails ninja,clones
thorn,wire,barbwire,clones
thread,thread,rope,little-alchemy
thread,tool,fabric,little-alchemy
thread,tool,needle,little-alchemy
thread,wax,candle,little-alchemy
thread,wheel,fabric,little-alchemy
thread,wild animal,spider,little-alchemy
thread,wire,rope,little-alchemy
timber,tree,wood,infinite-craft
timber,utensil,rolling-pin,clones
timber,wheel,cart,clones
timber,wheel,cart (alchemy 1000),clones
time,time,paradox,clones
time,tool,clock,clones;little-alchemy
time,tools,wristwatch,clones
time,transylvania,romania,clones
time,tree,the world tree,clones
time,turkey day,hangry,clones
time,turtle,kung fu master,clones
time,twilight,night,little-alchemy
time,undead,mummy,clones
time,underground,precious ring bearer,clones
time,universe,big bang,infinite-craft
time,vegetable,mold,little-alchemy
time,vehicle,time machine,clones
time,village,ruins,little-alchemy
time,villain,d-3000,clones
time,void,paradox,clones
time,volcano,eruption,little-alchemy
time,war,d-3000,clones
time,water,fountain of youth,clones
time,water serpent,cthulhu,clones
time,wealth,persian royalty,clones
time,werewolf,young wolf,clones
time,wheel,clock,little-alchemy
time,wild animal,sloth,little-alchemy
time,wine,vinegar,clones;little-alchemy
time,wine,vintage,infinite-craft
time,wings,mr. pimm's wild ride,clones
time,wintertide,christmas spirits,clones
time,wizard,dr. what,clones
time,wizarding school,nerdy wizard,clones
time,wolf,dog,clones
time,wolf,dog (zed's alchemy),clones
time,wolf,professor werewolf,clones
time,woman,granny,clones
time,worm,butterfly,clones
time travel,wormhole,time machine,infinite-craft
tire,tire,wheel,infinite-craft
tire,truck,monster truck,infinite-craft
titan,wind,zeus,infinite-craft
titanic,water,iceberg,infinite-craft
tobacco,tool,pipe,little-alchemy
tobacco,woman,cancer,clones
tobacco,woman,diseases,clones
tobacco,wood,pipe,little-alchemy
tool,tool,machine,little-alchemy
tool,tree,tool,clones
tool,tree,tool (zed's alchemy),clones
tool,tree,wood,clones;little-alchemy
tool,tree,wood (doodle god),clones
tool,tree,wood (zed's alchemy),clones
tool,twist,wrench,infinite-craft
tool,uncut diamond,diamond,clones
tool,wall,house,little-alchemy
tool,water,wheel,little-alchemy
tool,wheat,flour,clones
tool,wheat,flour (zed's alchemy),clones
tool,wheel,machine,little-alchemy
tool,wire,rope,little-alchemy
tool,wizard,wand,little-alchemy
tool,wood,axe,little-alchemy
tool,wood,box,clones
tool,wood,wheel,clones;little-alchemy
tool,wood,wheel (doodle god),clones
tool,wood,wheel (zed's alchemy),clones
tool,woodpecker,hammer,little-alchemy
tool,wool,cloth,clones
tool,wool,cloth (zed's alchemy),clones
tool,wool,sweater,little-alchemy
tool,wool,tool,clones
tool,wool,tool (zed's alchemy),clones
tool,yarn,sweater,clones
tools,tree,and wood,clones
tools,tree,apple,clones
tools,tree,stick,clones
tools,tree,timber,clones
tools,tree,tools and wood,clones
tools,tree,wood,clones
tools,tree,wood (doodle devil),clones
tools,tree,wood (doodle god),clones
tools,vampire,vampire fangs,clones
tools,wind,electric fan,clones
tools,wood,wheel,clones
tools,wood,wheel (doodle god),clones
tools,wool,fabric,clones
tornado,tsunami,destruction,infinite-craft
tornado,water,tsunami,infinite-craft
town,town,city,infinite-craft
toy,tree,building blocks,clones
toy,turkey day,ez cake oven,clones
toy,undead,doll,clones
toy,underground,cave monkeys,clones
toy,vampire,chiropterang,clones
toy,vehicle,sleigh,clones
toy,villain,pinch,clones
toy,void,spaceship,clones
toy,war,action figure,clones
toy,water,squirt gun,clones
toy,water serpent,sea monkey,clones
toy,wealth,mr. moneybags,clones
toy,weapon,squirt gun,clones
toy,werewolf,stuffed plushie,clones
toy,wind,kite,clones
toy,wings,kite,clones
toy,wintertide,holiday blockbuster,clones
toy,wizard,santa claus,clones
toy,wizarding school,chocolate lizards,clones
toy,wolf,stuffed plushie,clones
tractor,wall,garage,little-alchemy
tractor,water,boat,infinite-craft
tractor,wheat,harvester,clones
train,tunnel,subway,clones
train,wall,trainyard,little-alchemy
transistor,transistor,microchip,clones
trap,warrior,corpse,clones
trap,wizard,ash + maze,clones
tree,tree,forest,infinite-craft;little-alchemy
tree,tree,seeds,clones
tree,tree,seeds (doodle god),clones
tree,turkey day,mayflower,clones
tree,turtle,world turtle,clones
tree,vampire,death,clones
tree,vehicle,broomstick,clones
tree,village,family tree,little-alchemy
tree,villain,poison oak,clones
tree,void,nightshade,clones
tree,war,catapult,clones
tree,water,boat,clones
tree,water,boat (alchemy 1000),clones
tree,water,river,infinite-craft
tree,water,the world tree,clones
tree,wealth,hesperide's tree,clones
tree,weapon,club,clones
tree,wild animal,monkey,little-alchemy
tree,wind,cursed flute,clones
tree,wind,leaf,clones;infinite-craft;little-alchemy
tree,wintertide,gifted birds,clones
tree,wire,bonsai tree,little-alchemy
tree,wizard,druid,clones
tree,wizarding school,broomstick,clones
tree,wood,treehouse,little-alchemy
tree,woodpecker,worm,clones
tree,zebra,birch,clones
trees,tropics,hevea,clones
trident,turkey day,carver of doom,clones
trident,turtle,turtle warrior,clones
trident,underground,devil,clones
trident,underwater,mermaid king,clones
trident,vehicle,broomstick,clones
trident,villain,devil,clones
trident,void,void beast,clones
trident,war,gladiator,clones
trident,water,poseidon,clones
trident,wealth,pirate booty,clones
trident,weapon,sai,clones
trident,wind,air ship,clones
trident,wintertide,christmas spirits,clones
trident,wizard,wizard staff,clones
trident,wizarding school,naga queen,clones
tubing,water,water pipeline,clones
tunnel,wall,arch,clones
turkey day,turtle,turtle duck,clones
turkey day,undead,turkey zombie,clones
turkey day,underground,harvest,clones
turkey day,vampire,moocher,clones
turkey day,vehicle,mayflower,clones
turkey day,villain,turkeyzilla,clones
turkey day,void,black friday,clones
turkey day,war,black friday,clones
turkey day,water,harvest,clones
turkey day,wealth,black friday,clones
turkey day,weapon,carver of doom,clones
turkey day,werewolf,werechicken,clones
turkey day,wind,mayflower,clones
turkey day,wings,turkey,clones
turkey day,wintertide,family reunion,clones
turkey day,wizard,honey beer,clones
turkey day,wizarding school,honey beer,clones
turkey day,wolf,hangry,clones
turtle,turtle,egg,clones;little-alchemy
turtle,turtle,egg (doodle god),clones
turtle,turtle,turtle,clones
turtle,undead,parched skeleton,clones
turtle,underground,turtle warrior,clones
turtle,underwater,bubbles,clones
turtle,vehicle,world turtle,clones
turtle,villain,turtle king,clones
turtle,void,hypnoturtle,clones
turtle,war,war turtle,clones
turtle,water,bubbles,clones
turtle,water serpent,dragon turtle,clones
turtle,wealth,dragon turtle,clones
turtle,weapon,turtle warrior,clones
turtle,wind,cloud rider,clones
turtle,wings,flying trooper,clones
turtle,wintertide,gifted birds,clones
turtle,wizard,turtle sorcerer,clones
turtle,wizarding school,turtle sorcerer,clones
tyrannosaurus rex,tyrannosaurus rex,egg,little-alchemy
ufo,wheat,crop circles,clones
umbrella,woman,mary poppins,clones
undead,underground,mummy,clones
undead,underwater,pirate zombie,clones
undead,vampire,skeletal vampire,clones
undead,vehicle,demonic bike,clones
undead,villain,lich,clones
undead,void,void horror,clones
undead,war,undead knight,clones
undead,water,pirate zombie,clones
undead,wealth,mummy,clones
undead,weapon,bone sword,clones
undead,wind,ghost,clones
undead,wings,ghost,clones
undead,wintertide,chudolph the braindeer,clones
undead,wizard,necromancer,clones
undead,wizarding school,nearly limbless larry,clones
underground,underwater,lava,clones
underground,vehicle,driller,clones
underground,villain,the mole king,clones
underground,void,burrowling,clones
underground,war,terracotta army,clones
underground,water,charon,clones
underground,water serpent,cthulhu,clones
underground,wealth,charon,clones
underground,weapon,spider mine,clones
underground,werewolf,cerberus,clones
underground,wings,furies,clones
underground,wintertide,hibernation,clones
underground,wizard,geomancer,clones
underground,wizarding school,goblin banker,clones
underground,wolf,cerberus,clones
underwater,vampire,vampire squid,clones
underwater,vehicle,submarine,clones
underwater,villain,sea witch,clones
underwater,void,cursed garden,clones
underwater,war,submarine,clones
underwater,water serpent,water dragon,clones
underwater,wealth,pirate booty,clones
underwater,weapon,kraken,clones
underwater,wings,flying fish,clones
underwater,wintertide,festive coral,clones
underwater,wizard,sea witch,clones
underwater,wizarding school,transmutation,clones
underwater,wolf,seal,clones
unhydrated lime,water,hydrated lime,clones
unicorn,water,narwhal,little-alchemy
unicorn,wind,pegasus,infinite-craft
universe,universe,multiverse,infinite-craft
vampire,vampire,vampire coven,clones
vampire,villain,dracula,clones
vampire,void,soul stealer,clones
vampire,wall,castle,little-alchemy
vampire,war,vampire knight,clones
vampire,water,leech,clones
vampire,wealth,sparkling vampire,clones
vampire,weapon,chiropterang,clones
vampire,werewolf,twilight saga,clones
vampire,werewolf,werevamp,clones
vampire,wings,bat,clones
vampire,wizard,dracula,clones
vampire,wizarding school,the snake lord,clones
vampire,wolf,werevamp,clones
vampire,woman,twilight saga,clones
vampire,woman,vampire,clones
vase,whale,ariel,infinite-craft
vegetable,water,juice,little-alchemy
vehicle,villain,death ray,clones
vehicle,void,clown car,clones
vehicle,war,tank,clones
vehicle,water,shark rider,clones
vehicle,wealth,chiroptercar,clones
vehicle,weapon,tank,clones
vehicle,werewolf,monster truck,clones
vehicle,wind,air ship,clones
vehicle,wings,eagle rider,clones
vehicle,wintertide,sleigh,clones
vehicle,wizard,broomstick,clones
vehicle,wizarding school,broomstick,clones
village,village,city,little-alchemy
village,village,town,infinite-craft
villain,void,dark hero,clones
villain,war,winter assassin,clones
villain,water,ice king,clones
villain,water serpent,cthulhu,clones
villain,wealth,smug,clones
villain,weapon,the grater,clones
villain,werewolf,cerberus,clones
villain,wings,space moth,clones
villain,wintertide,krampus,clones
villain,wizard,the snake lord,clones
villain,wizarding school,the snake lord,clones
villain,wolf,cerberus,clones
virtue,wrath,humility,clones
vodka,worm,tequila,clones
void,void,black hole,clones
void,war,winter assassin,clones
void,water,poison,clones
void,water serpent,cthulhu,clones
void,wealth,alien mob boss,clones
void,weapon,death star,clones
void,weapon,disintegrator,clones
void,weapon,pandora's box,clones
void,wind,cyclone,clones
void,wings,night dragon,clones
void,wintertide,strange communicator,clones
void,wizard,void shaman,clones
void,wizarding school,nearly limbless larry,clones
volcano,wind,eruption,infinite-craft
vulture,vulture,egg,little-alchemy
wagon,wind turbine,electric car,little-alchemy
wall,wall,house,infinite-craft;little-alchemy
wall,warrior,castle,little-alchemy
wall,water,dam,little-alchemy
wall,wheat,silo,little-alchemy
wall,wheel,windmill,little-alchemy
wall,wolf,cage,little-alchemy
wall,wood,fence,little-alchemy
war,war,armageddon,clones
war,water,submarine,clones
war,wealth,golden construct,clones
war,weapon,sniper,clones
war,werewolf,wolf battering ram,clones
war,wind,air ship,clones
war,wings,messenger bird,clones
war,wintertide,holiday blockbuster,clones
war,wizard,battle mage,clones
war,wolf,wolf battering ram,clones
warrior,warrior,idea,little-alchemy
warrior,werewolf,wool,clones
warrior,wizard,adventurer,clones
warrior,wizard,wizard,clones
warrior,wizard,worm,clones
water,water,flood,clones
water,water,lake,infinite-craft
water,water,puddle,little-alchemy
water,water,sea,clones;little-alchemy
water,water + watermammals,whales,clones
water,water serpent,cthulhu,clones
water,waterbirds,ducks,clones
water,watermammals,dolphins,clones
water,wealth,pirate booty,clones
water,weapon,squirt gun,clones
water,whale,fountain,clones
water,wheel,mill,clones
water,wheel,mill (alchemy 1000),clones
water,wheel,water wheel,clones
water,wind,cyclone,clones
water,wind,wave,infinite-craft
water,wine,holy water,infinite-craft
water,wings,penguin,clones
water,wintertide,festive coral,clones
water,witch,witch’s hat,clones
water,wizard,hydromancer,clones
water,wizarding school,transmutation,clones
water,wood,boat,clones;little-alchemy
water,wood,boat (alchemy classic),clones
water,wood,boat (doodle god),clones
water,wood,boat (zed's alchemy),clones
water,wood,paper,little-alchemy
water,yeti,abominable snowman,infinite-craft
water pipeline,water tower,irrigation system,clones
water serpent,water serpent,hydra,clones
water serpent,weapon,kraken,clones
water serpent,wind,sharkstorm,clones
water serpent,wintertide,festive coral,clones
water serpent,wizard,hydromancer,clones
water serpent,wizarding school,naga queen,clones
wave,wolf,sound,little-alchemy
wax,wick,candle,clones
wealth,weapon,precious ring,clones
wealth,werewolf,stockbroker wolf,clones
wealth,wind,genie,clones
wealth,wings,smug,clones
wealth,wintertide,gelt,clones
wealth,wizard,rumpelstiltskin,clones
wealth,wizarding school,goblin banker,clones
wealth,wolf,stockbroker wolf,clones
weapon,werewolf,claws,clones
weapon,wind,chiropterang,clones
weapon,wings,chiropterang,clones
weapon,wintertide,holiday blockbuster,clones
weapon,wizard,wand,clones
weapon,wizard,wizard staff,clones
weapon,wizarding school,death's gift,clones
weapon,wolf,claws,clones
werewolf,werewolf,wolfpack,clones
werewolf,wind,spirit wolf,clones
werewolf,wings,werechicken,clones
werewolf,wintertide,cute carolers,clones
werewolf,wizard,transmutation,clones
werewolf,wizarding school,professor werewolf,clones
werewolf,wolf,wolfpack,clones
wheat,wheat,flour,little-alchemy
wheat,wheel,flour,little-alchemy
wheat,wind,windmill,little-alchemy
wheat,windmill,flour,little-alchemy
wheel,wheel,bicycle,little-alchemy
wheel,wind,windmill,little-alchemy
wheel,wood,cart,clones;little-alchemy
wheel,wood,cart (alchemy classic),clones
wheel,wood,cart (doodle god),clones
wheel,wood,cart (zed's alchemy),clones
wheel,wool,spinning wheel,clones
wheel,wool,thread,little-alchemy
whip,whip,lasso,infinite-craft
wild animal,wire,snake,little-alchemy
wild animal,wood,beaver,little-alchemy
wind,wind,cyclone,clones
wind,wind,tornado,infinite-craft;little-alchemy
wind,wind turbine,electricity,little-alchemy
wind,windmill,electricity,infinite-craft
wind,wine,balloon,infinite-craft
wind,wings,thunderbird,clones
wind,wintertide,tinselwebs,clones
wind,wizard,aeromancer,clones
wind,wolf,spirit wolf,clones
wind,wood,flute,little-alchemy
wine,wood,barrel,little-alchemy
wings,wings,seraphim,clones
wings,wintertide,gifted birds,clones
wings,wizard,witch,clones
wings,wizarding school,magical soccer,clones
wings,wolf,werechicken,clones
winter,woman,snow-maiden,clones
wintertide,wintertide,krampus,clones
wintertide,wizard,frost mage,clones
wintertide,wizarding school,wraith,clones
wintertide,wolf,frost wolf,clones
wire,wood,bow,little-alchemy
wire,wool,steel wool,little-alchemy
witch,wizard,magic,infinite-craft
wizard,wizarding school,wizard headmaster,clones
wizard,wolf,shapeshifter,clones
wizard,wood,wand,little-alchemy
wizard,zombie,necromancer,clones
wizarding school,wolf,professor werewolf,clones
wolf,wolf,wolf pack,infinite-craft
woman,yogurt,diet,clones
woman,zombie,zombie,clones
wood,wood,wall,little-alchemy
wood,worms,woodworms,clones
woodpecker,woodpecker,egg,little-alchemy
worm,yarn,silk,clones
